0 0.0011
1 0.0011
2 0.0011
3 0.0011
4 0.0011
5 0.0011
6 0.0011
7 0.0011
8 0.0022
9 0.0022
10 0.0033
11 0.0044
12 0.0044
13 0.0056
14 0.0067
15 0.0067
16 0.0067
17 0.0078
18 0.0078
19 0.0078
20 0.0078
21 0.0078
22 0.0089
23 0.0100
24 0.0111
25 0.0111
26 0.0111
27 0.0111
28 0.0122
29 0.0133
30 0.0133
31 0.0144
32 0.0156
33 0.0156
34 0.0156
35 0.0156
36 0.0156
37 0.0156
38 0.0167
39 0.0167
40 0.0167
41 0.0167
42 0.0167
43 0.0167
44 0.0178
45 0.0189
46 0.0189
47 0.0200
48 0.0200
49 0.0211
50 0.0211
51 0.0211
52 0.0211
53 0.0211
54 0.0211
55 0.0211
56 0.0211
57 0.0211
58 0.0222
59 0.0233
60 0.0244
61 0.0256
62 0.0256
63 0.0256
64 0.0256
65 0.0256
66 0.0256
67 0.0267
68 0.0267
69 0.0267
70 0.0278
71 0.0278
72 0.0278
73 0.0278
74 0.0278
75 0.0289
76 0.0300
77 0.0300
78 0.0300
79 0.0300
80 0.0300
81 0.0311
82 0.0311
83 0.0311
84 0.0311
85 0.0311
86 0.0311
87 0.0311
88 0.0311
89 0.0311
90 0.0311
91 0.0322
92 0.0322
93 0.0333
94 0.0333
95 0.0333
96 0.0333
97 0.0333
98 0.0333
99 0.0344
100 0.0344
101 0.0344
102 0.0344
103 0.0344
104 0.0344
105 0.0344
106 0.0344
107 0.0344
108 0.0344
109 0.0344
110 0.0344
111 0.0344
112 0.0344
113 0.0344
114 0.0344
115 0.0356
116 0.0367
117 0.0367
118 0.0378
119 0.0378
120 0.0389
121 0.0389
122 0.0389
123 0.0389
124 0.0389
125 0.0389
126 0.0389
127 0.0389
128 0.0389
129 0.0389
130 0.0389
131 0.0389
132 0.0400
133 0.0400
134 0.0411
135 0.0411
136 0.0411
137 0.0411
138 0.0411
139 0.0411
140 0.0411
141 0.0422
142 0.0422
143 0.0422
144 0.0433
145 0.0433
146 0.0444
147 0.0444
148 0.0444
149 0.0456
150 0.0456
151 0.0456
152 0.0456
153 0.0456
154 0.0456
155 0.0467
156 0.0478
157 0.0478
158 0.0489
159 0.0489
160 0.0489
161 0.0489
162 0.0489
163 0.0489
164 0.0500
165 0.0500
166 0.0500
167 0.0500
168 0.0500
169 0.0511
170 0.0511
171 0.0511
172 0.0511
173 0.0511
174 0.0511
175 0.0511
176 0.0511
177 0.0511
178 0.0522
179 0.0522
180 0.0522
181 0.0522
182 0.0533
183 0.0533
184 0.0533
185 0.0544
186 0.0556
187 0.0567
188 0.0578
189 0.0578
190 0.0578
191 0.0589
192 0.0589
193 0.0589
194 0.0589
195 0.0589
196 0.0589
197 0.0589
198 0.0589
199 0.0589
200 0.0589
201 0.0589
202 0.0589
203 0.0589
204 0.0600
205 0.0600
206 0.0600
207 0.0600
208 0.0600
209 0.0611
210 0.0622
211 0.0622
212 0.0633
213 0.0633
214 0.0633
215 0.0633
216 0.0633
217 0.0633
218 0.0633
219 0.0633
220 0.0633
221 0.0644
222 0.0644
223 0.0644
224 0.0644
225 0.0644
226 0.0644
227 0.0644
228 0.0644
229 0.0644
230 0.0656
231 0.0656
232 0.0656
233 0.0656
234 0.0667
235 0.0667
236 0.0667
237 0.0667
238 0.0667
239 0.0667
240 0.0667
241 0.0678
242 0.0678
243 0.0678
244 0.0689
245 0.0689
246 0.0689
247 0.0689
248 0.0689
249 0.0700
250 0.0711
251 0.0711
252 0.0711
253 0.0722
254 0.0722
255 0.0722
256 0.0733
257 0.0733
258 0.0733
259 0.0733
260 0.0733
261 0.0733
262 0.0744
263 0.0756
264 0.0767
265 0.0767
266 0.0778
267 0.0778
268 0.0778
269 0.0778
270 0.0789
271 0.0800
272 0.0800
273 0.0800
274 0.0811
275 0.0811
276 0.0811
277 0.0822
278 0.0822
279 0.0833
280 0.0833
281 0.0833
282 0.0833
283 0.0833
284 0.0833
285 0.0833
286 0.0833
287 0.0833
288 0.0833
289 0.0833
290 0.0833
291 0.0844
292 0.0856
293 0.0867
294 0.0878
295 0.0878
296 0.0878
297 0.0878
298 0.0878
299 0.0878
300 0.0878
301 0.0878
302 0.0878
303 0.0889
304 0.0889
305 0.0889
306 0.0889
307 0.0889
308 0.0889
309 0.0900
310 0.0900
311 0.0900
312 0.0900
313 0.0911
314 0.0911
315 0.0911
316 0.0911
317 0.0911
318 0.0911
319 0.0922
320 0.0933
321 0.0944
322 0.0956
323 0.0956
324 0.0956
325 0.0956
326 0.0956
327 0.0956
328 0.0956
329 0.0956
330 0.0956
331 0.0956
332 0.0956
333 0.0956
334 0.0956
335 0.0956
336 0.0967
337 0.0967
338 0.0978
339 0.0989
340 0.1000
341 0.1000
342 0.1011
343 0.1011
344 0.1022
345 0.1022
346 0.1022
347 0.1022
348 0.1033
349 0.1033
350 0.1033
351 0.1033
352 0.1044
353 0.1044
354 0.1044
355 0.1044
356 0.1056
357 0.1056
358 0.1056
359 0.1056
360 0.1067
361 0.1067
362 0.1067
363 0.1067
364 0.1067
365 0.1067
366 0.1067
367 0.1067
368 0.1067
369 0.1078
370 0.1089
371 0.1089
372 0.1100
373 0.1100
374 0.1100
375 0.1100
376 0.1100
377 0.1100
378 0.1100
379 0.1100
380 0.1100
381 0.1111
382 0.1111
383 0.1111
384 0.1122
385 0.1122
386 0.1122
387 0.1122
388 0.1133
389 0.1133
390 0.1133
391 0.1133
392 0.1133
393 0.1133
394 0.1133
395 0.1144
396 0.1144
397 0.1144
398 0.1144
399 0.1144
400 0.1144
401 0.1156
402 0.1156
403 0.1156
404 0.1156
405 0.1167
406 0.1178
407 0.1189
408 0.1200
409 0.1211
410 0.1211
411 0.1211
412 0.1211
413 0.1211
414 0.1211
415 0.1222
416 0.1222
417 0.1222
418 0.1222
419 0.1233
420 0.1244
421 0.1244
422 0.1244
423 0.1244
424 0.1244
425 0.1244
426 0.1244
427 0.1256
428 0.1256
429 0.1256
430 0.1256
431 0.1267
432 0.1267
433 0.1278
434 0.1278
435 0.1278
436 0.1278
437 0.1278
438 0.1289
439 0.1289
440 0.1289
441 0.1289
442 0.1289
443 0.1289
444 0.1300
445 0.1300
446 0.1300
447 0.1300
448 0.1300
449 0.1300
450 0.1300
451 0.1300
452 0.1300
453 0.1311
454 0.1322
455 0.1322
456 0.1333
457 0.1333
458 0.1333
459 0.1333
460 0.1344
461 0.1344
462 0.1344
463 0.1356
464 0.1356
465 0.1356
466 0.1367
467 0.1367
468 0.1367
469 0.1367
470 0.1367
471 0.1378
472 0.1378
473 0.1378
474 0.1378
475 0.1389
476 0.1389
477 0.1389
478 0.1389
479 0.1389
480 0.1400
481 0.1411
482 0.1422
483 0.1422
484 0.1433
485 0.1433
486 0.1433
487 0.1433
488 0.1444
489 0.1444
490 0.1444
491 0.1444
492 0.1456
493 0.1467
494 0.1467
495 0.1467
496 0.1478
497 0.1478
498 0.1478
499 0.1478
500 0.1478
501 0.1489
502 0.1489
503 0.1489
504 0.1489
505 0.1500
506 0.1500
507 0.1500
508 0.1511
509 0.1511
510 0.1511
511 0.1511
512 0.1511
513 0.1511
514 0.1511
515 0.1522
516 0.1522
517 0.1533
518 0.1533
519 0.1533
520 0.1533
521 0.1544
522 0.1544
523 0.1544
524 0.1544
525 0.1544
526 0.1556
527 0.1556
528 0.1556
529 0.1556
530 0.1556
531 0.1556
532 0.1556
533 0.1556
534 0.1556
535 0.1556
536 0.1567
537 0.1567
538 0.1567
539 0.1567
540 0.1567
541 0.1567
542 0.1567
543 0.1578
544 0.1578
545 0.1589
546 0.1589
547 0.1600
548 0.1600
549 0.1611
550 0.1622
551 0.1622
552 0.1622
553 0.1622
554 0.1622
555 0.1622
556 0.1622
557 0.1633
558 0.1633
559 0.1633
560 0.1633
561 0.1644
562 0.1644
563 0.1644
564 0.1656
565 0.1656
566 0.1656
567 0.1656
568 0.1667
569 0.1678
570 0.1678
571 0.1678
572 0.1678
573 0.1678
574 0.1689
575 0.1689
576 0.1689
577 0.1689
578 0.1689
579 0.1689
580 0.1700
581 0.1700
582 0.1700
583 0.1700
584 0.1700
585 0.1700
586 0.1700
587 0.1700
588 0.1700
589 0.1711
590 0.1722
591 0.1722
592 0.1722
593 0.1733
594 0.1733
595 0.1733
596 0.1744
597 0.1744
598 0.1756
599 0.1756
600 0.1756
601 0.1756
602 0.1756
603 0.1767
604 0.1767
605 0.1767
606 0.1767
607 0.1767
608 0.1778
609 0.1789
610 0.1789
611 0.1789
612 0.1789
613 0.1789
614 0.1789
615 0.1789
616 0.1789
617 0.1789
618 0.1789
619 0.1800
620 0.1800
621 0.1800
622 0.1800
623 0.1800
624 0.1800
625 0.1800
626 0.1800
627 0.1811
628 0.1811
629 0.1811
630 0.1811
631 0.1811
632 0.1811
633 0.1811
634 0.1822
635 0.1833
636 0.1844
637 0.1844
638 0.1844
639 0.1844
640 0.1844
641 0.1844
642 0.1844
643 0.1856
644 0.1856
645 0.1867
646 0.1867
647 0.1867
648 0.1867
649 0.1867
650 0.1867
651 0.1867
652 0.1867
653 0.1867
654 0.1867
655 0.1867
656 0.1867
657 0.1867
658 0.1867
659 0.1867
660 0.1867
661 0.1867
662 0.1878
663 0.1878
664 0.1878
665 0.1878
666 0.1878
667 0.1878
668 0.1878
669 0.1889
670 0.1889
671 0.1889
672 0.1889
673 0.1889
674 0.1889
675 0.1889
676 0.1889
677 0.1889
678 0.1889
679 0.1889
680 0.1889
681 0.1889
682 0.1889
683 0.1889
684 0.1889
685 0.1889
686 0.1889
687 0.1889
688 0.1889
689 0.1889
690 0.1900
691 0.1911
692 0.1922
693 0.1922
694 0.1922
695 0.1933
696 0.1933
697 0.1933
698 0.1944
699 0.1956
700 0.1956
701 0.1956
702 0.1967
703 0.1967
704 0.1978
705 0.1978
706 0.1989
707 0.2000
708 0.2000
709 0.2000
710 0.2000
711 0.2011
712 0.2011
713 0.2011
714 0.2011
715 0.2011
716 0.2011
717 0.2022
718 0.2033
719 0.2033
720 0.2033
721 0.2033
722 0.2033
723 0.2044
724 0.2044
725 0.2044
726 0.2044
727 0.2044
728 0.2044
729 0.2044
730 0.2056
731 0.2056
732 0.2056
733 0.2056
734 0.2056
735 0.2067
736 0.2067
737 0.2078
738 0.2089
739 0.2100
740 0.2100
741 0.2111
742 0.2111
743 0.2111
744 0.2111
745 0.2122
746 0.2122
747 0.2122
748 0.2122
749 0.2122
750 0.2122
751 0.2133
752 0.2133
753 0.2133
754 0.2133
755 0.2144
756 0.2144
757 0.2144
758 0.2156
759 0.2156
760 0.2156
761 0.2156
762 0.2156
763 0.2156
764 0.2156
765 0.2167
766 0.2167
767 0.2167
768 0.2167
769 0.2178
770 0.2178
771 0.2178
772 0.2178
773 0.2189
774 0.2189
775 0.2189
776 0.2189
777 0.2189
778 0.2189
779 0.2189
780 0.2189
781 0.2189
782 0.2189
783 0.2200
784 0.2200
785 0.2200
786 0.2211
787 0.2211
788 0.2211
789 0.2222
790 0.2222
791 0.2233
792 0.2233
793 0.2233
794 0.2233
795 0.2233
796 0.2233
797 0.2244
798 0.2244
799 0.2256
800 0.2267
801 0.2278
802 0.2278
803 0.2278
804 0.2289
805 0.2289
806 0.2289
807 0.2289
808 0.2300
809 0.2300
810 0.2300
811 0.2300
812 0.2300
813 0.2311
814 0.2322
815 0.2322
816 0.2322
817 0.2322
818 0.2322
819 0.2322
820 0.2322
821 0.2322
822 0.2322
823 0.2322
824 0.2322
825 0.2322
826 0.2322
827 0.2322
828 0.2322
829 0.2322
830 0.2322
831 0.2322
832 0.2322
833 0.2322
834 0.2322
835 0.2322
836 0.2322
837 0.2322
838 0.2333
839 0.2333
840 0.2333
841 0.2344
842 0.2356
843 0.2356
844 0.2356
845 0.2367
846 0.2378
847 0.2389
848 0.2389
849 0.2389
850 0.2389
851 0.2389
852 0.2389
853 0.2400
854 0.2411
855 0.2411
856 0.2411
857 0.2411
858 0.2422
859 0.2422
860 0.2422
861 0.2422
862 0.2422
863 0.2433
864 0.2433
865 0.2433
866 0.2433
867 0.2433
868 0.2433
869 0.2433
870 0.2444
871 0.2456
872 0.2456
873 0.2456
874 0.2456
875 0.2467
876 0.2467
877 0.2478
878 0.2478
879 0.2478
880 0.2478
881 0.2478
882 0.2478
883 0.2478
884 0.2478
885 0.2489
886 0.2500
887 0.2500
888 0.2511
889 0.2511
890 0.2511
891 0.2522
892 0.2522
893 0.2522
894 0.2522
895 0.2533
896 0.2544
897 0.2556
898 0.2556
899 0.2556
900 0.2556
901 0.2556
902 0.2556
903 0.2556
904 0.2556
905 0.2556
906 0.2567
907 0.2567
908 0.2567
909 0.2567
910 0.2578
911 0.2578
912 0.2578
913 0.2578
914 0.2578
915 0.2578
916 0.2578
917 0.2578
918 0.2589
919 0.2589
920 0.2600
921 0.2600
922 0.2600
923 0.2611
924 0.2611
925 0.2611
926 0.2611
927 0.2611
928 0.2611
929 0.2611
930 0.2611
931 0.2611
932 0.2611
933 0.2611
934 0.2611
935 0.2611
936 0.2611
937 0.2611
938 0.2622
939 0.2622
940 0.2622
941 0.2622
942 0.2622
943 0.2622
944 0.2622
945 0.2622
946 0.2622
947 0.2622
948 0.2622
949 0.2622
950 0.2622
951 0.2633
952 0.2644
953 0.2644
954 0.2644
955 0.2644
956 0.2644
957 0.2644
958 0.2644
959 0.2644
960 0.2644
961 0.2656
962 0.2656
963 0.2656
964 0.2667
965 0.2678
966 0.2689
967 0.2689
968 0.2700
969 0.2711
970 0.2722
971 0.2722
972 0.2722
973 0.2722
974 0.2722
975 0.2722
976 0.2733
977 0.2733
978 0.2733
979 0.2744
980 0.2744
981 0.2744
982 0.2744
983 0.2744
984 0.2756
985 0.2756
986 0.2756
987 0.2756
988 0.2756
989 0.2767
990 0.2767
991 0.2767
992 0.2767
993 0.2778
994 0.2789
995 0.2789
996 0.2789
997 0.2800
998 0.2800
999 0.2800
1000 0.2800
1001 0.2800
1002 0.2811
1003 0.2811
1004 0.2811
1005 0.2811
1006 0.2811
1007 0.2811
1008 0.2811
1009 0.2811
1010 0.2811
1011 0.2811
1012 0.2811
1013 0.2811
1014 0.2811
1015 0.2811
1016 0.2822
1017 0.2822
1018 0.2822
1019 0.2822
1020 0.2822
1021 0.2822
1022 0.2822
1023 0.2822
1024 0.2822
1025 0.2822
1026 0.2833
1027 0.2833
1028 0.2833
1029 0.2833
1030 0.2833
1031 0.2833
1032 0.2844
1033 0.2856
1034 0.2856
1035 0.2856
1036 0.2867
1037 0.2867
1038 0.2867
1039 0.2867
1040 0.2867
1041 0.2878
1042 0.2889
1043 0.2889
1044 0.2889
1045 0.2889
1046 0.2889
1047 0.2889
1048 0.2889
1049 0.2900
1050 0.2900
1051 0.2900
1052 0.2911
1053 0.2911
1054 0.2911
1055 0.2911
1056 0.2911
1057 0.2922
1058 0.2922
1059 0.2922
1060 0.2922
1061 0.2922
1062 0.2922
1063 0.2922
1064 0.2933
1065 0.2933
1066 0.2933
1067 0.2933
1068 0.2933
1069 0.2933
1070 0.2933
1071 0.2933
1072 0.2933
1073 0.2944
1074 0.2956
1075 0.2956
1076 0.2956
1077 0.2956
1078 0.2956
1079 0.2956
1080 0.2967
1081 0.2967
1082 0.2967
1083 0.2967
1084 0.2978
1085 0.2978
1086 0.2978
1087 0.2978
1088 0.2978
1089 0.2989
1090 0.2989
1091 0.3000
1092 0.3011
1093 0.3011
1094 0.3011
1095 0.3011
1096 0.3011
1097 0.3022
1098 0.3022
1099 0.3022
1100 0.3022
1101 0.3022
1102 0.3022
1103 0.3022
1104 0.3033
1105 0.3044
1106 0.3044
1107 0.3044
1108 0.3044
1109 0.3044
1110 0.3044
1111 0.3044
1112 0.3044
1113 0.3056
1114 0.3056
1115 0.3056
1116 0.3056
1117 0.3067
1118 0.3078
1119 0.3078
1120 0.3078
1121 0.3078
1122 0.3089
1123 0.3089
1124 0.3089
1125 0.3089
1126 0.3089
1127 0.3089
1128 0.3100
1129 0.3100
1130 0.3100
1131 0.3100
1132 0.3100
1133 0.3100
1134 0.3111
1135 0.3111
1136 0.3111
1137 0.3111
1138 0.3111
1139 0.3122
1140 0.3122
1141 0.3122
1142 0.3122
1143 0.3122
1144 0.3122
1145 0.3122
1146 0.3122
1147 0.3122
1148 0.3133
1149 0.3133
1150 0.3144
1151 0.3144
1152 0.3156
1153 0.3156
1154 0.3156
1155 0.3167
1156 0.3167
1157 0.3167
1158 0.3178
1159 0.3178
1160 0.3178
1161 0.3178
1162 0.3189
1163 0.3189
1164 0.3189
1165 0.3189
1166 0.3189
1167 0.3189
1168 0.3200
1169 0.3211
1170 0.3211
1171 0.3222
1172 0.3222
1173 0.3222
1174 0.3222
1175 0.3233
1176 0.3233
1177 0.3233
1178 0.3233
1179 0.3233
1180 0.3233
1181 0.3233
1182 0.3233
1183 0.3233
1184 0.3233
1185 0.3233
1186 0.3233
1187 0.3233
1188 0.3233
1189 0.3233
1190 0.3244
1191 0.3244
1192 0.3256
1193 0.3256
1194 0.3256
1195 0.3256
1196 0.3256
1197 0.3256
1198 0.3256
1199 0.3267
1200 0.3267
1201 0.3267
1202 0.3267
1203 0.3267
1204 0.3267
1205 0.3267
1206 0.3267
1207 0.3267
1208 0.3267
1209 0.3267
1210 0.3267
1211 0.3278
1212 0.3278
1213 0.3278
1214 0.3289
1215 0.3289
1216 0.3289
1217 0.3289
1218 0.3289
1219 0.3289
1220 0.3289
1221 0.3289
1222 0.3289
1223 0.3300
1224 0.3300
1225 0.3300
1226 0.3300
1227 0.3300
1228 0.3300
1229 0.3300
1230 0.3300
1231 0.3311
1232 0.3322
1233 0.3322
1234 0.3322
1235 0.3322
1236 0.3322
1237 0.3333
1238 0.3333
1239 0.3344
1240 0.3356
1241 0.3356
1242 0.3356
1243 0.3356
1244 0.3356
1245 0.3367
1246 0.3367
1247 0.3367
1248 0.3367
1249 0.3367
1250 0.3367
1251 0.3367
1252 0.3367
1253 0.3378
1254 0.3378
1255 0.3389
1256 0.3400
1257 0.3400
1258 0.3400
1259 0.3400
1260 0.3411
1261 0.3411
1262 0.3411
1263 0.3411
1264 0.3411
1265 0.3411
1266 0.3411
1267 0.3411
1268 0.3411
1269 0.3411
1270 0.3411
1271 0.3422
1272 0.3433
1273 0.3444
1274 0.3444
1275 0.3444
1276 0.3444
1277 0.3444
1278 0.3444
1279 0.3444
1280 0.3444
1281 0.3444
1282 0.3456
1283 0.3456
1284 0.3456
1285 0.3456
1286 0.3456
1287 0.3456
1288 0.3456
1289 0.3456
1290 0.3456
1291 0.3456
1292 0.3456
1293 0.3456
1294 0.3467
1295 0.3467
1296 0.3467
1297 0.3467
1298 0.3467
1299 0.3467
1300 0.3467
1301 0.3467
1302 0.3467
1303 0.3467
1304 0.3467
1305 0.3478
1306 0.3478
1307 0.3489
1308 0.3489
1309 0.3500
1310 0.3500
1311 0.3500
1312 0.3500
1313 0.3500
1314 0.3500
1315 0.3500
1316 0.3500
1317 0.3500
1318 0.3511
1319 0.3511
1320 0.3511
1321 0.3511
1322 0.3522
1323 0.3522
1324 0.3522
1325 0.3533
1326 0.3533
1327 0.3533
1328 0.3533
1329 0.3533
1330 0.3533
1331 0.3533
1332 0.3533
1333 0.3533
1334 0.3533
1335 0.3533
1336 0.3533
1337 0.3533
1338 0.3533
1339 0.3533
1340 0.3544
1341 0.3544
1342 0.3544
1343 0.3556
1344 0.3556
1345 0.3556
1346 0.3556
1347 0.3556
1348 0.3556
1349 0.3556
1350 0.3567
1351 0.3567
1352 0.3567
1353 0.3578
1354 0.3578
1355 0.3578
1356 0.3578
1357 0.3589
1358 0.3600
1359 0.3600
1360 0.3600
1361 0.3600
1362 0.3611
1363 0.3611
1364 0.3611
1365 0.3611
1366 0.3611
1367 0.3611
1368 0.3622
1369 0.3622
1370 0.3622
1371 0.3622
1372 0.3633
1373 0.3633
1374 0.3633
1375 0.3644
1376 0.3644
1377 0.3656
1378 0.3667
1379 0.3667
1380 0.3667
1381 0.3667
1382 0.3667
1383 0.3678
1384 0.3678
1385 0.3678
1386 0.3678
1387 0.3678
1388 0.3678
1389 0.3678
1390 0.3689
1391 0.3689
1392 0.3689
1393 0.3700
1394 0.3711
1395 0.3711
1396 0.3711
1397 0.3711
1398 0.3711
1399 0.3722
1400 0.3722
1401 0.3722
1402 0.3722
1403 0.3722
1404 0.3722
1405 0.3722
1406 0.3722
1407 0.3722
1408 0.3733
1409 0.3733
1410 0.3733
1411 0.3744
1412 0.3744
1413 0.3744
1414 0.3744
1415 0.3744
1416 0.3744
1417 0.3744
1418 0.3744
1419 0.3756
1420 0.3756
1421 0.3756
1422 0.3767
1423 0.3767
1424 0.3767
1425 0.3767
1426 0.3767
1427 0.3767
1428 0.3767
1429 0.3767
1430 0.3767
1431 0.3767
1432 0.3767
1433 0.3767
1434 0.3767
1435 0.3767
1436 0.3767
1437 0.3767
1438 0.3767
1439 0.3767
1440 0.3778
1441 0.3778
1442 0.3778
1443 0.3778
1444 0.3778
1445 0.3778
1446 0.3789
1447 0.3789
1448 0.3789
1449 0.3800
1450 0.3811
1451 0.3811
1452 0.3811
1453 0.3811
1454 0.3822
1455 0.3833
1456 0.3844
1457 0.3844
1458 0.3844
1459 0.3844
1460 0.3844
1461 0.3856
1462 0.3867
1463 0.3867
1464 0.3878
1465 0.3878
1466 0.3878
1467 0.3889
1468 0.3889
1469 0.3900
1470 0.3900
1471 0.3900
1472 0.3900
1473 0.3900
1474 0.3900
1475 0.3900
1476 0.3911
1477 0.3911
1478 0.3922
1479 0.3922
1480 0.3922
1481 0.3922
1482 0.3933
1483 0.3944
1484 0.3944
1485 0.3944
1486 0.3944
1487 0.3956
1488 0.3956
1489 0.3956
1490 0.3967
1491 0.3967
1492 0.3967
1493 0.3967
1494 0.3967
1495 0.3967
1496 0.3967
1497 0.3967
1498 0.3967
1499 0.3978
1500 0.3978
1501 0.3978
1502 0.3978
1503 0.3978
1504 0.3978
1505 0.3978
1506 0.3978
1507 0.3978
1508 0.3978
1509 0.3978
1510 0.3978
1511 0.3978
1512 0.3978
1513 0.3978
1514 0.3989
1515 0.3989
1516 0.3989
1517 0.3989
1518 0.3989
1519 0.3989
1520 0.4000
1521 0.4011
1522 0.4011
1523 0.4011
1524 0.4011
1525 0.4011
1526 0.4011
1527 0.4011
1528 0.4022
1529 0.4022
1530 0.4033
1531 0.4033
1532 0.4044
1533 0.4044
1534 0.4044
1535 0.4044
1536 0.4056
1537 0.4056
1538 0.4056
1539 0.4056
1540 0.4067
1541 0.4067
1542 0.4067
1543 0.4067
1544 0.4067
1545 0.4067
1546 0.4067
1547 0.4067
1548 0.4067
1549 0.4067
1550 0.4067
1551 0.4078
1552 0.4089
1553 0.4100
1554 0.4111
1555 0.4111
1556 0.4111
1557 0.4111
1558 0.4111
1559 0.4111
1560 0.4111
1561 0.4111
1562 0.4122
1563 0.4122
1564 0.4133
1565 0.4133
1566 0.4133
1567 0.4133
1568 0.4133
1569 0.4144
1570 0.4144
1571 0.4144
1572 0.4144
1573 0.4144
1574 0.4144
1575 0.4144
1576 0.4144
1577 0.4144
1578 0.4144
1579 0.4156
1580 0.4156
1581 0.4156
1582 0.4156
1583 0.4167
1584 0.4178
1585 0.4189
1586 0.4189
1587 0.4189
1588 0.4189
1589 0.4189
1590 0.4189
1591 0.4189
1592 0.4189
1593 0.4189
1594 0.4189
1595 0.4189
1596 0.4189
1597 0.4189
1598 0.4189
1599 0.4189
1600 0.4189
1601 0.4189
1602 0.4189
1603 0.4189
1604 0.4189
1605 0.4200
1606 0.4200
1607 0.4211
1608 0.4222
1609 0.4222
1610 0.4222
1611 0.4233
1612 0.4233
1613 0.4233
1614 0.4233
1615 0.4233
1616 0.4233
1617 0.4233
1618 0.4233
1619 0.4244
1620 0.4244
1621 0.4244
1622 0.4244
1623 0.4244
1624 0.4244
1625 0.4244
1626 0.4244
1627 0.4244
1628 0.4256
1629 0.4267
1630 0.4267
1631 0.4267
1632 0.4267
1633 0.4267
1634 0.4278
1635 0.4278
1636 0.4278
1637 0.4278
1638 0.4278
1639 0.4278
1640 0.4278
1641 0.4278
1642 0.4289
1643 0.4289
1644 0.4289
1645 0.4289
1646 0.4289
1647 0.4300
1648 0.4300
1649 0.4300
1650 0.4300
1651 0.4311
1652 0.4322
1653 0.4333
1654 0.4333
1655 0.4333
1656 0.4344
1657 0.4344
1658 0.4344
1659 0.4344
1660 0.4344
1661 0.4344
1662 0.4344
1663 0.4344
1664 0.4344
1665 0.4344
1666 0.4344
1667 0.4344
1668 0.4344
1669 0.4344
1670 0.4344
1671 0.4344
1672 0.4344
1673 0.4344
1674 0.4344
1675 0.4344
1676 0.4344
1677 0.4344
1678 0.4344
1679 0.4344
1680 0.4344
1681 0.4344
1682 0.4344
1683 0.4344
1684 0.4344
1685 0.4344
1686 0.4344
1687 0.4344
1688 0.4344
1689 0.4344
1690 0.4344
1691 0.4344
1692 0.4344
1693 0.4344
1694 0.4344
1695 0.4356
1696 0.4356
1697 0.4356
1698 0.4356
1699 0.4367
1700 0.4367
1701 0.4367
1702 0.4367
1703 0.4367
1704 0.4367
1705 0.4367
1706 0.4367
1707 0.4378
1708 0.4378
1709 0.4378
1710 0.4389
1711 0.4389
1712 0.4389
1713 0.4400
1714 0.4411
1715 0.4411
1716 0.4411
1717 0.4411
1718 0.4411
1719 0.4411
1720 0.4422
1721 0.4422
1722 0.4422
1723 0.4422
1724 0.4422
1725 0.4422
1726 0.4422
1727 0.4433
1728 0.4444
1729 0.4444
1730 0.4444
1731 0.4444
1732 0.4444
1733 0.4444
1734 0.4444
1735 0.4444
1736 0.4444
1737 0.4444
1738 0.4444
1739 0.4456
1740 0.4467
1741 0.4467
1742 0.4467
1743 0.4467
1744 0.4467
1745 0.4467
1746 0.4467
1747 0.4478
1748 0.4478
1749 0.4478
1750 0.4478
1751 0.4478
1752 0.4478
1753 0.4478
1754 0.4489
1755 0.4500
1756 0.4511
1757 0.4511
1758 0.4522
1759 0.4522
1760 0.4522
1761 0.4522
1762 0.4522
1763 0.4522
1764 0.4522
1765 0.4522
1766 0.4533
1767 0.4533
1768 0.4533
1769 0.4533
1770 0.4533
1771 0.4533
1772 0.4533
1773 0.4533
1774 0.4533
1775 0.4533
1776 0.4533
1777 0.4533
1778 0.4533
1779 0.4533
1780 0.4533
1781 0.4533
1782 0.4533
1783 0.4533
1784 0.4533
1785 0.4533
1786 0.4533
1787 0.4544
1788 0.4544
1789 0.4544
1790 0.4544
1791 0.4544
1792 0.4544
1793 0.4544
1794 0.4544
1795 0.4544
1796 0.4544
1797 0.4544
1798 0.4544
1799 0.4544
1800 0.4544
1801 0.4544
1802 0.4556
1803 0.4556
1804 0.4556
1805 0.4556
1806 0.4556
1807 0.4556
1808 0.4556
1809 0.4556
1810 0.4567
1811 0.4567
1812 0.4567
1813 0.4567
1814 0.4567
1815 0.4567
1816 0.4578
1817 0.4578
1818 0.4589
1819 0.4600
1820 0.4600
1821 0.4600
1822 0.4600
1823 0.4600
1824 0.4600
1825 0.4600
1826 0.4600
1827 0.4600
1828 0.4600
1829 0.4600
1830 0.4600
1831 0.4600
1832 0.4600
1833 0.4600
1834 0.4600
1835 0.4600
1836 0.4600
1837 0.4600
1838 0.4600
1839 0.4600
1840 0.4600
1841 0.4600
1842 0.4600
1843 0.4600
1844 0.4600
1845 0.4600
1846 0.4600
1847 0.4600
1848 0.4600
1849 0.4600
1850 0.4600
1851 0.4600
1852 0.4600
1853 0.4600
1854 0.4600
1855 0.4600
1856 0.4600
1857 0.4611
1858 0.4611
1859 0.4611
1860 0.4611
1861 0.4611
1862 0.4611
1863 0.4622
1864 0.4622
1865 0.4622
1866 0.4622
1867 0.4622
1868 0.4622
1869 0.4622
1870 0.4622
1871 0.4622
1872 0.4622
1873 0.4622
1874 0.4622
1875 0.4622
1876 0.4633
1877 0.4633
1878 0.4633
1879 0.4633
1880 0.4633
1881 0.4633
1882 0.4633
1883 0.4633
1884 0.4633
1885 0.4633
1886 0.4633
1887 0.4633
1888 0.4644
1889 0.4644
1890 0.4644
1891 0.4644
1892 0.4644
1893 0.4644
1894 0.4644
1895 0.4644
1896 0.4644
1897 0.4644
1898 0.4656
1899 0.4656
1900 0.4656
1901 0.4667
1902 0.4667
1903 0.4667
1904 0.4667
1905 0.4667
1906 0.4667
1907 0.4667
1908 0.4667
1909 0.4667
1910 0.4667
1911 0.4667
1912 0.4667
1913 0.4667
1914 0.4667
1915 0.4667
1916 0.4667
1917 0.4667
1918 0.4667
1919 0.4678
1920 0.4678
1921 0.4678
1922 0.4678
1923 0.4678
1924 0.4678
1925 0.4678
1926 0.4678
1927 0.4678
1928 0.4678
1929 0.4678
1930 0.4678
1931 0.4689
1932 0.4700
1933 0.4700
1934 0.4700
1935 0.4700
1936 0.4700
1937 0.4700
1938 0.4700
1939 0.4711
1940 0.4711
1941 0.4711
1942 0.4711
1943 0.4711
1944 0.4711
1945 0.4711
1946 0.4711
1947 0.4711
1948 0.4711
1949 0.4711
1950 0.4711
1951 0.4711
1952 0.4711
1953 0.4711
1954 0.4711
1955 0.4711
1956 0.4711
1957 0.4711
1958 0.4711
1959 0.4722
1960 0.4722
1961 0.4722
1962 0.4733
1963 0.4733
1964 0.4733
1965 0.4733
1966 0.4733
1967 0.4733
1968 0.4733
1969 0.4733
1970 0.4733
1971 0.4733
1972 0.4733
1973 0.4733
1974 0.4733
1975 0.4733
1976 0.4733
1977 0.4733
1978 0.4733
1979 0.4733
1980 0.4733
1981 0.4744
1982 0.4744
1983 0.4744
1984 0.4744
1985 0.4744
1986 0.4756
1987 0.4756
1988 0.4756
1989 0.4756
1990 0.4756
1991 0.4767
1992 0.4767
1993 0.4767
1994 0.4778
1995 0.4789
1996 0.4789
1997 0.4800
1998 0.4800
1999 0.4811
2000 0.4811
2001 0.4811
2002 0.4811
2003 0.4811
2004 0.4811
2005 0.4822
2006 0.4822
2007 0.4822
2008 0.4822
2009 0.4822
2010 0.4822
2011 0.4822
2012 0.4822
2013 0.4833
2014 0.4833
2015 0.4833
2016 0.4833
2017 0.4833
2018 0.4833
2019 0.4833
2020 0.4844
2021 0.4844
2022 0.4844
2023 0.4844
2024 0.4856
2025 0.4856
2026 0.4856
2027 0.4856
2028 0.4856
2029 0.4856
2030 0.4856
2031 0.4867
2032 0.4878
2033 0.4878
2034 0.4878
2035 0.4878
2036 0.4878
2037 0.4878
2038 0.4878
2039 0.4878
2040 0.4878
2041 0.4878
2042 0.4878
2043 0.4878
2044 0.4878
2045 0.4878
2046 0.4878
2047 0.4878
2048 0.4878
2049 0.4878
2050 0.4878
2051 0.4889
2052 0.4889
2053 0.4889
2054 0.4889
2055 0.4900
2056 0.4900
2057 0.4900
2058 0.4900
2059 0.4900
2060 0.4900
2061 0.4900
2062 0.4911
2063 0.4911
2064 0.4911
2065 0.4911
2066 0.4911
2067 0.4911
2068 0.4911
2069 0.4911
2070 0.4911
2071 0.4911
2072 0.4911
2073 0.4911
2074 0.4911
2075 0.4911
2076 0.4911
2077 0.4911
2078 0.4911
2079 0.4911
2080 0.4911
2081 0.4911
2082 0.4911
2083 0.4911
2084 0.4922
2085 0.4922
2086 0.4922
2087 0.4922
2088 0.4922
2089 0.4922
2090 0.4922
2091 0.4922
2092 0.4922
2093 0.4922
2094 0.4922
2095 0.4922
2096 0.4922
2097 0.4922
2098 0.4922
2099 0.4922
2100 0.4922
2101 0.4922
2102 0.4922
2103 0.4922
2104 0.4922
2105 0.4922
2106 0.4922
2107 0.4922
2108 0.4922
2109 0.4922
2110 0.4922
2111 0.4922
2112 0.4922
2113 0.4922
2114 0.4933
2115 0.4933
2116 0.4933
2117 0.4944
2118 0.4944
2119 0.4956
2120 0.4956
2121 0.4956
2122 0.4956
2123 0.4956
2124 0.4956
2125 0.4956
2126 0.4967
2127 0.4967
2128 0.4978
2129 0.4978
2130 0.4978
2131 0.4978
2132 0.4978
2133 0.4978
2134 0.4978
2135 0.4989
2136 0.5000
2137 0.5000
2138 0.5000
2139 0.5000
2140 0.5000
2141 0.5000
2142 0.5000
2143 0.5000
2144 0.5000
2145 0.5011
2146 0.5011
2147 0.5022
2148 0.5022
2149 0.5022
2150 0.5022
2151 0.5033
2152 0.5033
2153 0.5033
2154 0.5033
2155 0.5033
2156 0.5033
2157 0.5044
2158 0.5044
2159 0.5044
2160 0.5044
2161 0.5044
2162 0.5044
2163 0.5044
2164 0.5056
2165 0.5056
2166 0.5056
2167 0.5056
2168 0.5067
2169 0.5078
2170 0.5078
2171 0.5078
2172 0.5078
2173 0.5078
2174 0.5089
2175 0.5089
2176 0.5089
2177 0.5089
2178 0.5089
2179 0.5089
2180 0.5089
2181 0.5089
2182 0.5089
2183 0.5089
2184 0.5089
2185 0.5100
2186 0.5100
2187 0.5100
2188 0.5100
2189 0.5100
2190 0.5100
2191 0.5100
2192 0.5100
2193 0.5100
2194 0.5100
2195 0.5100
2196 0.5100
2197 0.5100
2198 0.5100
2199 0.5100
2200 0.5100
2201 0.5100
2202 0.5111
2203 0.5111
2204 0.5111
2205 0.5111
2206 0.5111
2207 0.5111
2208 0.5111
2209 0.5111
2210 0.5111
2211 0.5111
2212 0.5111
2213 0.5111
2214 0.5111
2215 0.5122
2216 0.5122
2217 0.5122
2218 0.5133
2219 0.5144
2220 0.5144
2221 0.5144
2222 0.5144
2223 0.5144
2224 0.5144
2225 0.5144
2226 0.5144
2227 0.5144
2228 0.5144
2229 0.5144
2230 0.5144
2231 0.5144
2232 0.5144
2233 0.5144
2234 0.5144
2235 0.5144
2236 0.5144
2237 0.5144
2238 0.5156
2239 0.5167
2240 0.5167
2241 0.5167
2242 0.5167
2243 0.5167
2244 0.5167
2245 0.5167
2246 0.5167
2247 0.5167
2248 0.5167
2249 0.5178
2250 0.5178
2251 0.5178
2252 0.5178
2253 0.5189
2254 0.5189
2255 0.5200
2256 0.5211
2257 0.5211
2258 0.5211
2259 0.5222
2260 0.5222
2261 0.5222
2262 0.5222
2263 0.5233
2264 0.5233
2265 0.5233
2266 0.5233
2267 0.5233
2268 0.5233
2269 0.5233
2270 0.5233
2271 0.5233
2272 0.5233
2273 0.5233
2274 0.5233
2275 0.5233
2276 0.5233
2277 0.5233
2278 0.5233
2279 0.5233
2280 0.5244
2281 0.5244
2282 0.5244
2283 0.5244
2284 0.5244
2285 0.5244
2286 0.5244
2287 0.5244
2288 0.5244
2289 0.5256
2290 0.5256
2291 0.5256
2292 0.5256
2293 0.5267
2294 0.5267
2295 0.5267
2296 0.5267
2297 0.5267
2298 0.5267
2299 0.5267
2300 0.5267
2301 0.5267
2302 0.5267
2303 0.5267
2304 0.5267
2305 0.5267
2306 0.5267
2307 0.5267
2308 0.5267
2309 0.5267
2310 0.5267
2311 0.5267
2312 0.5267
2313 0.5267
2314 0.5267
2315 0.5267
2316 0.5267
2317 0.5267
2318 0.5267
2319 0.5267
2320 0.5267
2321 0.5267
2322 0.5267
2323 0.5267
2324 0.5267
2325 0.5267
2326 0.5267
2327 0.5267
2328 0.5267
2329 0.5278
2330 0.5278
2331 0.5289
2332 0.5289
2333 0.5289
2334 0.5289
2335 0.5289
2336 0.5289
2337 0.5289
2338 0.5289
2339 0.5289
2340 0.5289
2341 0.5289
2342 0.5289
2343 0.5289
2344 0.5289
2345 0.5289
2346 0.5289
2347 0.5289
2348 0.5289
2349 0.5289
2350 0.5289
2351 0.5289
2352 0.5289
2353 0.5289
2354 0.5289
2355 0.5289
2356 0.5289
2357 0.5289
2358 0.5289
2359 0.5289
2360 0.5289
2361 0.5289
2362 0.5289
2363 0.5289
2364 0.5289
2365 0.5289
2366 0.5289
2367 0.5300
2368 0.5300
2369 0.5300
2370 0.5311
2371 0.5311
2372 0.5311
2373 0.5311
2374 0.5311
2375 0.5311
2376 0.5311
2377 0.5311
2378 0.5311
2379 0.5311
2380 0.5311
2381 0.5322
2382 0.5322
2383 0.5322
2384 0.5322
2385 0.5322
2386 0.5322
2387 0.5322
2388 0.5322
2389 0.5322
2390 0.5333
2391 0.5333
2392 0.5333
2393 0.5333
2394 0.5333
2395 0.5333
2396 0.5333
2397 0.5333
2398 0.5333
2399 0.5333
2400 0.5344
2401 0.5344
2402 0.5344
2403 0.5356
2404 0.5356
2405 0.5356
2406 0.5356
2407 0.5356
2408 0.5356
2409 0.5356
2410 0.5356
2411 0.5356
2412 0.5356
2413 0.5356
2414 0.5356
2415 0.5356
2416 0.5356
2417 0.5356
2418 0.5356
2419 0.5356
2420 0.5356
2421 0.5356
2422 0.5356
2423 0.5367
2424 0.5367
2425 0.5367
2426 0.5367
2427 0.5367
2428 0.5378
2429 0.5378
2430 0.5378
2431 0.5389
2432 0.5389
2433 0.5389
2434 0.5389
2435 0.5389
2436 0.5389
2437 0.5389
2438 0.5389
2439 0.5389
2440 0.5389
2441 0.5389
2442 0.5389
2443 0.5389
2444 0.5389
2445 0.5389
2446 0.5389
2447 0.5400
2448 0.5400
2449 0.5400
2450 0.5400
2451 0.5400
2452 0.5400
2453 0.5400
2454 0.5400
2455 0.5400
2456 0.5400
2457 0.5400
2458 0.5400
2459 0.5400
2460 0.5400
2461 0.5411
2462 0.5411
2463 0.5411
2464 0.5411
2465 0.5411
2466 0.5411
2467 0.5411
2468 0.5411
2469 0.5411
2470 0.5411
2471 0.5411
2472 0.5411
2473 0.5411
2474 0.5411
2475 0.5411
2476 0.5411
2477 0.5411
2478 0.5411
2479 0.5411
2480 0.5411
2481 0.5422
2482 0.5433
2483 0.5433
2484 0.5433
2485 0.5444
2486 0.5444
2487 0.5444
2488 0.5444
2489 0.5444
2490 0.5444
2491 0.5456
2492 0.5456
2493 0.5456
2494 0.5456
2495 0.5456
2496 0.5456
2497 0.5467
2498 0.5467
2499 0.5467
2500 0.5478
2501 0.5478
2502 0.5478
2503 0.5478
2504 0.5478
2505 0.5478
2506 0.5478
2507 0.5478
2508 0.5489
2509 0.5489
2510 0.5500
2511 0.5500
2512 0.5500
2513 0.5500
2514 0.5500
2515 0.5500
2516 0.5500
2517 0.5500
2518 0.5500
2519 0.5511
2520 0.5511
2521 0.5511
2522 0.5522
2523 0.5522
2524 0.5522
2525 0.5522
2526 0.5522
2527 0.5522
2528 0.5533
2529 0.5533
2530 0.5533
2531 0.5533
2532 0.5533
2533 0.5544
2534 0.5544
2535 0.5556
2536 0.5556
2537 0.5556
2538 0.5556
2539 0.5556
2540 0.5556
2541 0.5556
2542 0.5556
2543 0.5567
2544 0.5567
2545 0.5567
2546 0.5567
2547 0.5567
2548 0.5567
2549 0.5567
2550 0.5567
2551 0.5567
2552 0.5567
2553 0.5567
2554 0.5567
2555 0.5567
2556 0.5567
2557 0.5567
2558 0.5578
2559 0.5589
2560 0.5589
2561 0.5589
2562 0.5589
2563 0.5589
2564 0.5589
2565 0.5589
2566 0.5589
2567 0.5600
2568 0.5600
2569 0.5600
2570 0.5611
2571 0.5611
2572 0.5611
2573 0.5611
2574 0.5622
2575 0.5633
2576 0.5633
2577 0.5633
2578 0.5633
2579 0.5633
2580 0.5633
2581 0.5633
2582 0.5633
2583 0.5633
2584 0.5633
2585 0.5633
2586 0.5633
2587 0.5633
2588 0.5633
2589 0.5633
2590 0.5633
2591 0.5633
2592 0.5633
2593 0.5633
2594 0.5633
2595 0.5633
2596 0.5633
2597 0.5633
2598 0.5633
2599 0.5633
2600 0.5633
2601 0.5633
2602 0.5633
2603 0.5633
2604 0.5633
2605 0.5644
2606 0.5644
2607 0.5644
2608 0.5644
2609 0.5644
2610 0.5644
2611 0.5644
2612 0.5644
2613 0.5644
2614 0.5644
2615 0.5644
2616 0.5656
2617 0.5656
2618 0.5656
2619 0.5656
2620 0.5667
2621 0.5667
2622 0.5667
2623 0.5667
2624 0.5667
2625 0.5678
2626 0.5678
2627 0.5678
2628 0.5678
2629 0.5678
2630 0.5689
2631 0.5689
2632 0.5689
2633 0.5689
2634 0.5689
2635 0.5700
2636 0.5700
2637 0.5700
2638 0.5700
2639 0.5700
2640 0.5711
2641 0.5711
2642 0.5711
2643 0.5711
2644 0.5711
2645 0.5711
2646 0.5711
2647 0.5711
2648 0.5722
2649 0.5722
2650 0.5722
2651 0.5722
2652 0.5722
2653 0.5722
2654 0.5722
2655 0.5722
2656 0.5722
2657 0.5733
2658 0.5733
2659 0.5733
2660 0.5733
2661 0.5733
2662 0.5733
2663 0.5733
2664 0.5733
2665 0.5733
2666 0.5733
2667 0.5733
2668 0.5733
2669 0.5733
2670 0.5733
2671 0.5744
2672 0.5744
2673 0.5744
2674 0.5744
2675 0.5744
2676 0.5744
2677 0.5744
2678 0.5744
2679 0.5744
2680 0.5744
2681 0.5744
2682 0.5756
2683 0.5756
2684 0.5756
2685 0.5756
2686 0.5756
2687 0.5756
2688 0.5756
2689 0.5756
2690 0.5756
2691 0.5756
2692 0.5756
2693 0.5756
2694 0.5756
2695 0.5767
2696 0.5778
2697 0.5778
2698 0.5778
2699 0.5778
2700 0.5778
2701 0.5778
2702 0.5778
2703 0.5778
2704 0.5778
2705 0.5778
2706 0.5778
2707 0.5778
2708 0.5789
2709 0.5789
2710 0.5800
2711 0.5800
2712 0.5800
2713 0.5800
2714 0.5800
2715 0.5800
2716 0.5811
2717 0.5811
2718 0.5811
2719 0.5811
2720 0.5811
2721 0.5811
2722 0.5811
2723 0.5811
2724 0.5811
2725 0.5822
2726 0.5822
2727 0.5833
2728 0.5844
2729 0.5844
2730 0.5856
2731 0.5856
2732 0.5856
2733 0.5856
2734 0.5867
2735 0.5867
2736 0.5867
2737 0.5867
2738 0.5878
2739 0.5878
2740 0.5878
2741 0.5878
2742 0.5878
2743 0.5878
2744 0.5878
2745 0.5878
2746 0.5889
2747 0.5889
2748 0.5889
2749 0.5889
2750 0.5889
2751 0.5889
2752 0.5889
2753 0.5889
2754 0.5889
2755 0.5889
2756 0.5889
2757 0.5889
2758 0.5889
2759 0.5889
2760 0.5889
2761 0.5889
2762 0.5889
2763 0.5889
2764 0.5889
2765 0.5889
2766 0.5889
2767 0.5889
2768 0.5889
2769 0.5889
2770 0.5889
2771 0.5889
2772 0.5889
2773 0.5889
2774 0.5900
2775 0.5900
2776 0.5900
2777 0.5900
2778 0.5911
2779 0.5911
2780 0.5911
2781 0.5911
2782 0.5911
2783 0.5911
2784 0.5911
2785 0.5922
2786 0.5922
2787 0.5922
2788 0.5922
2789 0.5922
2790 0.5922
2791 0.5922
2792 0.5922
2793 0.5922
2794 0.5922
2795 0.5922
2796 0.5922
2797 0.5922
2798 0.5922
2799 0.5922
2800 0.5922
2801 0.5922
2802 0.5922
2803 0.5922
2804 0.5922
2805 0.5922
2806 0.5922
2807 0.5933
2808 0.5933
2809 0.5933
2810 0.5933
2811 0.5933
2812 0.5933
2813 0.5933
2814 0.5933
2815 0.5933
2816 0.5933
2817 0.5933
2818 0.5933
2819 0.5944
2820 0.5944
2821 0.5944
2822 0.5944
2823 0.5944
2824 0.5944
2825 0.5944
2826 0.5956
2827 0.5956
2828 0.5956
2829 0.5956
2830 0.5956
2831 0.5956
2832 0.5956
2833 0.5956
2834 0.5956
2835 0.5956
2836 0.5956
2837 0.5956
2838 0.5967
2839 0.5967
2840 0.5978
2841 0.5978
2842 0.5978
2843 0.5989
2844 0.6000
2845 0.6000
2846 0.6000
2847 0.6000
2848 0.6000
2849 0.6000
2850 0.6000
2851 0.6000
2852 0.6000
2853 0.6000
2854 0.6000
2855 0.6000
2856 0.6000
2857 0.6000
2858 0.6000
2859 0.6011
2860 0.6011
2861 0.6011
2862 0.6011
2863 0.6011
2864 0.6011
2865 0.6011
2866 0.6011
2867 0.6011
2868 0.6011
2869 0.6011
2870 0.6011
2871 0.6011
2872 0.6011
2873 0.6011
2874 0.6011
2875 0.6022
2876 0.6022
2877 0.6022
2878 0.6022
2879 0.6022
2880 0.6022
2881 0.6022
2882 0.6022
2883 0.6022
2884 0.6022
2885 0.6022
2886 0.6022
2887 0.6033
2888 0.6033
2889 0.6033
2890 0.6033
2891 0.6033
2892 0.6044
2893 0.6044
2894 0.6044
2895 0.6044
2896 0.6044
2897 0.6044
2898 0.6044
2899 0.6044
2900 0.6044
2901 0.6044
2902 0.6044
2903 0.6044
2904 0.6044
2905 0.6044
2906 0.6044
2907 0.6044
2908 0.6056
2909 0.6056
2910 0.6056
2911 0.6067
2912 0.6067
2913 0.6067
2914 0.6067
2915 0.6067
2916 0.6067
2917 0.6078
2918 0.6078
2919 0.6078
2920 0.6078
2921 0.6078
2922 0.6078
2923 0.6078
2924 0.6078
2925 0.6078
2926 0.6078
2927 0.6078
2928 0.6078
2929 0.6078
2930 0.6078
2931 0.6078
2932 0.6078
2933 0.6078
2934 0.6078
2935 0.6078
2936 0.6089
2937 0.6089
2938 0.6089
2939 0.6089
2940 0.6089
2941 0.6089
2942 0.6089
2943 0.6089
2944 0.6089
2945 0.6089
2946 0.6089
2947 0.6089
2948 0.6089
2949 0.6089
2950 0.6089
2951 0.6089
2952 0.6089
2953 0.6089
2954 0.6089
2955 0.6089
2956 0.6089
2957 0.6089
2958 0.6089
2959 0.6089
2960 0.6089
2961 0.6089
2962 0.6089
2963 0.6100
2964 0.6100
2965 0.6100
2966 0.6100
2967 0.6100
2968 0.6100
2969 0.6100
2970 0.6100
2971 0.6100
2972 0.6100
2973 0.6100
2974 0.6100
2975 0.6100
2976 0.6100
2977 0.6111
2978 0.6111
2979 0.6122
2980 0.6122
2981 0.6122
2982 0.6122
2983 0.6122
2984 0.6122
2985 0.6122
2986 0.6122
2987 0.6122
2988 0.6122
2989 0.6122
2990 0.6122
2991 0.6122
2992 0.6122
2993 0.6122
2994 0.6122
2995 0.6122
2996 0.6122
2997 0.6122
2998 0.6122
2999 0.6122
3000 0.6122
3001 0.6122
3002 0.6122
3003 0.6122
3004 0.6122
3005 0.6122
3006 0.6122
3007 0.6122
3008 0.6122
3009 0.6122
3010 0.6122
3011 0.6122
3012 0.6122
3013 0.6122
3014 0.6122
3015 0.6122
3016 0.6122
3017 0.6122
3018 0.6133
3019 0.6133
3020 0.6133
3021 0.6133
3022 0.6133
3023 0.6133
3024 0.6144
3025 0.6144
3026 0.6144
3027 0.6144
3028 0.6144
3029 0.6144
3030 0.6156
3031 0.6156
3032 0.6156
3033 0.6156
3034 0.6156
3035 0.6156
3036 0.6156
3037 0.6156
3038 0.6156
3039 0.6167
3040 0.6167
3041 0.6167
3042 0.6167
3043 0.6167
3044 0.6167
3045 0.6167
3046 0.6178
3047 0.6178
3048 0.6178
3049 0.6189
3050 0.6189
3051 0.6189
3052 0.6189
3053 0.6189
3054 0.6189
3055 0.6189
3056 0.6189
3057 0.6189
3058 0.6189
3059 0.6200
3060 0.6200
3061 0.6211
3062 0.6211
3063 0.6211
3064 0.6211
3065 0.6211
3066 0.6211
3067 0.6211
3068 0.6211
3069 0.6211
3070 0.6211
3071 0.6211
3072 0.6211
3073 0.6211
3074 0.6222
3075 0.6222
3076 0.6222
3077 0.6222
3078 0.6222
3079 0.6222
3080 0.6222
3081 0.6222
3082 0.6222
3083 0.6233
3084 0.6233
3085 0.6233
3086 0.6233
3087 0.6233
3088 0.6244
3089 0.6256
3090 0.6267
3091 0.6267
3092 0.6267
3093 0.6267
3094 0.6267
3095 0.6278
3096 0.6278
3097 0.6278
3098 0.6278
3099 0.6278
3100 0.6278
3101 0.6278
3102 0.6278
3103 0.6278
3104 0.6278
3105 0.6278
3106 0.6278
3107 0.6278
3108 0.6278
3109 0.6289
3110 0.6289
3111 0.6300
3112 0.6300
3113 0.6300
3114 0.6300
3115 0.6300
3116 0.6300
3117 0.6300
3118 0.6311
3119 0.6322
3120 0.6322
3121 0.6333
3122 0.6333
3123 0.6333
3124 0.6333
3125 0.6333
3126 0.6333
3127 0.6333
3128 0.6333
3129 0.6333
3130 0.6333
3131 0.6344
3132 0.6344
3133 0.6344
3134 0.6344
3135 0.6344
3136 0.6344
3137 0.6344
3138 0.6356
3139 0.6356
3140 0.6356
3141 0.6356
3142 0.6356
3143 0.6356
3144 0.6356
3145 0.6356
3146 0.6356
3147 0.6356
3148 0.6356
3149 0.6356
3150 0.6367
3151 0.6367
3152 0.6367
3153 0.6367
3154 0.6367
3155 0.6367
3156 0.6367
3157 0.6367
3158 0.6367
3159 0.6367
3160 0.6367
3161 0.6367
3162 0.6367
3163 0.6367
3164 0.6367
3165 0.6367
3166 0.6378
3167 0.6378
3168 0.6378
3169 0.6378
3170 0.6378
3171 0.6389
3172 0.6389
3173 0.6389
3174 0.6389
3175 0.6389
3176 0.6389
3177 0.6389
3178 0.6389
3179 0.6389
3180 0.6389
3181 0.6389
3182 0.6389
3183 0.6389
3184 0.6389
3185 0.6389
3186 0.6389
3187 0.6389
3188 0.6389
3189 0.6389
3190 0.6400
3191 0.6400
3192 0.6400
3193 0.6400
3194 0.6400
3195 0.6400
3196 0.6400
3197 0.6400
3198 0.6400
3199 0.6400
3200 0.6400
3201 0.6411
3202 0.6411
3203 0.6411
3204 0.6422
3205 0.6422
3206 0.6422
3207 0.6422
3208 0.6422
3209 0.6422
3210 0.6433
3211 0.6433
3212 0.6433
3213 0.6433
3214 0.6433
3215 0.6433
3216 0.6433
3217 0.6433
3218 0.6444
3219 0.6444
3220 0.6444
3221 0.6456
3222 0.6456
3223 0.6456
3224 0.6456
3225 0.6456
3226 0.6456
3227 0.6467
3228 0.6467
3229 0.6467
3230 0.6467
3231 0.6467
3232 0.6467
3233 0.6467
3234 0.6467
3235 0.6467
3236 0.6467
3237 0.6467
3238 0.6467
3239 0.6467
3240 0.6467
3241 0.6478
3242 0.6478
3243 0.6478
3244 0.6478
3245 0.6478
3246 0.6489
3247 0.6489
3248 0.6489
3249 0.6489
3250 0.6489
3251 0.6489
3252 0.6489
3253 0.6489
3254 0.6489
3255 0.6489
3256 0.6489
3257 0.6489
3258 0.6489
3259 0.6489
3260 0.6489
3261 0.6489
3262 0.6489
3263 0.6489
3264 0.6489
3265 0.6489
3266 0.6489
3267 0.6489
3268 0.6489
3269 0.6489
3270 0.6500
3271 0.6500
3272 0.6500
3273 0.6511
3274 0.6511
3275 0.6511
3276 0.6511
3277 0.6522
3278 0.6522
3279 0.6533
3280 0.6533
3281 0.6533
3282 0.6533
3283 0.6533
3284 0.6533
3285 0.6533
3286 0.6533
3287 0.6533
3288 0.6544
3289 0.6544
3290 0.6544
3291 0.6556
3292 0.6556
3293 0.6556
3294 0.6556
3295 0.6556
3296 0.6556
3297 0.6556
3298 0.6556
3299 0.6556
3300 0.6567
3301 0.6567
3302 0.6567
3303 0.6567
3304 0.6567
3305 0.6567
3306 0.6567
3307 0.6567
3308 0.6567
3309 0.6567
3310 0.6567
3311 0.6567
3312 0.6567
3313 0.6567
3314 0.6578
3315 0.6578
3316 0.6578
3317 0.6578
3318 0.6578
3319 0.6578
3320 0.6578
3321 0.6589
3322 0.6589
3323 0.6589
3324 0.6600
3325 0.6600
3326 0.6600
3327 0.6611
3328 0.6611
3329 0.6611
3330 0.6611
3331 0.6611
3332 0.6611
3333 0.6611
3334 0.6622
3335 0.6622
3336 0.6622
3337 0.6622
3338 0.6633
3339 0.6633
3340 0.6633
3341 0.6644
3342 0.6644
3343 0.6644
3344 0.6644
3345 0.6644
3346 0.6644
3347 0.6644
3348 0.6644
3349 0.6644
3350 0.6656
3351 0.6656
3352 0.6656
3353 0.6656
3354 0.6656
3355 0.6656
3356 0.6656
3357 0.6656
3358 0.6656
3359 0.6656
3360 0.6656
3361 0.6656
3362 0.6656
3363 0.6656
3364 0.6656
3365 0.6656
3366 0.6656
3367 0.6667
3368 0.6678
3369 0.6678
3370 0.6678
3371 0.6678
3372 0.6678
3373 0.6678
3374 0.6678
3375 0.6678
3376 0.6678
3377 0.6678
3378 0.6678
3379 0.6678
3380 0.6678
3381 0.6678
3382 0.6678
3383 0.6678
3384 0.6678
3385 0.6678
3386 0.6678
3387 0.6689
3388 0.6689
3389 0.6689
3390 0.6689
3391 0.6689
3392 0.6689
3393 0.6689
3394 0.6689
3395 0.6689
3396 0.6700
3397 0.6711
3398 0.6711
3399 0.6711
3400 0.6711
3401 0.6711
3402 0.6722
3403 0.6722
3404 0.6722
3405 0.6733
3406 0.6733
3407 0.6733
3408 0.6744
3409 0.6744
3410 0.6744
3411 0.6744
3412 0.6744
3413 0.6744
3414 0.6744
3415 0.6744
3416 0.6756
3417 0.6756
3418 0.6756
3419 0.6756
3420 0.6756
3421 0.6756
3422 0.6756
3423 0.6756
3424 0.6756
3425 0.6756
3426 0.6756
3427 0.6756
3428 0.6756
3429 0.6756
3430 0.6767
3431 0.6767
3432 0.6767
3433 0.6767
3434 0.6767
3435 0.6767
3436 0.6767
3437 0.6767
3438 0.6767
3439 0.6767
3440 0.6767
3441 0.6767
3442 0.6767
3443 0.6767
3444 0.6778
3445 0.6778
3446 0.6778
3447 0.6778
3448 0.6778
3449 0.6778
3450 0.6778
3451 0.6778
3452 0.6778
3453 0.6778
3454 0.6778
3455 0.6778
3456 0.6778
3457 0.6789
3458 0.6789
3459 0.6789
3460 0.6789
3461 0.6800
3462 0.6800
3463 0.6800
3464 0.6800
3465 0.6800
3466 0.6800
3467 0.6800
3468 0.6800
3469 0.6800
3470 0.6800
3471 0.6800
3472 0.6800
3473 0.6800
3474 0.6800
3475 0.6811
3476 0.6811
3477 0.6811
3478 0.6811
3479 0.6811
3480 0.6811
3481 0.6811
3482 0.6811
3483 0.6811
3484 0.6822
3485 0.6822
3486 0.6822
3487 0.6822
3488 0.6822
3489 0.6833
3490 0.6844
3491 0.6844
3492 0.6844
3493 0.6844
3494 0.6844
3495 0.6844
3496 0.6844
3497 0.6844
3498 0.6844
3499 0.6844
3500 0.6844
3501 0.6844
3502 0.6844
3503 0.6844
3504 0.6844
3505 0.6844
3506 0.6844
3507 0.6844
3508 0.6844
3509 0.6844
3510 0.6856
3511 0.6856
3512 0.6856
3513 0.6856
3514 0.6867
3515 0.6867
3516 0.6867
3517 0.6867
3518 0.6867
3519 0.6878
3520 0.6878
3521 0.6878
3522 0.6878
3523 0.6878
3524 0.6878
3525 0.6878
3526 0.6878
3527 0.6878
3528 0.6889
3529 0.6889
3530 0.6889
3531 0.6889
3532 0.6889
3533 0.6889
3534 0.6889
3535 0.6889
3536 0.6889
3537 0.6889
3538 0.6889
3539 0.6889
3540 0.6889
3541 0.6889
3542 0.6889
3543 0.6900
3544 0.6900
3545 0.6900
3546 0.6900
3547 0.6900
3548 0.6900
3549 0.6900
3550 0.6900
3551 0.6900
3552 0.6911
3553 0.6911
3554 0.6911
3555 0.6911
3556 0.6911
3557 0.6922
3558 0.6922
3559 0.6922
3560 0.6922
3561 0.6922
3562 0.6922
3563 0.6922
3564 0.6922
3565 0.6922
3566 0.6922
3567 0.6922
3568 0.6933
3569 0.6933
3570 0.6933
3571 0.6933
3572 0.6933
3573 0.6933
3574 0.6933
3575 0.6933
3576 0.6933
3577 0.6933
3578 0.6933
3579 0.6933
3580 0.6933
3581 0.6933
3582 0.6933
3583 0.6933
3584 0.6933
3585 0.6933
3586 0.6933
3587 0.6933
3588 0.6933
3589 0.6933
3590 0.6933
3591 0.6933
3592 0.6933
3593 0.6933
3594 0.6933
3595 0.6933
3596 0.6933
3597 0.6933
3598 0.6933
3599 0.6933
3600 0.6933
3601 0.6933
3602 0.6933
3603 0.6933
3604 0.6933
3605 0.6933
3606 0.6933
3607 0.6933
3608 0.6933
3609 0.6933
3610 0.6933
3611 0.6933
3612 0.6933
3613 0.6944
3614 0.6944
3615 0.6944
3616 0.6944
3617 0.6944
3618 0.6944
3619 0.6944
3620 0.6944
3621 0.6944
3622 0.6944
3623 0.6944
3624 0.6944
3625 0.6944
3626 0.6944
3627 0.6944
3628 0.6944
3629 0.6944
3630 0.6944
3631 0.6944
3632 0.6944
3633 0.6944
3634 0.6944
3635 0.6944
3636 0.6944
3637 0.6944
3638 0.6944
3639 0.6944
3640 0.6944
3641 0.6944
3642 0.6944
3643 0.6944
3644 0.6944
3645 0.6944
3646 0.6944
3647 0.6944
3648 0.6944
3649 0.6956
3650 0.6956
3651 0.6956
3652 0.6956
3653 0.6956
3654 0.6967
3655 0.6967
3656 0.6967
3657 0.6967
3658 0.6967
3659 0.6967
3660 0.6967
3661 0.6967
3662 0.6967
3663 0.6967
3664 0.6978
3665 0.6978
3666 0.6978
3667 0.6978
3668 0.6989
3669 0.6989
3670 0.6989
3671 0.6989
3672 0.6989
3673 0.6989
3674 0.6989
3675 0.6989
3676 0.6989
3677 0.6989
3678 0.6989
3679 0.6989
3680 0.6989
3681 0.6989
3682 0.6989
3683 0.7000
3684 0.7000
3685 0.7000
3686 0.7000
3687 0.7000
3688 0.7011
3689 0.7011
3690 0.7011
3691 0.7011
3692 0.7022
3693 0.7022
3694 0.7022
3695 0.7022
3696 0.7022
3697 0.7022
3698 0.7022
3699 0.7022
3700 0.7022
3701 0.7022
3702 0.7022
3703 0.7022
3704 0.7022
3705 0.7022
3706 0.7022
3707 0.7022
3708 0.7022
3709 0.7022
3710 0.7022
3711 0.7022
3712 0.7022
3713 0.7022
3714 0.7022
3715 0.7022
3716 0.7022
3717 0.7022
3718 0.7022
3719 0.7022
3720 0.7022
3721 0.7022
3722 0.7022
3723 0.7022
3724 0.7022
3725 0.7022
3726 0.7022
3727 0.7022
3728 0.7022
3729 0.7022
3730 0.7022
3731 0.7033
3732 0.7044
3733 0.7044
3734 0.7044
3735 0.7044
3736 0.7044
3737 0.7044
3738 0.7044
3739 0.7044
3740 0.7044
3741 0.7044
3742 0.7044
3743 0.7056
3744 0.7056
3745 0.7056
3746 0.7056
3747 0.7067
3748 0.7067
3749 0.7067
3750 0.7067
3751 0.7078
3752 0.7078
3753 0.7078
3754 0.7078
3755 0.7078
3756 0.7078
3757 0.7078
3758 0.7078
3759 0.7078
3760 0.7078
3761 0.7078
3762 0.7078
3763 0.7078
3764 0.7078
3765 0.7078
3766 0.7078
3767 0.7078
3768 0.7078
3769 0.7078
3770 0.7078
3771 0.7078
3772 0.7078
3773 0.7078
3774 0.7078
3775 0.7089
3776 0.7089
3777 0.7089
3778 0.7089
3779 0.7100
3780 0.7100
3781 0.7100
3782 0.7100
3783 0.7100
3784 0.7111
3785 0.7111
3786 0.7111
3787 0.7122
3788 0.7133
3789 0.7133
3790 0.7144
3791 0.7156
3792 0.7167
3793 0.7167
3794 0.7167
3795 0.7167
3796 0.7167
3797 0.7167
3798 0.7167
3799 0.7167
3800 0.7167
3801 0.7167
3802 0.7167
3803 0.7167
3804 0.7167
3805 0.7167
3806 0.7167
3807 0.7167
3808 0.7167
3809 0.7167
3810 0.7167
3811 0.7167
3812 0.7167
3813 0.7167
3814 0.7167
3815 0.7167
3816 0.7167
3817 0.7167
3818 0.7178
3819 0.7178
3820 0.7178
3821 0.7178
3822 0.7178
3823 0.7178
3824 0.7178
3825 0.7178
3826 0.7178
3827 0.7178
3828 0.7178
3829 0.7178
3830 0.7178
3831 0.7178
3832 0.7178
3833 0.7178
3834 0.7178
3835 0.7178
3836 0.7178
3837 0.7189
3838 0.7189
3839 0.7189
3840 0.7189
3841 0.7189
3842 0.7189
3843 0.7189
3844 0.7189
3845 0.7189
3846 0.7189
3847 0.7189
3848 0.7189
3849 0.7189
3850 0.7189
3851 0.7189
3852 0.7189
3853 0.7189
3854 0.7189
3855 0.7189
3856 0.7189
3857 0.7189
3858 0.7189
3859 0.7189
3860 0.7189
3861 0.7189
3862 0.7189
3863 0.7189
3864 0.7200
3865 0.7200
3866 0.7200
3867 0.7200
3868 0.7200
3869 0.7200
3870 0.7211
3871 0.7211
3872 0.7211
3873 0.7211
3874 0.7222
3875 0.7222
3876 0.7222
3877 0.7222
3878 0.7222
3879 0.7222
3880 0.7222
3881 0.7222
3882 0.7222
3883 0.7222
3884 0.7222
3885 0.7222
3886 0.7222
3887 0.7222
3888 0.7222
3889 0.7222
3890 0.7222
3891 0.7222
3892 0.7222
3893 0.7222
3894 0.7222
3895 0.7222
3896 0.7222
3897 0.7222
3898 0.7233
3899 0.7233
3900 0.7233
3901 0.7244
3902 0.7244
3903 0.7244
3904 0.7244
3905 0.7256
3906 0.7256
3907 0.7256
3908 0.7256
3909 0.7256
3910 0.7256
3911 0.7256
3912 0.7256
3913 0.7256
3914 0.7256
3915 0.7256
3916 0.7256
3917 0.7256
3918 0.7267
3919 0.7267
3920 0.7267
3921 0.7267
3922 0.7278
3923 0.7278
3924 0.7278
3925 0.7278
3926 0.7289
3927 0.7300
3928 0.7300
3929 0.7300
3930 0.7300
3931 0.7300
3932 0.7300
3933 0.7300
3934 0.7311
3935 0.7322
3936 0.7322
3937 0.7322
3938 0.7322
3939 0.7322
3940 0.7322
3941 0.7322
3942 0.7322
3943 0.7322
3944 0.7322
3945 0.7333
3946 0.7333
3947 0.7333
3948 0.7333
3949 0.7333
3950 0.7333
3951 0.7333
3952 0.7333
3953 0.7333
3954 0.7333
3955 0.7333
3956 0.7333
3957 0.7333
3958 0.7333
3959 0.7333
3960 0.7333
3961 0.7333
3962 0.7333
3963 0.7333
3964 0.7333
3965 0.7333
3966 0.7333
3967 0.7333
3968 0.7333
3969 0.7333
3970 0.7333
3971 0.7333
3972 0.7333
3973 0.7333
3974 0.7333
3975 0.7333
3976 0.7333
3977 0.7333
3978 0.7333
3979 0.7333
3980 0.7333
3981 0.7333
3982 0.7333
3983 0.7333
3984 0.7333
3985 0.7333
3986 0.7333
3987 0.7333
3988 0.7333
3989 0.7333
3990 0.7333
3991 0.7333
3992 0.7333
3993 0.7333
3994 0.7333
3995 0.7333
3996 0.7333
3997 0.7333
3998 0.7333
3999 0.7333
4000 0.7344
4001 0.7344
4002 0.7344
4003 0.7344
4004 0.7344
4005 0.7344
4006 0.7344
4007 0.7344
4008 0.7344
4009 0.7344
4010 0.7344
4011 0.7344
4012 0.7344
4013 0.7344
4014 0.7344
4015 0.7344
4016 0.7344
4017 0.7356
4018 0.7356
4019 0.7356
4020 0.7356
4021 0.7356
4022 0.7356
4023 0.7356
4024 0.7356
4025 0.7356
4026 0.7367
4027 0.7367
4028 0.7367
4029 0.7378
4030 0.7378
4031 0.7378
4032 0.7378
4033 0.7389
4034 0.7389
4035 0.7389
4036 0.7389
4037 0.7389
4038 0.7389
4039 0.7389
4040 0.7389
4041 0.7389
4042 0.7389
4043 0.7389
4044 0.7389
4045 0.7389
4046 0.7389
4047 0.7389
4048 0.7389
4049 0.7389
4050 0.7389
4051 0.7389
4052 0.7389
4053 0.7389
4054 0.7389
4055 0.7389
4056 0.7389
4057 0.7389
4058 0.7389
4059 0.7389
4060 0.7389
4061 0.7400
4062 0.7400
4063 0.7411
4064 0.7411
4065 0.7411
4066 0.7411
4067 0.7411
4068 0.7411
4069 0.7411
4070 0.7411
4071 0.7411
4072 0.7411
4073 0.7411
4074 0.7411
4075 0.7411
4076 0.7411
4077 0.7411
4078 0.7411
4079 0.7411
4080 0.7411
4081 0.7411
4082 0.7411
4083 0.7411
4084 0.7411
4085 0.7411
4086 0.7411
4087 0.7411
4088 0.7411
4089 0.7411
4090 0.7411
4091 0.7422
4092 0.7422
4093 0.7422
4094 0.7422
4095 0.7422
4096 0.7422
4097 0.7422
4098 0.7422
4099 0.7422
4100 0.7422
4101 0.7422
4102 0.7422
4103 0.7422
4104 0.7422
4105 0.7422
4106 0.7433
4107 0.7433
4108 0.7444
4109 0.7444
4110 0.7444
4111 0.7444
4112 0.7444
4113 0.7444
4114 0.7456
4115 0.7456
4116 0.7456
4117 0.7456
4118 0.7456
4119 0.7456
4120 0.7456
4121 0.7456
4122 0.7456
4123 0.7456
4124 0.7456
4125 0.7456
4126 0.7456
4127 0.7456
4128 0.7456
4129 0.7456
4130 0.7456
4131 0.7456
4132 0.7456
4133 0.7456
4134 0.7456
4135 0.7456
4136 0.7467
4137 0.7467
4138 0.7467
4139 0.7467
4140 0.7467
4141 0.7478
4142 0.7478
4143 0.7489
4144 0.7489
4145 0.7489
4146 0.7489
4147 0.7489
4148 0.7489
4149 0.7489
4150 0.7489
4151 0.7489
4152 0.7500
4153 0.7500
4154 0.7511
4155 0.7511
4156 0.7511
4157 0.7511
4158 0.7511
4159 0.7511
4160 0.7511
4161 0.7522
4162 0.7522
4163 0.7533
4164 0.7533
4165 0.7533
4166 0.7533
4167 0.7533
4168 0.7533
4169 0.7533
4170 0.7533
4171 0.7533
4172 0.7533
4173 0.7533
4174 0.7533
4175 0.7533
4176 0.7533
4177 0.7533
4178 0.7533
4179 0.7533
4180 0.7533
4181 0.7533
4182 0.7533
4183 0.7533
4184 0.7533
4185 0.7533
4186 0.7533
4187 0.7533
4188 0.7544
4189 0.7544
4190 0.7544
4191 0.7544
4192 0.7544
4193 0.7544
4194 0.7544
4195 0.7544
4196 0.7544
4197 0.7544
4198 0.7544
4199 0.7544
4200 0.7556
4201 0.7556
4202 0.7567
4203 0.7567
4204 0.7567
4205 0.7567
4206 0.7567
4207 0.7567
4208 0.7567
4209 0.7567
4210 0.7567
4211 0.7567
4212 0.7567
4213 0.7578
4214 0.7578
4215 0.7578
4216 0.7578
4217 0.7578
4218 0.7578
4219 0.7578
4220 0.7578
4221 0.7578
4222 0.7578
4223 0.7578
4224 0.7578
4225 0.7578
4226 0.7578
4227 0.7578
4228 0.7578
4229 0.7578
4230 0.7578
4231 0.7578
4232 0.7578
4233 0.7578
4234 0.7578
4235 0.7578
4236 0.7578
4237 0.7578
4238 0.7578
4239 0.7578
4240 0.7578
4241 0.7578
4242 0.7589
4243 0.7589
4244 0.7589
4245 0.7589
4246 0.7589
4247 0.7589
4248 0.7589
4249 0.7589
4250 0.7589
4251 0.7589
4252 0.7589
4253 0.7589
4254 0.7589
4255 0.7600
4256 0.7600
4257 0.7600
4258 0.7600
4259 0.7600
4260 0.7600
4261 0.7600
4262 0.7600
4263 0.7600
4264 0.7600
4265 0.7600
4266 0.7600
4267 0.7600
4268 0.7600
4269 0.7600
4270 0.7600
4271 0.7600
4272 0.7611
4273 0.7611
4274 0.7611
4275 0.7611
4276 0.7611
4277 0.7611
4278 0.7611
4279 0.7611
4280 0.7611
4281 0.7611
4282 0.7611
4283 0.7611
4284 0.7611
4285 0.7622
4286 0.7622
4287 0.7622
4288 0.7622
4289 0.7622
4290 0.7622
4291 0.7622
4292 0.7622
4293 0.7622
4294 0.7633
4295 0.7633
4296 0.7633
4297 0.7633
4298 0.7633
4299 0.7633
4300 0.7633
4301 0.7633
4302 0.7633
4303 0.7633
4304 0.7644
4305 0.7644
4306 0.7644
4307 0.7644
4308 0.7644
4309 0.7644
4310 0.7644
4311 0.7644
4312 0.7644
4313 0.7644
4314 0.7644
4315 0.7644
4316 0.7644
4317 0.7644
4318 0.7644
4319 0.7644
4320 0.7644
4321 0.7644
4322 0.7644
4323 0.7644
4324 0.7644
4325 0.7644
4326 0.7644
4327 0.7656
4328 0.7656
4329 0.7656
4330 0.7656
4331 0.7656
4332 0.7656
4333 0.7667
4334 0.7667
4335 0.7667
4336 0.7667
4337 0.7667
4338 0.7667
4339 0.7667
4340 0.7667
4341 0.7667
4342 0.7667
4343 0.7667
4344 0.7667
4345 0.7667
4346 0.7667
4347 0.7667
4348 0.7667
4349 0.7667
4350 0.7667
4351 0.7667
4352 0.7667
4353 0.7667
4354 0.7667
4355 0.7667
4356 0.7667
4357 0.7667
4358 0.7667
4359 0.7667
4360 0.7678
4361 0.7678
4362 0.7678
4363 0.7678
4364 0.7678
4365 0.7678
4366 0.7678
4367 0.7678
4368 0.7678
4369 0.7678
4370 0.7678
4371 0.7689
4372 0.7689
4373 0.7689
4374 0.7689
4375 0.7689
4376 0.7689
4377 0.7689
4378 0.7689
4379 0.7689
4380 0.7689
4381 0.7689
4382 0.7689
4383 0.7689
4384 0.7689
4385 0.7689
4386 0.7689
4387 0.7689
4388 0.7700
4389 0.7700
4390 0.7700
4391 0.7711
4392 0.7711
4393 0.7711
4394 0.7711
4395 0.7711
4396 0.7722
4397 0.7733
4398 0.7733
4399 0.7733
4400 0.7733
4401 0.7733
4402 0.7733
4403 0.7733
4404 0.7733
4405 0.7733
4406 0.7733
4407 0.7733
4408 0.7733
4409 0.7733
4410 0.7733
4411 0.7733
4412 0.7733
4413 0.7733
4414 0.7733
4415 0.7733
4416 0.7733
4417 0.7733
4418 0.7733
4419 0.7733
4420 0.7733
4421 0.7733
4422 0.7744
4423 0.7744
4424 0.7744
4425 0.7744
4426 0.7744
4427 0.7744
4428 0.7744
4429 0.7744
4430 0.7744
4431 0.7744
4432 0.7744
4433 0.7744
4434 0.7744
4435 0.7744
4436 0.7756
4437 0.7756
4438 0.7756
4439 0.7756
4440 0.7756
4441 0.7756
4442 0.7756
4443 0.7756
4444 0.7756
4445 0.7756
4446 0.7767
4447 0.7767
4448 0.7767
4449 0.7767
4450 0.7767
4451 0.7767
4452 0.7767
4453 0.7767
4454 0.7767
4455 0.7767
4456 0.7767
4457 0.7767
4458 0.7767
4459 0.7767
4460 0.7767
4461 0.7767
4462 0.7767
4463 0.7767
4464 0.7767
4465 0.7767
4466 0.7767
4467 0.7767
4468 0.7767
4469 0.7767
4470 0.7767
4471 0.7767
4472 0.7767
4473 0.7767
4474 0.7767
4475 0.7767
4476 0.7767
4477 0.7767
4478 0.7767
4479 0.7767
4480 0.7767
4481 0.7767
4482 0.7767
4483 0.7767
4484 0.7767
4485 0.7767
4486 0.7767
4487 0.7767
4488 0.7767
4489 0.7767
4490 0.7767
4491 0.7767
4492 0.7767
4493 0.7767
4494 0.7767
4495 0.7767
4496 0.7767
4497 0.7767
4498 0.7767
4499 0.7767
4500 0.7767
4501 0.7767
4502 0.7767
4503 0.7767
4504 0.7778
4505 0.7778
4506 0.7778
4507 0.7778
4508 0.7778
4509 0.7778
4510 0.7778
4511 0.7778
4512 0.7778
4513 0.7778
4514 0.7778
4515 0.7778
4516 0.7778
4517 0.7778
4518 0.7778
4519 0.7778
4520 0.7778
4521 0.7778
4522 0.7778
4523 0.7778
4524 0.7778
4525 0.7778
4526 0.7778
4527 0.7778
4528 0.7778
4529 0.7778
4530 0.7778
4531 0.7778
4532 0.7778
4533 0.7778
4534 0.7778
4535 0.7778
4536 0.7778
4537 0.7778
4538 0.7778
4539 0.7778
4540 0.7778
4541 0.7789
4542 0.7789
4543 0.7789
4544 0.7800
4545 0.7800
4546 0.7800
4547 0.7800
4548 0.7800
4549 0.7800
4550 0.7800
4551 0.7800
4552 0.7800
4553 0.7800
4554 0.7800
4555 0.7800
4556 0.7800
4557 0.7800
4558 0.7800
4559 0.7800
4560 0.7800
4561 0.7800
4562 0.7800
4563 0.7800
4564 0.7800
4565 0.7800
4566 0.7800
4567 0.7800
4568 0.7800
4569 0.7800
4570 0.7800
4571 0.7800
4572 0.7811
4573 0.7811
4574 0.7811
4575 0.7822
4576 0.7822
4577 0.7822
4578 0.7822
4579 0.7822
4580 0.7822
4581 0.7822
4582 0.7822
4583 0.7822
4584 0.7822
4585 0.7822
4586 0.7822
4587 0.7822
4588 0.7822
4589 0.7822
4590 0.7833
4591 0.7833
4592 0.7833
4593 0.7833
4594 0.7833
4595 0.7833
4596 0.7833
4597 0.7833
4598 0.7833
4599 0.7833
4600 0.7833
4601 0.7833
4602 0.7844
4603 0.7844
4604 0.7844
4605 0.7844
4606 0.7844
4607 0.7844
4608 0.7844
4609 0.7844
4610 0.7844
4611 0.7844
4612 0.7844
4613 0.7844
4614 0.7844
4615 0.7844
4616 0.7844
4617 0.7844
4618 0.7844
4619 0.7844
4620 0.7844
4621 0.7844
4622 0.7844
4623 0.7844
4624 0.7856
4625 0.7856
4626 0.7856
4627 0.7856
4628 0.7856
4629 0.7856
4630 0.7856
4631 0.7856
4632 0.7856
4633 0.7856
4634 0.7856
4635 0.7856
4636 0.7856
4637 0.7856
4638 0.7856
4639 0.7856
4640 0.7856
4641 0.7856
4642 0.7856
4643 0.7856
4644 0.7856
4645 0.7856
4646 0.7856
4647 0.7856
4648 0.7856
4649 0.7856
4650 0.7856
4651 0.7856
4652 0.7856
4653 0.7856
4654 0.7856
4655 0.7856
4656 0.7856
4657 0.7856
4658 0.7856
4659 0.7856
4660 0.7867
4661 0.7867
4662 0.7867
4663 0.7867
4664 0.7867
4665 0.7867
4666 0.7867
4667 0.7867
4668 0.7878
4669 0.7878
4670 0.7878
4671 0.7878
4672 0.7878
4673 0.7889
4674 0.7889
4675 0.7889
4676 0.7889
4677 0.7889
4678 0.7889
4679 0.7900
4680 0.7900
4681 0.7900
4682 0.7900
4683 0.7900
4684 0.7900
4685 0.7900
4686 0.7900
4687 0.7900
4688 0.7900
4689 0.7900
4690 0.7900
4691 0.7900
4692 0.7900
4693 0.7900
4694 0.7900
4695 0.7900
4696 0.7900
4697 0.7900
4698 0.7900
4699 0.7900
4700 0.7900
4701 0.7911
4702 0.7911
4703 0.7911
4704 0.7911
4705 0.7911
4706 0.7911
4707 0.7911
4708 0.7911
4709 0.7911
4710 0.7911
4711 0.7911
4712 0.7911
4713 0.7911
4714 0.7911
4715 0.7911
4716 0.7911
4717 0.7911
4718 0.7911
4719 0.7911
4720 0.7911
4721 0.7911
4722 0.7911
4723 0.7911
4724 0.7911
4725 0.7911
4726 0.7911
4727 0.7922
4728 0.7922
4729 0.7922
4730 0.7922
4731 0.7922
4732 0.7922
4733 0.7922
4734 0.7922
4735 0.7922
4736 0.7922
4737 0.7922
4738 0.7922
4739 0.7922
4740 0.7922
4741 0.7922
4742 0.7922
4743 0.7922
4744 0.7922
4745 0.7922
4746 0.7922
4747 0.7922
4748 0.7922
4749 0.7922
4750 0.7922
4751 0.7922
4752 0.7922
4753 0.7922
4754 0.7922
4755 0.7922
4756 0.7922
4757 0.7922
4758 0.7922
4759 0.7922
4760 0.7922
4761 0.7922
4762 0.7922
4763 0.7922
4764 0.7922
4765 0.7922
4766 0.7922
4767 0.7922
4768 0.7922
4769 0.7922
4770 0.7922
4771 0.7922
4772 0.7922
4773 0.7922
4774 0.7922
4775 0.7922
4776 0.7922
4777 0.7922
4778 0.7922
4779 0.7922
4780 0.7922
4781 0.7922
4782 0.7922
4783 0.7922
4784 0.7922
4785 0.7922
4786 0.7922
4787 0.7922
4788 0.7922
4789 0.7922
4790 0.7922
4791 0.7922
4792 0.7922
4793 0.7922
4794 0.7922
4795 0.7922
4796 0.7922
4797 0.7922
4798 0.7922
4799 0.7922
4800 0.7922
4801 0.7922
4802 0.7922
4803 0.7922
4804 0.7933
4805 0.7933
4806 0.7933
4807 0.7933
4808 0.7933
4809 0.7933
4810 0.7933
4811 0.7933
4812 0.7933
4813 0.7933
4814 0.7933
4815 0.7933
4816 0.7933
4817 0.7933
4818 0.7933
4819 0.7933
4820 0.7933
4821 0.7933
4822 0.7933
4823 0.7933
4824 0.7933
4825 0.7933
4826 0.7933
4827 0.7944
4828 0.7944
4829 0.7944
4830 0.7944
4831 0.7944
4832 0.7944
4833 0.7944
4834 0.7944
4835 0.7944
4836 0.7956
4837 0.7956
4838 0.7967
4839 0.7967
4840 0.7967
4841 0.7967
4842 0.7967
4843 0.7967
4844 0.7978
4845 0.7978
4846 0.7978
4847 0.7978
4848 0.7978
4849 0.7978
4850 0.7978
4851 0.7978
4852 0.7978
4853 0.7978
4854 0.7978
4855 0.7989
4856 0.7989
4857 0.7989
4858 0.7989
4859 0.7989
4860 0.7989
4861 0.7989
4862 0.7989
4863 0.7989
4864 0.8000
4865 0.8000
4866 0.8000
4867 0.8000
4868 0.8000
4869 0.8000
4870 0.8000
4871 0.8011
4872 0.8011
4873 0.8011
4874 0.8011
4875 0.8011
4876 0.8011
4877 0.8011
4878 0.8011
4879 0.8011
4880 0.8011
4881 0.8011
4882 0.8011
4883 0.8011
4884 0.8011
4885 0.8011
4886 0.8011
4887 0.8011
4888 0.8011
4889 0.8011
4890 0.8011
4891 0.8011
4892 0.8011
4893 0.8011
4894 0.8011
4895 0.8011
4896 0.8011
4897 0.8011
4898 0.8011
4899 0.8011
4900 0.8022
4901 0.8022
4902 0.8022
4903 0.8022
4904 0.8022
4905 0.8022
4906 0.8022
4907 0.8022
4908 0.8022
4909 0.8022
4910 0.8022
4911 0.8022
4912 0.8022
4913 0.8022
4914 0.8022
4915 0.8022
4916 0.8022
4917 0.8022
4918 0.8022
4919 0.8022
4920 0.8033
4921 0.8033
4922 0.8033
4923 0.8033
4924 0.8033
4925 0.8033
4926 0.8033
4927 0.8033
4928 0.8033
4929 0.8033
4930 0.8033
4931 0.8033
4932 0.8044
4933 0.8044
4934 0.8044
4935 0.8044
4936 0.8044
4937 0.8044
4938 0.8044
4939 0.8044
4940 0.8044
4941 0.8044
4942 0.8044
4943 0.8044
4944 0.8044
4945 0.8044
4946 0.8044
4947 0.8056
4948 0.8056
4949 0.8056
4950 0.8056
4951 0.8056
4952 0.8056
4953 0.8056
4954 0.8056
4955 0.8056
4956 0.8056
4957 0.8056
4958 0.8056
4959 0.8056
4960 0.8056
4961 0.8067
4962 0.8067
4963 0.8067
4964 0.8067
4965 0.8067
4966 0.8078
4967 0.8078
4968 0.8078
4969 0.8078
4970 0.8089
4971 0.8089
4972 0.8089
4973 0.8100
4974 0.8100
4975 0.8100
4976 0.8111
4977 0.8111
4978 0.8111
4979 0.8111
4980 0.8111
4981 0.8122
4982 0.8122
4983 0.8122
4984 0.8122
4985 0.8122
4986 0.8122
4987 0.8122
4988 0.8122
4989 0.8122
4990 0.8122
4991 0.8122
4992 0.8122
4993 0.8122
4994 0.8122
4995 0.8122
4996 0.8122
4997 0.8122
4998 0.8122
4999 0.8122
5000 0.8122
5001 0.8122
5002 0.8122
5003 0.8122
5004 0.8122
5005 0.8122
5006 0.8122
5007 0.8122
5008 0.8122
5009 0.8122
5010 0.8122
5011 0.8133
5012 0.8133
5013 0.8133
5014 0.8133
5015 0.8133
5016 0.8133
5017 0.8133
5018 0.8133
5019 0.8144
5020 0.8144
5021 0.8144
5022 0.8144
5023 0.8144
5024 0.8144
5025 0.8144
5026 0.8156
5027 0.8156
5028 0.8156
5029 0.8156
5030 0.8156
5031 0.8156
5032 0.8156
5033 0.8156
5034 0.8156
5035 0.8156
5036 0.8167
5037 0.8167
5038 0.8167
5039 0.8167
5040 0.8167
5041 0.8167
5042 0.8167
5043 0.8167
5044 0.8167
5045 0.8167
5046 0.8167
5047 0.8167
5048 0.8167
5049 0.8167
5050 0.8167
5051 0.8167
5052 0.8167
5053 0.8167
5054 0.8167
5055 0.8167
5056 0.8167
5057 0.8167
5058 0.8167
5059 0.8167
5060 0.8167
5061 0.8167
5062 0.8167
5063 0.8167
5064 0.8167
5065 0.8167
5066 0.8167
5067 0.8167
5068 0.8167
5069 0.8167
5070 0.8167
5071 0.8167
5072 0.8167
5073 0.8167
5074 0.8167
5075 0.8167
5076 0.8167
5077 0.8167
5078 0.8167
5079 0.8167
5080 0.8167
5081 0.8167
5082 0.8167
5083 0.8167
5084 0.8167
5085 0.8167
5086 0.8167
5087 0.8167
5088 0.8167
5089 0.8167
5090 0.8167
5091 0.8167
5092 0.8167
5093 0.8167
5094 0.8167
5095 0.8167
5096 0.8167
5097 0.8167
5098 0.8167
5099 0.8167
5100 0.8167
5101 0.8167
5102 0.8167
5103 0.8167
5104 0.8167
5105 0.8167
5106 0.8167
5107 0.8167
5108 0.8178
5109 0.8178
5110 0.8178
5111 0.8178
5112 0.8178
5113 0.8178
5114 0.8178
5115 0.8178
5116 0.8178
5117 0.8178
5118 0.8178
5119 0.8178
5120 0.8178
5121 0.8178
5122 0.8178
5123 0.8178
5124 0.8178
5125 0.8178
5126 0.8178
5127 0.8178
5128 0.8178
5129 0.8178
5130 0.8178
5131 0.8178
5132 0.8178
5133 0.8178
5134 0.8178
5135 0.8178
5136 0.8178
5137 0.8178
5138 0.8178
5139 0.8178
5140 0.8178
5141 0.8178
5142 0.8178
5143 0.8178
5144 0.8178
5145 0.8178
5146 0.8178
5147 0.8178
5148 0.8178
5149 0.8178
5150 0.8178
5151 0.8178
5152 0.8178
5153 0.8178
5154 0.8178
5155 0.8178
5156 0.8178
5157 0.8178
5158 0.8178
5159 0.8178
5160 0.8178
5161 0.8178
5162 0.8178
5163 0.8178
5164 0.8178
5165 0.8178
5166 0.8178
5167 0.8178
5168 0.8178
5169 0.8178
5170 0.8178
5171 0.8178
5172 0.8178
5173 0.8178
5174 0.8178
5175 0.8178
5176 0.8178
5177 0.8178
5178 0.8178
5179 0.8178
5180 0.8178
5181 0.8178
5182 0.8178
5183 0.8178
5184 0.8178
5185 0.8178
5186 0.8178
5187 0.8178
5188 0.8178
5189 0.8178
5190 0.8178
5191 0.8178
5192 0.8178
5193 0.8178
5194 0.8178
5195 0.8178
5196 0.8178
5197 0.8178
5198 0.8178
5199 0.8178
5200 0.8178
5201 0.8178
5202 0.8178
5203 0.8178
5204 0.8178
5205 0.8178
5206 0.8178
5207 0.8178
5208 0.8178
5209 0.8178
5210 0.8189
5211 0.8189
5212 0.8189
5213 0.8189
5214 0.8189
5215 0.8189
5216 0.8189
5217 0.8200
5218 0.8200
5219 0.8200
5220 0.8200
5221 0.8200
5222 0.8200
5223 0.8200
5224 0.8200
5225 0.8200
5226 0.8200
5227 0.8200
5228 0.8200
5229 0.8200
5230 0.8200
5231 0.8200
5232 0.8200
5233 0.8200
5234 0.8200
5235 0.8200
5236 0.8200
5237 0.8200
5238 0.8200
5239 0.8200
5240 0.8200
5241 0.8200
5242 0.8200
5243 0.8200
5244 0.8200
5245 0.8200
5246 0.8200
5247 0.8200
5248 0.8200
5249 0.8211
5250 0.8211
5251 0.8211
5252 0.8222
5253 0.8222
5254 0.8222
5255 0.8222
5256 0.8222
5257 0.8222
5258 0.8222
5259 0.8222
5260 0.8222
5261 0.8222
5262 0.8222
5263 0.8222
5264 0.8222
5265 0.8222
5266 0.8222
5267 0.8222
5268 0.8222
5269 0.8222
5270 0.8222
5271 0.8222
5272 0.8222
5273 0.8222
5274 0.8222
5275 0.8222
5276 0.8233
5277 0.8233
5278 0.8233
5279 0.8233
5280 0.8233
5281 0.8233
5282 0.8233
5283 0.8233
5284 0.8233
5285 0.8233
5286 0.8233
5287 0.8233
5288 0.8233
5289 0.8233
5290 0.8233
5291 0.8233
5292 0.8233
5293 0.8233
5294 0.8233
5295 0.8233
5296 0.8233
5297 0.8233
5298 0.8233
5299 0.8233
5300 0.8233
5301 0.8233
5302 0.8233
5303 0.8233
5304 0.8233
5305 0.8244
5306 0.8244
5307 0.8244
5308 0.8256
5309 0.8256
5310 0.8256
5311 0.8256
5312 0.8256
5313 0.8256
5314 0.8256
5315 0.8256
5316 0.8256
5317 0.8256
5318 0.8256
5319 0.8256
5320 0.8256
5321 0.8256
5322 0.8256
5323 0.8256
5324 0.8256
5325 0.8256
5326 0.8256
5327 0.8256
5328 0.8256
5329 0.8256
5330 0.8256
5331 0.8256
5332 0.8256
5333 0.8256
5334 0.8256
5335 0.8256
5336 0.8256
5337 0.8256
5338 0.8256
5339 0.8256
5340 0.8256
5341 0.8256
5342 0.8256
5343 0.8256
5344 0.8256
5345 0.8256
5346 0.8256
5347 0.8256
5348 0.8256
5349 0.8256
5350 0.8267
5351 0.8267
5352 0.8267
5353 0.8267
5354 0.8267
5355 0.8267
5356 0.8267
5357 0.8267
5358 0.8267
5359 0.8267
5360 0.8267
5361 0.8267
5362 0.8267
5363 0.8278
5364 0.8278
5365 0.8278
5366 0.8278
5367 0.8278
5368 0.8278
5369 0.8278
5370 0.8278
5371 0.8278
5372 0.8278
5373 0.8278
5374 0.8278
5375 0.8278
5376 0.8278
5377 0.8278
5378 0.8278
5379 0.8278
5380 0.8289
5381 0.8289
5382 0.8289
5383 0.8289
5384 0.8289
5385 0.8289
5386 0.8289
5387 0.8289
5388 0.8289
5389 0.8289
5390 0.8289
5391 0.8289
5392 0.8289
5393 0.8289
5394 0.8289
5395 0.8300
5396 0.8300
5397 0.8300
5398 0.8300
5399 0.8300
5400 0.8300
5401 0.8300
5402 0.8300
5403 0.8300
5404 0.8300
5405 0.8300
5406 0.8300
5407 0.8300
5408 0.8300
5409 0.8300
5410 0.8300
5411 0.8300
5412 0.8300
5413 0.8300
5414 0.8300
5415 0.8300
5416 0.8300
5417 0.8300
5418 0.8300
5419 0.8300
5420 0.8300
5421 0.8300
5422 0.8300
5423 0.8300
5424 0.8300
5425 0.8300
5426 0.8300
5427 0.8311
5428 0.8311
5429 0.8311
5430 0.8311
5431 0.8311
5432 0.8311
5433 0.8311
5434 0.8311
5435 0.8311
5436 0.8311
5437 0.8311
5438 0.8311
5439 0.8311
5440 0.8311
5441 0.8322
5442 0.8322
5443 0.8322
5444 0.8322
5445 0.8322
5446 0.8322
5447 0.8322
5448 0.8333
5449 0.8333
5450 0.8333
5451 0.8333
5452 0.8333
5453 0.8333
5454 0.8333
5455 0.8333
5456 0.8344
5457 0.8344
5458 0.8344
5459 0.8344
5460 0.8344
5461 0.8344
5462 0.8344
5463 0.8344
5464 0.8344
5465 0.8344
5466 0.8344
5467 0.8344
5468 0.8344
5469 0.8344
5470 0.8344
5471 0.8344
5472 0.8344
5473 0.8344
5474 0.8344
5475 0.8344
5476 0.8344
5477 0.8344
5478 0.8344
5479 0.8344
5480 0.8344
5481 0.8344
5482 0.8344
5483 0.8356
5484 0.8367
5485 0.8367
5486 0.8367
5487 0.8367
5488 0.8367
5489 0.8367
5490 0.8367
5491 0.8367
5492 0.8367
5493 0.8367
5494 0.8367
5495 0.8367
5496 0.8367
5497 0.8367
5498 0.8378
5499 0.8378
5500 0.8378
5501 0.8378
5502 0.8378
5503 0.8378
5504 0.8378
5505 0.8378
5506 0.8378
5507 0.8378
5508 0.8378
5509 0.8378
5510 0.8378
5511 0.8378
5512 0.8378
5513 0.8378
5514 0.8378
5515 0.8378
5516 0.8378
5517 0.8378
5518 0.8378
5519 0.8378
5520 0.8378
5521 0.8378
5522 0.8378
5523 0.8378
5524 0.8378
5525 0.8378
5526 0.8378
5527 0.8378
5528 0.8378
5529 0.8378
5530 0.8378
5531 0.8378
5532 0.8378
5533 0.8378
5534 0.8378
5535 0.8378
5536 0.8378
5537 0.8378
5538 0.8378
5539 0.8378
5540 0.8378
5541 0.8378
5542 0.8378
5543 0.8378
5544 0.8378
5545 0.8378
5546 0.8378
5547 0.8378
5548 0.8378
5549 0.8378
5550 0.8378
5551 0.8378
5552 0.8378
5553 0.8378
5554 0.8378
5555 0.8378
5556 0.8378
5557 0.8378
5558 0.8378
5559 0.8378
5560 0.8378
5561 0.8378
5562 0.8378
5563 0.8378
5564 0.8378
5565 0.8389
5566 0.8389
5567 0.8389
5568 0.8389
5569 0.8400
5570 0.8400
5571 0.8400
5572 0.8400
5573 0.8400
5574 0.8400
5575 0.8400
5576 0.8400
5577 0.8400
5578 0.8400
5579 0.8400
5580 0.8411
5581 0.8411
5582 0.8422
5583 0.8422
5584 0.8422
5585 0.8422
5586 0.8422
5587 0.8422
5588 0.8433
5589 0.8433
5590 0.8433
5591 0.8444
5592 0.8456
5593 0.8467
5594 0.8467
5595 0.8467
5596 0.8467
5597 0.8467
5598 0.8467
5599 0.8467
5600 0.8467
5601 0.8467
5602 0.8467
5603 0.8467
5604 0.8467
5605 0.8467
5606 0.8467
5607 0.8467
5608 0.8467
5609 0.8467
5610 0.8467
5611 0.8467
5612 0.8467
5613 0.8467
5614 0.8467
5615 0.8467
5616 0.8467
5617 0.8467
5618 0.8467
5619 0.8467
5620 0.8467
5621 0.8467
5622 0.8467
5623 0.8467
5624 0.8467
5625 0.8467
5626 0.8467
5627 0.8467
5628 0.8467
5629 0.8478
5630 0.8478
5631 0.8478
5632 0.8478
5633 0.8478
5634 0.8489
5635 0.8489
5636 0.8489
5637 0.8489
5638 0.8489
5639 0.8489
5640 0.8489
5641 0.8489
5642 0.8489
5643 0.8489
5644 0.8489
5645 0.8489
5646 0.8489
5647 0.8489
5648 0.8489
5649 0.8489
5650 0.8489
5651 0.8489
5652 0.8489
5653 0.8489
5654 0.8489
5655 0.8489
5656 0.8489
5657 0.8489
5658 0.8489
5659 0.8489
5660 0.8489
5661 0.8489
5662 0.8489
5663 0.8489
5664 0.8489
5665 0.8489
5666 0.8489
5667 0.8489
5668 0.8489
5669 0.8489
5670 0.8489
5671 0.8489
5672 0.8489
5673 0.8489
5674 0.8489
5675 0.8489
5676 0.8489
5677 0.8489
5678 0.8489
5679 0.8489
5680 0.8489
5681 0.8489
5682 0.8489
5683 0.8489
5684 0.8489
5685 0.8489
5686 0.8489
5687 0.8489
5688 0.8489
5689 0.8489
5690 0.8489
5691 0.8489
5692 0.8489
5693 0.8489
5694 0.8489
5695 0.8489
5696 0.8489
5697 0.8489
5698 0.8489
5699 0.8489
5700 0.8489
5701 0.8489
5702 0.8489
5703 0.8489
5704 0.8489
5705 0.8489
5706 0.8489
5707 0.8489
5708 0.8489
5709 0.8489
5710 0.8489
5711 0.8489
5712 0.8489
5713 0.8489
5714 0.8489
5715 0.8489
5716 0.8489
5717 0.8489
5718 0.8489
5719 0.8489
5720 0.8489
5721 0.8489
5722 0.8489
5723 0.8489
5724 0.8489
5725 0.8489
5726 0.8489
5727 0.8489
5728 0.8489
5729 0.8489
5730 0.8489
5731 0.8489
5732 0.8489
5733 0.8489
5734 0.8489
5735 0.8489
5736 0.8489
5737 0.8489
5738 0.8489
5739 0.8489
5740 0.8489
5741 0.8489
5742 0.8489
5743 0.8489
5744 0.8500
5745 0.8500
5746 0.8500
5747 0.8500
5748 0.8500
5749 0.8500
5750 0.8500
5751 0.8500
5752 0.8500
5753 0.8500
5754 0.8500
5755 0.8500
5756 0.8500
5757 0.8500
5758 0.8500
5759 0.8500
5760 0.8500
5761 0.8500
5762 0.8500
5763 0.8500
5764 0.8500
5765 0.8500
5766 0.8500
5767 0.8500
5768 0.8500
5769 0.8500
5770 0.8500
5771 0.8500
5772 0.8500
5773 0.8500
5774 0.8511
5775 0.8511
5776 0.8511
5777 0.8511
5778 0.8511
5779 0.8511
5780 0.8511
5781 0.8511
5782 0.8511
5783 0.8511
5784 0.8511
5785 0.8511
5786 0.8511
5787 0.8511
5788 0.8511
5789 0.8511
5790 0.8511
5791 0.8511
5792 0.8511
5793 0.8511
5794 0.8511
5795 0.8511
5796 0.8511
5797 0.8511
5798 0.8511
5799 0.8511
5800 0.8511
5801 0.8511
5802 0.8511
5803 0.8511
5804 0.8511
5805 0.8511
5806 0.8511
5807 0.8511
5808 0.8511
5809 0.8511
5810 0.8511
5811 0.8511
5812 0.8511
5813 0.8511
5814 0.8511
5815 0.8511
5816 0.8511
5817 0.8511
5818 0.8511
5819 0.8511
5820 0.8511
5821 0.8511
5822 0.8511
5823 0.8511
5824 0.8511
5825 0.8511
5826 0.8511
5827 0.8511
5828 0.8511
5829 0.8511
5830 0.8511
5831 0.8511
5832 0.8511
5833 0.8511
5834 0.8511
5835 0.8511
5836 0.8511
5837 0.8511
5838 0.8511
5839 0.8511
5840 0.8511
5841 0.8511
5842 0.8522
5843 0.8522
5844 0.8522
5845 0.8522
5846 0.8522
5847 0.8522
5848 0.8522
5849 0.8522
5850 0.8522
5851 0.8522
5852 0.8522
5853 0.8522
5854 0.8522
5855 0.8522
5856 0.8522
5857 0.8522
5858 0.8522
5859 0.8522
5860 0.8522
5861 0.8522
5862 0.8522
5863 0.8522
5864 0.8522
5865 0.8522
5866 0.8522
5867 0.8522
5868 0.8522
5869 0.8522
5870 0.8522
5871 0.8522
5872 0.8522
5873 0.8522
5874 0.8522
5875 0.8522
5876 0.8522
5877 0.8522
5878 0.8522
5879 0.8522
5880 0.8522
5881 0.8522
5882 0.8522
5883 0.8522
5884 0.8522
5885 0.8522
5886 0.8522
5887 0.8522
5888 0.8522
5889 0.8522
5890 0.8522
5891 0.8522
5892 0.8522
5893 0.8522
5894 0.8522
5895 0.8522
5896 0.8522
5897 0.8522
5898 0.8522
5899 0.8522
5900 0.8522
5901 0.8522
5902 0.8522
5903 0.8522
5904 0.8522
5905 0.8522
5906 0.8522
5907 0.8522
5908 0.8522
5909 0.8522
5910 0.8522
5911 0.8522
5912 0.8522
5913 0.8522
5914 0.8522
5915 0.8522
5916 0.8522
5917 0.8522
5918 0.8522
5919 0.8522
5920 0.8522
5921 0.8522
5922 0.8522
5923 0.8522
5924 0.8522
5925 0.8522
5926 0.8522
5927 0.8522
5928 0.8522
5929 0.8522
5930 0.8522
5931 0.8522
5932 0.8522
5933 0.8533
5934 0.8533
5935 0.8533
5936 0.8533
5937 0.8533
5938 0.8533
5939 0.8533
5940 0.8533
5941 0.8533
5942 0.8533
5943 0.8533
5944 0.8533
5945 0.8533
5946 0.8533
5947 0.8533
5948 0.8533
5949 0.8533
5950 0.8533
5951 0.8533
5952 0.8533
5953 0.8533
5954 0.8533
5955 0.8533
5956 0.8533
5957 0.8533
5958 0.8533
5959 0.8533
5960 0.8533
5961 0.8533
5962 0.8533
5963 0.8533
5964 0.8533
5965 0.8533
5966 0.8533
5967 0.8533
5968 0.8533
5969 0.8533
5970 0.8533
5971 0.8533
5972 0.8533
5973 0.8533
5974 0.8533
5975 0.8533
5976 0.8533
5977 0.8533
5978 0.8533
5979 0.8533
5980 0.8533
5981 0.8533
5982 0.8533
5983 0.8533
5984 0.8533
5985 0.8533
5986 0.8533
5987 0.8533
5988 0.8533
5989 0.8533
5990 0.8533
5991 0.8533
5992 0.8533
5993 0.8533
5994 0.8533
5995 0.8533
5996 0.8533
5997 0.8533
5998 0.8533
5999 0.8544
6000 0.8544
6001 0.8544
6002 0.8544
6003 0.8544
6004 0.8544
6005 0.8544
6006 0.8544
6007 0.8544
6008 0.8544
6009 0.8544
6010 0.8544
6011 0.8544
6012 0.8544
6013 0.8544
6014 0.8544
6015 0.8544
6016 0.8544
6017 0.8544
6018 0.8544
6019 0.8544
6020 0.8544
6021 0.8544
6022 0.8544
6023 0.8544
6024 0.8544
6025 0.8544
6026 0.8544
6027 0.8544
6028 0.8544
6029 0.8544
6030 0.8544
6031 0.8544
6032 0.8544
6033 0.8544
6034 0.8544
6035 0.8544
6036 0.8544
6037 0.8544
6038 0.8544
6039 0.8544
6040 0.8544
6041 0.8556
6042 0.8556
6043 0.8556
6044 0.8556
6045 0.8556
6046 0.8556
6047 0.8556
6048 0.8556
6049 0.8556
6050 0.8556
6051 0.8556
6052 0.8556
6053 0.8556
6054 0.8556
6055 0.8556
6056 0.8556
6057 0.8556
6058 0.8556
6059 0.8556
6060 0.8556
6061 0.8556
6062 0.8556
6063 0.8556
6064 0.8556
6065 0.8556
6066 0.8567
6067 0.8567
6068 0.8567
6069 0.8567
6070 0.8578
6071 0.8578
6072 0.8578
6073 0.8578
6074 0.8578
6075 0.8578
6076 0.8578
6077 0.8578
6078 0.8578
6079 0.8578
6080 0.8578
6081 0.8578
6082 0.8578
6083 0.8578
6084 0.8578
6085 0.8578
6086 0.8578
6087 0.8578
6088 0.8578
6089 0.8578
6090 0.8578
6091 0.8578
6092 0.8578
6093 0.8578
6094 0.8578
6095 0.8578
6096 0.8578
6097 0.8578
6098 0.8578
6099 0.8578
6100 0.8578
6101 0.8578
6102 0.8578
6103 0.8578
6104 0.8578
6105 0.8578
6106 0.8578
6107 0.8578
6108 0.8578
6109 0.8578
6110 0.8578
6111 0.8578
6112 0.8578
6113 0.8578
6114 0.8578
6115 0.8578
6116 0.8578
6117 0.8578
6118 0.8578
6119 0.8578
6120 0.8578
6121 0.8578
6122 0.8578
6123 0.8578
6124 0.8578
6125 0.8578
6126 0.8578
6127 0.8578
6128 0.8589
6129 0.8589
6130 0.8589
6131 0.8589
6132 0.8589
6133 0.8589
6134 0.8589
6135 0.8589
6136 0.8589
6137 0.8589
6138 0.8589
6139 0.8589
6140 0.8589
6141 0.8589
6142 0.8589
6143 0.8589
6144 0.8589
6145 0.8589
6146 0.8589
6147 0.8589
6148 0.8589
6149 0.8589
6150 0.8589
6151 0.8589
6152 0.8589
6153 0.8589
6154 0.8589
6155 0.8600
6156 0.8600
6157 0.8600
6158 0.8600
6159 0.8600
6160 0.8600
6161 0.8600
6162 0.8600
6163 0.8600
6164 0.8600
6165 0.8600
6166 0.8600
6167 0.8600
6168 0.8600
6169 0.8600
6170 0.8600
6171 0.8600
6172 0.8600
6173 0.8600
6174 0.8600
6175 0.8600
6176 0.8600
6177 0.8600
6178 0.8600
6179 0.8600
6180 0.8600
6181 0.8600
6182 0.8600
6183 0.8600
6184 0.8600
6185 0.8600
6186 0.8600
6187 0.8600
6188 0.8600
6189 0.8600
6190 0.8600
6191 0.8600
6192 0.8600
6193 0.8600
6194 0.8600
6195 0.8600
6196 0.8600
6197 0.8600
6198 0.8600
6199 0.8600
6200 0.8600
6201 0.8600
6202 0.8600
6203 0.8600
6204 0.8600
6205 0.8600
6206 0.8600
6207 0.8600
6208 0.8600
6209 0.8600
6210 0.8600
6211 0.8600
6212 0.8600
6213 0.8600
6214 0.8600
6215 0.8600
6216 0.8600
6217 0.8600
6218 0.8600
6219 0.8611
6220 0.8611
6221 0.8611
6222 0.8611
6223 0.8611
6224 0.8611
6225 0.8611
6226 0.8622
6227 0.8622
6228 0.8622
6229 0.8622
6230 0.8622
6231 0.8622
6232 0.8622
6233 0.8622
6234 0.8622
6235 0.8622
6236 0.8622
6237 0.8622
6238 0.8622
6239 0.8633
6240 0.8633
6241 0.8633
6242 0.8644
6243 0.8644
6244 0.8644
6245 0.8644
6246 0.8644
6247 0.8644
6248 0.8644
6249 0.8644
6250 0.8644
6251 0.8644
6252 0.8644
6253 0.8644
6254 0.8644
6255 0.8656
6256 0.8656
6257 0.8656
6258 0.8656
6259 0.8656
6260 0.8656
6261 0.8656
6262 0.8656
6263 0.8656
6264 0.8656
6265 0.8656
6266 0.8656
6267 0.8656
6268 0.8656
6269 0.8656
6270 0.8656
6271 0.8656
6272 0.8656
6273 0.8656
6274 0.8656
6275 0.8656
6276 0.8656
6277 0.8656
6278 0.8667
6279 0.8667
6280 0.8667
6281 0.8667
6282 0.8667
6283 0.8667
6284 0.8667
6285 0.8667
6286 0.8667
6287 0.8678
6288 0.8678
6289 0.8678
6290 0.8678
6291 0.8678
6292 0.8678
6293 0.8678
6294 0.8678
6295 0.8678
6296 0.8678
6297 0.8678
6298 0.8678
6299 0.8678
6300 0.8678
6301 0.8678
6302 0.8678
6303 0.8678
6304 0.8678
6305 0.8678
6306 0.8678
6307 0.8689
6308 0.8689
6309 0.8689
6310 0.8689
6311 0.8689
6312 0.8689
6313 0.8689
6314 0.8689
6315 0.8689
6316 0.8689
6317 0.8689
6318 0.8689
6319 0.8700
6320 0.8700
6321 0.8700
6322 0.8700
6323 0.8700
6324 0.8700
6325 0.8700
6326 0.8700
6327 0.8700
6328 0.8700
6329 0.8700
6330 0.8700
6331 0.8700
6332 0.8700
6333 0.8700
6334 0.8700
6335 0.8700
6336 0.8700
6337 0.8700
6338 0.8700
6339 0.8700
6340 0.8700
6341 0.8700
6342 0.8700
6343 0.8700
6344 0.8700
6345 0.8700
6346 0.8711
6347 0.8711
6348 0.8711
6349 0.8711
6350 0.8711
6351 0.8711
6352 0.8711
6353 0.8711
6354 0.8711
6355 0.8711
6356 0.8711
6357 0.8711
6358 0.8711
6359 0.8711
6360 0.8711
6361 0.8711
6362 0.8711
6363 0.8711
6364 0.8711
6365 0.8711
6366 0.8711
6367 0.8711
6368 0.8711
6369 0.8711
6370 0.8711
6371 0.8711
6372 0.8711
6373 0.8711
6374 0.8711
6375 0.8711
6376 0.8711
6377 0.8711
6378 0.8711
6379 0.8711
6380 0.8711
6381 0.8711
6382 0.8711
6383 0.8711
6384 0.8711
6385 0.8711
6386 0.8711
6387 0.8711
6388 0.8711
6389 0.8711
6390 0.8711
6391 0.8711
6392 0.8711
6393 0.8711
6394 0.8711
6395 0.8711
6396 0.8711
6397 0.8711
6398 0.8711
6399 0.8711
6400 0.8711
6401 0.8711
6402 0.8711
6403 0.8711
6404 0.8711
6405 0.8711
6406 0.8711
6407 0.8711
6408 0.8711
6409 0.8711
6410 0.8711
6411 0.8711
6412 0.8711
6413 0.8711
6414 0.8711
6415 0.8711
6416 0.8711
6417 0.8711
6418 0.8711
6419 0.8711
6420 0.8711
6421 0.8711
6422 0.8711
6423 0.8711
6424 0.8711
6425 0.8711
6426 0.8711
6427 0.8711
6428 0.8711
6429 0.8711
6430 0.8711
6431 0.8711
6432 0.8711
6433 0.8711
6434 0.8711
6435 0.8711
6436 0.8711
6437 0.8711
6438 0.8711
6439 0.8711
6440 0.8711
6441 0.8711
6442 0.8722
6443 0.8722
6444 0.8722
6445 0.8722
6446 0.8722
6447 0.8722
6448 0.8722
6449 0.8722
6450 0.8722
6451 0.8722
6452 0.8722
6453 0.8722
6454 0.8722
6455 0.8722
6456 0.8722
6457 0.8722
6458 0.8722
6459 0.8722
6460 0.8722
6461 0.8722
6462 0.8722
6463 0.8722
6464 0.8722
6465 0.8722
6466 0.8722
6467 0.8722
6468 0.8722
6469 0.8722
6470 0.8733
6471 0.8733
6472 0.8733
6473 0.8733
6474 0.8733
6475 0.8733
6476 0.8733
6477 0.8733
6478 0.8733
6479 0.8733
6480 0.8733
6481 0.8733
6482 0.8733
6483 0.8733
6484 0.8733
6485 0.8733
6486 0.8733
6487 0.8733
6488 0.8733
6489 0.8733
6490 0.8733
6491 0.8733
6492 0.8733
6493 0.8733
6494 0.8733
6495 0.8733
6496 0.8733
6497 0.8733
6498 0.8733
6499 0.8744
6500 0.8744
6501 0.8744
6502 0.8744
6503 0.8756
6504 0.8756
6505 0.8756
6506 0.8756
6507 0.8756
6508 0.8756
6509 0.8756
6510 0.8756
6511 0.8756
6512 0.8756
6513 0.8756
6514 0.8756
6515 0.8756
6516 0.8756
6517 0.8756
6518 0.8756
6519 0.8756
6520 0.8756
6521 0.8756
6522 0.8756
6523 0.8767
6524 0.8767
6525 0.8767
6526 0.8767
6527 0.8767
6528 0.8767
6529 0.8767
6530 0.8767
6531 0.8767
6532 0.8767
6533 0.8767
6534 0.8767
6535 0.8767
6536 0.8767
6537 0.8767
6538 0.8767
6539 0.8767
6540 0.8767
6541 0.8767
6542 0.8767
6543 0.8767
6544 0.8767
6545 0.8767
6546 0.8767
6547 0.8767
6548 0.8767
6549 0.8767
6550 0.8767
6551 0.8767
6552 0.8767
6553 0.8767
6554 0.8767
6555 0.8767
6556 0.8767
6557 0.8767
6558 0.8767
6559 0.8767
6560 0.8767
6561 0.8767
6562 0.8767
6563 0.8767
6564 0.8767
6565 0.8767
6566 0.8778
6567 0.8778
6568 0.8778
6569 0.8778
6570 0.8778
6571 0.8778
6572 0.8778
6573 0.8778
6574 0.8778
6575 0.8778
6576 0.8778
6577 0.8778
6578 0.8789
6579 0.8789
6580 0.8789
6581 0.8789
6582 0.8789
6583 0.8789
6584 0.8789
6585 0.8789
6586 0.8789
6587 0.8789
6588 0.8789
6589 0.8789
6590 0.8789
6591 0.8789
6592 0.8789
6593 0.8789
6594 0.8789
6595 0.8789
6596 0.8789
6597 0.8789
6598 0.8789
6599 0.8789
6600 0.8789
6601 0.8789
6602 0.8800
6603 0.8800
6604 0.8800
6605 0.8800
6606 0.8800
6607 0.8800
6608 0.8800
6609 0.8800
6610 0.8800
6611 0.8800
6612 0.8800
6613 0.8800
6614 0.8800
6615 0.8800
6616 0.8800
6617 0.8800
6618 0.8800
6619 0.8800
6620 0.8800
6621 0.8800
6622 0.8800
6623 0.8800
6624 0.8800
6625 0.8800
6626 0.8800
6627 0.8800
6628 0.8800
6629 0.8800
6630 0.8811
6631 0.8811
6632 0.8811
6633 0.8811
6634 0.8811
6635 0.8811
6636 0.8811
6637 0.8811
6638 0.8811
6639 0.8822
6640 0.8822
6641 0.8822
6642 0.8822
6643 0.8822
6644 0.8822
6645 0.8822
6646 0.8822
6647 0.8822
6648 0.8822
6649 0.8822
6650 0.8822
6651 0.8822
6652 0.8822
6653 0.8822
6654 0.8822
6655 0.8822
6656 0.8822
6657 0.8822
6658 0.8822
6659 0.8822
6660 0.8822
6661 0.8822
6662 0.8822
6663 0.8822
6664 0.8822
6665 0.8822
6666 0.8822
6667 0.8822
6668 0.8822
6669 0.8822
6670 0.8822
6671 0.8822
6672 0.8822
6673 0.8822
6674 0.8822
6675 0.8822
6676 0.8822
6677 0.8822
6678 0.8822
6679 0.8822
6680 0.8822
6681 0.8822
6682 0.8822
6683 0.8822
6684 0.8833
6685 0.8833
6686 0.8833
6687 0.8833
6688 0.8833
6689 0.8833
6690 0.8833
6691 0.8833
6692 0.8833
6693 0.8833
6694 0.8833
6695 0.8833
6696 0.8833
6697 0.8833
6698 0.8833
6699 0.8833
6700 0.8833
6701 0.8833
6702 0.8833
6703 0.8833
6704 0.8833
6705 0.8833
6706 0.8833
6707 0.8833
6708 0.8833
6709 0.8833
6710 0.8833
6711 0.8833
6712 0.8833
6713 0.8833
6714 0.8833
6715 0.8833
6716 0.8833
6717 0.8833
6718 0.8833
6719 0.8833
6720 0.8833
6721 0.8833
6722 0.8833
6723 0.8833
6724 0.8833
6725 0.8833
6726 0.8833
6727 0.8833
6728 0.8833
6729 0.8833
6730 0.8833
6731 0.8833
6732 0.8833
6733 0.8833
6734 0.8833
6735 0.8833
6736 0.8833
6737 0.8833
6738 0.8833
6739 0.8833
6740 0.8833
6741 0.8833
6742 0.8833
6743 0.8833
6744 0.8833
6745 0.8833
6746 0.8833
6747 0.8833
6748 0.8833
6749 0.8833
6750 0.8833
6751 0.8833
6752 0.8844
6753 0.8844
6754 0.8844
6755 0.8844
6756 0.8844
6757 0.8844
6758 0.8844
6759 0.8844
6760 0.8844
6761 0.8844
6762 0.8844
6763 0.8844
6764 0.8844
6765 0.8844
6766 0.8844
6767 0.8844
6768 0.8844
6769 0.8844
6770 0.8844
6771 0.8844
6772 0.8844
6773 0.8844
6774 0.8844
6775 0.8844
6776 0.8844
6777 0.8844
6778 0.8844
6779 0.8844
6780 0.8844
6781 0.8844
6782 0.8844
6783 0.8844
6784 0.8844
6785 0.8844
6786 0.8844
6787 0.8844
6788 0.8844
6789 0.8844
6790 0.8844
6791 0.8844
6792 0.8844
6793 0.8844
6794 0.8844
6795 0.8844
6796 0.8844
6797 0.8844
6798 0.8844
6799 0.8844
6800 0.8844
6801 0.8844
6802 0.8844
6803 0.8844
6804 0.8844
6805 0.8856
6806 0.8856
6807 0.8856
6808 0.8856
6809 0.8856
6810 0.8856
6811 0.8856
6812 0.8856
6813 0.8856
6814 0.8856
6815 0.8856
6816 0.8856
6817 0.8856
6818 0.8856
6819 0.8856
6820 0.8856
6821 0.8856
6822 0.8856
6823 0.8856
6824 0.8856
6825 0.8856
6826 0.8856
6827 0.8856
6828 0.8856
6829 0.8856
6830 0.8856
6831 0.8856
6832 0.8856
6833 0.8867
6834 0.8867
6835 0.8867
6836 0.8867
6837 0.8867
6838 0.8867
6839 0.8867
6840 0.8867
6841 0.8867
6842 0.8867
6843 0.8867
6844 0.8867
6845 0.8867
6846 0.8867
6847 0.8867
6848 0.8867
6849 0.8867
6850 0.8867
6851 0.8867
6852 0.8867
6853 0.8867
6854 0.8867
6855 0.8867
6856 0.8867
6857 0.8867
6858 0.8867
6859 0.8867
6860 0.8867
6861 0.8867
6862 0.8867
6863 0.8867
6864 0.8867
6865 0.8867
6866 0.8867
6867 0.8867
6868 0.8867
6869 0.8867
6870 0.8867
6871 0.8867
6872 0.8867
6873 0.8867
6874 0.8867
6875 0.8867
6876 0.8867
6877 0.8867
6878 0.8867
6879 0.8867
6880 0.8867
6881 0.8867
6882 0.8867
6883 0.8867
6884 0.8867
6885 0.8867
6886 0.8867
6887 0.8867
6888 0.8867
6889 0.8867
6890 0.8867
6891 0.8867
6892 0.8867
6893 0.8867
6894 0.8867
6895 0.8867
6896 0.8867
6897 0.8867
6898 0.8867
6899 0.8867
6900 0.8867
6901 0.8867
6902 0.8867
6903 0.8867
6904 0.8867
6905 0.8867
6906 0.8867
6907 0.8867
6908 0.8867
6909 0.8867
6910 0.8867
6911 0.8867
6912 0.8867
6913 0.8867
6914 0.8867
6915 0.8867
6916 0.8867
6917 0.8878
6918 0.8878
6919 0.8878
6920 0.8878
6921 0.8878
6922 0.8878
6923 0.8878
6924 0.8878
6925 0.8878
6926 0.8878
6927 0.8878
6928 0.8878
6929 0.8878
6930 0.8878
6931 0.8878
6932 0.8878
6933 0.8878
6934 0.8878
6935 0.8878
6936 0.8889
6937 0.8889
6938 0.8889
6939 0.8889
6940 0.8889
6941 0.8889
6942 0.8889
6943 0.8900
6944 0.8900
6945 0.8900
6946 0.8900
6947 0.8900
6948 0.8900
6949 0.8900
6950 0.8900
6951 0.8900
6952 0.8900
6953 0.8900
6954 0.8900
6955 0.8900
6956 0.8900
6957 0.8900
6958 0.8900
6959 0.8900
6960 0.8900
6961 0.8911
6962 0.8911
6963 0.8911
6964 0.8911
6965 0.8911
6966 0.8911
6967 0.8911
6968 0.8911
6969 0.8911
6970 0.8911
6971 0.8911
6972 0.8911
6973 0.8911
6974 0.8911
6975 0.8911
6976 0.8911
6977 0.8911
6978 0.8911
6979 0.8911
6980 0.8911
6981 0.8911
6982 0.8911
6983 0.8911
6984 0.8911
6985 0.8911
6986 0.8911
6987 0.8911
6988 0.8911
6989 0.8911
6990 0.8911
6991 0.8911
6992 0.8911
6993 0.8911
6994 0.8911
6995 0.8911
6996 0.8911
6997 0.8911
6998 0.8911
6999 0.8911
7000 0.8911
7001 0.8911
7002 0.8911
7003 0.8911
7004 0.8911
7005 0.8911
7006 0.8911
7007 0.8911
7008 0.8911
7009 0.8911
7010 0.8911
7011 0.8911
7012 0.8911
7013 0.8911
7014 0.8911
7015 0.8911
7016 0.8911
7017 0.8911
7018 0.8911
7019 0.8911
7020 0.8911
7021 0.8911
7022 0.8911
7023 0.8911
7024 0.8911
7025 0.8911
7026 0.8911
7027 0.8911
7028 0.8911
7029 0.8911
7030 0.8911
7031 0.8911
7032 0.8911
7033 0.8911
7034 0.8911
7035 0.8911
7036 0.8911
7037 0.8911
7038 0.8911
7039 0.8911
7040 0.8911
7041 0.8911
7042 0.8911
7043 0.8911
7044 0.8911
7045 0.8911
7046 0.8911
7047 0.8922
7048 0.8922
7049 0.8922
7050 0.8933
7051 0.8933
7052 0.8933
7053 0.8933
7054 0.8933
7055 0.8933
7056 0.8933
7057 0.8933
7058 0.8933
7059 0.8933
7060 0.8944
7061 0.8944
7062 0.8944
7063 0.8944
7064 0.8944
7065 0.8944
7066 0.8944
7067 0.8944
7068 0.8944
7069 0.8944
7070 0.8944
7071 0.8944
7072 0.8944
7073 0.8944
7074 0.8944
7075 0.8944
7076 0.8944
7077 0.8944
7078 0.8944
7079 0.8944
7080 0.8944
7081 0.8956
7082 0.8956
7083 0.8956
7084 0.8956
7085 0.8956
7086 0.8956
7087 0.8956
7088 0.8956
7089 0.8956
7090 0.8956
7091 0.8956
7092 0.8956
7093 0.8956
7094 0.8956
7095 0.8956
7096 0.8956
7097 0.8956
7098 0.8956
7099 0.8956
7100 0.8956
7101 0.8956
7102 0.8956
7103 0.8956
7104 0.8956
7105 0.8956
7106 0.8956
7107 0.8956
7108 0.8956
7109 0.8956
7110 0.8956
7111 0.8956
7112 0.8956
7113 0.8956
7114 0.8956
7115 0.8956
7116 0.8956
7117 0.8956
7118 0.8956
7119 0.8956
7120 0.8956
7121 0.8956
7122 0.8956
7123 0.8956
7124 0.8956
7125 0.8956
7126 0.8956
7127 0.8956
7128 0.8956
7129 0.8956
7130 0.8956
7131 0.8956
7132 0.8956
7133 0.8956
7134 0.8956
7135 0.8956
7136 0.8956
7137 0.8956
7138 0.8956
7139 0.8956
7140 0.8956
7141 0.8956
7142 0.8956
7143 0.8956
7144 0.8956
7145 0.8956
7146 0.8956
7147 0.8956
7148 0.8956
7149 0.8956
7150 0.8956
7151 0.8956
7152 0.8956
7153 0.8956
7154 0.8956
7155 0.8956
7156 0.8956
7157 0.8956
7158 0.8956
7159 0.8956
7160 0.8956
7161 0.8956
7162 0.8956
7163 0.8956
7164 0.8956
7165 0.8956
7166 0.8967
7167 0.8967
7168 0.8967
7169 0.8967
7170 0.8967
7171 0.8967
7172 0.8978
7173 0.8978
7174 0.8978
7175 0.8978
7176 0.8978
7177 0.8978
7178 0.8978
7179 0.8978
7180 0.8978
7181 0.8978
7182 0.8978
7183 0.8978
7184 0.8978
7185 0.8978
7186 0.8978
7187 0.8978
7188 0.8978
7189 0.8978
7190 0.8978
7191 0.8978
7192 0.8978
7193 0.8978
7194 0.8978
7195 0.8978
7196 0.8978
7197 0.8978
7198 0.8978
7199 0.8978
7200 0.8978
7201 0.8978
7202 0.8978
7203 0.8978
7204 0.8978
7205 0.8978
7206 0.8978
7207 0.8978
7208 0.8978
7209 0.8978
7210 0.8978
7211 0.8978
7212 0.8978
7213 0.8978
7214 0.8978
7215 0.8978
7216 0.8989
7217 0.8989
7218 0.8989
7219 0.8989
7220 0.8989
7221 0.8989
7222 0.8989
7223 0.8989
7224 0.8989
7225 0.8989
7226 0.8989
7227 0.8989
7228 0.8989
7229 0.8989
7230 0.8989
7231 0.8989
7232 0.8989
7233 0.8989
7234 0.8989
7235 0.8989
7236 0.8989
7237 0.8989
7238 0.8989
7239 0.8989
7240 0.8989
7241 0.8989
7242 0.8989
7243 0.8989
7244 0.8989
7245 0.8989
7246 0.8989
7247 0.8989
7248 0.8989
7249 0.8989
7250 0.8989
7251 0.8989
7252 0.8989
7253 0.8989
7254 0.8989
7255 0.8989
7256 0.8989
7257 0.8989
7258 0.8989
7259 0.8989
7260 0.8989
7261 0.8989
7262 0.8989
7263 0.8989
7264 0.8989
7265 0.8989
7266 0.8989
7267 0.8989
7268 0.8989
7269 0.8989
7270 0.8989
7271 0.8989
7272 0.8989
7273 0.8989
7274 0.8989
7275 0.8989
7276 0.8989
7277 0.8989
7278 0.8989
7279 0.8989
7280 0.8989
7281 0.8989
7282 0.8989
7283 0.8989
7284 0.8989
7285 0.8989
7286 0.8989
7287 0.8989
7288 0.8989
7289 0.8989
7290 0.8989
7291 0.8989
7292 0.8989
7293 0.8989
7294 0.8989
7295 0.8989
7296 0.9000
7297 0.9000
7298 0.9011
7299 0.9011
7300 0.9011
7301 0.9011
7302 0.9011
7303 0.9011
7304 0.9011
7305 0.9011
7306 0.9011
7307 0.9011
7308 0.9011
7309 0.9011
7310 0.9011
7311 0.9011
7312 0.9022
7313 0.9022
7314 0.9033
7315 0.9033
7316 0.9033
7317 0.9033
7318 0.9033
7319 0.9033
7320 0.9033
7321 0.9033
7322 0.9033
7323 0.9033
7324 0.9033
7325 0.9044
7326 0.9044
7327 0.9044
7328 0.9044
7329 0.9044
7330 0.9044
7331 0.9044
7332 0.9044
7333 0.9044
7334 0.9044
7335 0.9044
7336 0.9044
7337 0.9044
7338 0.9044
7339 0.9044
7340 0.9044
7341 0.9044
7342 0.9044
7343 0.9044
7344 0.9044
7345 0.9044
7346 0.9044
7347 0.9044
7348 0.9044
7349 0.9044
7350 0.9044
7351 0.9044
7352 0.9044
7353 0.9044
7354 0.9044
7355 0.9044
7356 0.9044
7357 0.9044
7358 0.9044
7359 0.9044
7360 0.9044
7361 0.9044
7362 0.9044
7363 0.9044
7364 0.9044
7365 0.9044
7366 0.9044
7367 0.9044
7368 0.9056
7369 0.9056
7370 0.9056
7371 0.9056
7372 0.9056
7373 0.9056
7374 0.9056
7375 0.9056
7376 0.9056
7377 0.9067
7378 0.9067
7379 0.9067
7380 0.9067
7381 0.9067
7382 0.9067
7383 0.9067
7384 0.9067
7385 0.9067
7386 0.9067
7387 0.9067
7388 0.9067
7389 0.9067
7390 0.9067
7391 0.9067
7392 0.9067
7393 0.9067
7394 0.9067
7395 0.9067
7396 0.9067
7397 0.9067
7398 0.9067
7399 0.9067
7400 0.9067
7401 0.9067
7402 0.9067
7403 0.9067
7404 0.9067
7405 0.9067
7406 0.9078
7407 0.9078
7408 0.9078
7409 0.9078
7410 0.9078
7411 0.9078
7412 0.9078
7413 0.9078
7414 0.9078
7415 0.9078
7416 0.9078
7417 0.9078
7418 0.9078
7419 0.9078
7420 0.9078
7421 0.9078
7422 0.9078
7423 0.9078
7424 0.9078
7425 0.9078
7426 0.9078
7427 0.9078
7428 0.9078
7429 0.9078
7430 0.9078
7431 0.9078
7432 0.9078
7433 0.9078
7434 0.9078
7435 0.9078
7436 0.9078
7437 0.9078
7438 0.9078
7439 0.9078
7440 0.9078
7441 0.9078
7442 0.9078
7443 0.9078
7444 0.9078
7445 0.9078
7446 0.9078
7447 0.9078
7448 0.9078
7449 0.9078
7450 0.9078
7451 0.9078
7452 0.9078
7453 0.9078
7454 0.9078
7455 0.9078
7456 0.9078
7457 0.9078
7458 0.9078
7459 0.9078
7460 0.9078
7461 0.9078
7462 0.9078
7463 0.9078
7464 0.9078
7465 0.9078
7466 0.9078
7467 0.9078
7468 0.9078
7469 0.9078
7470 0.9078
7471 0.9078
7472 0.9078
7473 0.9078
7474 0.9078
7475 0.9078
7476 0.9078
7477 0.9078
7478 0.9078
7479 0.9078
7480 0.9078
7481 0.9078
7482 0.9078
7483 0.9078
7484 0.9078
7485 0.9078
7486 0.9078
7487 0.9078
7488 0.9089
7489 0.9100
7490 0.9100
7491 0.9100
7492 0.9100
7493 0.9100
7494 0.9100
7495 0.9100
7496 0.9100
7497 0.9100
7498 0.9100
7499 0.9100
7500 0.9100
7501 0.9100
7502 0.9100
7503 0.9100
7504 0.9100
7505 0.9100
7506 0.9100
7507 0.9100
7508 0.9100
7509 0.9100
7510 0.9100
7511 0.9100
7512 0.9100
7513 0.9100
7514 0.9100
7515 0.9100
7516 0.9100
7517 0.9100
7518 0.9100
7519 0.9100
7520 0.9100
7521 0.9100
7522 0.9100
7523 0.9100
7524 0.9100
7525 0.9100
7526 0.9100
7527 0.9100
7528 0.9100
7529 0.9100
7530 0.9100
7531 0.9100
7532 0.9100
7533 0.9100
7534 0.9100
7535 0.9100
7536 0.9100
7537 0.9100
7538 0.9100
7539 0.9100
7540 0.9100
7541 0.9100
7542 0.9100
7543 0.9100
7544 0.9111
7545 0.9111
7546 0.9111
7547 0.9111
7548 0.9111
7549 0.9111
7550 0.9111
7551 0.9111
7552 0.9111
7553 0.9111
7554 0.9111
7555 0.9111
7556 0.9111
7557 0.9111
7558 0.9111
7559 0.9111
7560 0.9111
7561 0.9122
7562 0.9122
7563 0.9122
7564 0.9122
7565 0.9122
7566 0.9122
7567 0.9122
7568 0.9122
7569 0.9122
7570 0.9122
7571 0.9122
7572 0.9122
7573 0.9122
7574 0.9122
7575 0.9122
7576 0.9122
7577 0.9122
7578 0.9122
7579 0.9122
7580 0.9122
7581 0.9122
7582 0.9122
7583 0.9122
7584 0.9122
7585 0.9122
7586 0.9122
7587 0.9122
7588 0.9122
7589 0.9122
7590 0.9122
7591 0.9122
7592 0.9122
7593 0.9122
7594 0.9122
7595 0.9122
7596 0.9122
7597 0.9122
7598 0.9122
7599 0.9122
7600 0.9122
7601 0.9122
7602 0.9122
7603 0.9122
7604 0.9122
7605 0.9133
7606 0.9133
7607 0.9133
7608 0.9133
7609 0.9133
7610 0.9133
7611 0.9133
7612 0.9133
7613 0.9133
7614 0.9133
7615 0.9133
7616 0.9133
7617 0.9133
7618 0.9133
7619 0.9133
7620 0.9133
7621 0.9133
7622 0.9133
7623 0.9133
7624 0.9133
7625 0.9133
7626 0.9133
7627 0.9133
7628 0.9133
7629 0.9133
7630 0.9133
7631 0.9133
7632 0.9133
7633 0.9133
7634 0.9133
7635 0.9133
7636 0.9133
7637 0.9133
7638 0.9133
7639 0.9133
7640 0.9133
7641 0.9133
7642 0.9133
7643 0.9133
7644 0.9133
7645 0.9133
7646 0.9133
7647 0.9133
7648 0.9133
7649 0.9133
7650 0.9133
7651 0.9133
7652 0.9133
7653 0.9133
7654 0.9133
7655 0.9133
7656 0.9133
7657 0.9133
7658 0.9133
7659 0.9133
7660 0.9133
7661 0.9133
7662 0.9133
7663 0.9133
7664 0.9133
7665 0.9133
7666 0.9133
7667 0.9133
7668 0.9133
7669 0.9133
7670 0.9133
7671 0.9133
7672 0.9133
7673 0.9133
7674 0.9133
7675 0.9133
7676 0.9133
7677 0.9133
7678 0.9133
7679 0.9133
7680 0.9133
7681 0.9133
7682 0.9133
7683 0.9133
7684 0.9133
7685 0.9133
7686 0.9144
7687 0.9144
7688 0.9144
7689 0.9144
7690 0.9144
7691 0.9144
7692 0.9144
7693 0.9144
7694 0.9144
7695 0.9144
7696 0.9144
7697 0.9144
7698 0.9144
7699 0.9144
7700 0.9144
7701 0.9144
7702 0.9144
7703 0.9144
7704 0.9144
7705 0.9144
7706 0.9144
7707 0.9144
7708 0.9144
7709 0.9144
7710 0.9144
7711 0.9144
7712 0.9144
7713 0.9144
7714 0.9144
7715 0.9144
7716 0.9144
7717 0.9144
7718 0.9144
7719 0.9144
7720 0.9144
7721 0.9144
7722 0.9144
7723 0.9144
7724 0.9144
7725 0.9144
7726 0.9144
7727 0.9144
7728 0.9144
7729 0.9144
7730 0.9144
7731 0.9144
7732 0.9144
7733 0.9144
7734 0.9144
7735 0.9144
7736 0.9144
7737 0.9144
7738 0.9144
7739 0.9144
7740 0.9144
7741 0.9144
7742 0.9144
7743 0.9144
7744 0.9144
7745 0.9144
7746 0.9144
7747 0.9144
7748 0.9144
7749 0.9144
7750 0.9144
7751 0.9144
7752 0.9144
7753 0.9144
7754 0.9144
7755 0.9144
7756 0.9144
7757 0.9144
7758 0.9144
7759 0.9144
7760 0.9144
7761 0.9144
7762 0.9144
7763 0.9144
7764 0.9144
7765 0.9144
7766 0.9144
7767 0.9144
7768 0.9144
7769 0.9144
7770 0.9144
7771 0.9144
7772 0.9144
7773 0.9144
7774 0.9144
7775 0.9144
7776 0.9144
7777 0.9144
7778 0.9156
7779 0.9156
7780 0.9156
7781 0.9156
7782 0.9156
7783 0.9156
7784 0.9156
7785 0.9156
7786 0.9156
7787 0.9156
7788 0.9156
7789 0.9156
7790 0.9156
7791 0.9156
7792 0.9156
7793 0.9156
7794 0.9156
7795 0.9156
7796 0.9156
7797 0.9156
7798 0.9156
7799 0.9156
7800 0.9156
7801 0.9156
7802 0.9156
7803 0.9156
7804 0.9156
7805 0.9156
7806 0.9156
7807 0.9156
7808 0.9156
7809 0.9156
7810 0.9156
7811 0.9156
7812 0.9156
7813 0.9156
7814 0.9156
7815 0.9156
7816 0.9156
7817 0.9156
7818 0.9156
7819 0.9156
7820 0.9156
7821 0.9156
7822 0.9156
7823 0.9156
7824 0.9156
7825 0.9156
7826 0.9156
7827 0.9156
7828 0.9156
7829 0.9156
7830 0.9156
7831 0.9156
7832 0.9156
7833 0.9156
7834 0.9156
7835 0.9156
7836 0.9156
7837 0.9156
7838 0.9156
7839 0.9156
7840 0.9156
7841 0.9156
7842 0.9156
7843 0.9156
7844 0.9156
7845 0.9156
7846 0.9156
7847 0.9156
7848 0.9156
7849 0.9156
7850 0.9156
7851 0.9156
7852 0.9156
7853 0.9156
7854 0.9156
7855 0.9156
7856 0.9156
7857 0.9156
7858 0.9156
7859 0.9156
7860 0.9156
7861 0.9156
7862 0.9156
7863 0.9156
7864 0.9156
7865 0.9156
7866 0.9156
7867 0.9156
7868 0.9156
7869 0.9156
7870 0.9156
7871 0.9156
7872 0.9156
7873 0.9156
7874 0.9156
7875 0.9156
7876 0.9156
7877 0.9156
7878 0.9156
7879 0.9156
7880 0.9156
7881 0.9156
7882 0.9156
7883 0.9156
7884 0.9156
7885 0.9156
7886 0.9156
7887 0.9156
7888 0.9156
7889 0.9156
7890 0.9156
7891 0.9156
7892 0.9156
7893 0.9156
7894 0.9156
7895 0.9156
7896 0.9156
7897 0.9156
7898 0.9156
7899 0.9156
7900 0.9156
7901 0.9156
7902 0.9156
7903 0.9156
7904 0.9156
7905 0.9156
7906 0.9156
7907 0.9156
7908 0.9156
7909 0.9156
7910 0.9156
7911 0.9156
7912 0.9156
7913 0.9156
7914 0.9156
7915 0.9156
7916 0.9156
7917 0.9156
7918 0.9156
7919 0.9156
7920 0.9156
7921 0.9156
7922 0.9156
7923 0.9156
7924 0.9156
7925 0.9156
7926 0.9156
7927 0.9156
7928 0.9156
7929 0.9156
7930 0.9156
7931 0.9156
7932 0.9156
7933 0.9167
7934 0.9167
7935 0.9167
7936 0.9167
7937 0.9167
7938 0.9167
7939 0.9167
7940 0.9178
7941 0.9178
7942 0.9178
7943 0.9178
7944 0.9178
7945 0.9178
7946 0.9178
7947 0.9178
7948 0.9178
7949 0.9178
7950 0.9178
7951 0.9178
7952 0.9178
7953 0.9189
7954 0.9189
7955 0.9189
7956 0.9189
7957 0.9189
7958 0.9189
7959 0.9189
7960 0.9189
7961 0.9189
7962 0.9189
7963 0.9189
7964 0.9189
7965 0.9189
7966 0.9189
7967 0.9189
7968 0.9189
7969 0.9189
7970 0.9189
7971 0.9189
7972 0.9189
7973 0.9189
7974 0.9189
7975 0.9189
7976 0.9189
7977 0.9189
7978 0.9189
7979 0.9189
7980 0.9189
7981 0.9189
7982 0.9189
7983 0.9189
7984 0.9189
7985 0.9189
7986 0.9189
7987 0.9189
7988 0.9189
7989 0.9189
7990 0.9189
7991 0.9200
7992 0.9200
7993 0.9200
7994 0.9200
7995 0.9200
7996 0.9200
7997 0.9200
7998 0.9200
7999 0.9200
8000 0.9200
8001 0.9200
8002 0.9200
8003 0.9200
8004 0.9200
8005 0.9211
8006 0.9211
8007 0.9211
8008 0.9211
8009 0.9211
8010 0.9211
8011 0.9211
8012 0.9211
8013 0.9222
8014 0.9222
8015 0.9222
8016 0.9222
8017 0.9222
8018 0.9222
8019 0.9222
8020 0.9222
8021 0.9222
8022 0.9222
8023 0.9222
8024 0.9222
8025 0.9222
8026 0.9222
8027 0.9222
8028 0.9222
8029 0.9233
8030 0.9233
8031 0.9233
8032 0.9233
8033 0.9233
8034 0.9233
8035 0.9233
8036 0.9233
8037 0.9233
8038 0.9233
8039 0.9233
8040 0.9233
8041 0.9233
8042 0.9233
8043 0.9233
8044 0.9233
8045 0.9233
8046 0.9233
8047 0.9233
8048 0.9233
8049 0.9233
8050 0.9233
8051 0.9233
8052 0.9233
8053 0.9233
8054 0.9233
8055 0.9233
8056 0.9233
8057 0.9233
8058 0.9233
8059 0.9233
8060 0.9233
8061 0.9233
8062 0.9233
8063 0.9233
8064 0.9233
8065 0.9233
8066 0.9233
8067 0.9233
8068 0.9233
8069 0.9233
8070 0.9233
8071 0.9233
8072 0.9233
8073 0.9233
8074 0.9233
8075 0.9233
8076 0.9244
8077 0.9256
8078 0.9256
8079 0.9256
8080 0.9256
8081 0.9256
8082 0.9256
8083 0.9256
8084 0.9256
8085 0.9256
8086 0.9256
8087 0.9256
8088 0.9256
8089 0.9256
8090 0.9256
8091 0.9256
8092 0.9256
8093 0.9256
8094 0.9256
8095 0.9256
8096 0.9256
8097 0.9256
8098 0.9256
8099 0.9256
8100 0.9256
8101 0.9256
8102 0.9256
8103 0.9256
8104 0.9256
8105 0.9256
8106 0.9256
8107 0.9256
8108 0.9256
8109 0.9256
8110 0.9256
8111 0.9256
8112 0.9256
8113 0.9267
8114 0.9267
8115 0.9267
8116 0.9267
8117 0.9267
8118 0.9267
8119 0.9267
8120 0.9267
8121 0.9267
8122 0.9267
8123 0.9267
8124 0.9267
8125 0.9267
8126 0.9267
8127 0.9267
8128 0.9267
8129 0.9267
8130 0.9267
8131 0.9267
8132 0.9267
8133 0.9267
8134 0.9267
8135 0.9267
8136 0.9267
8137 0.9267
8138 0.9267
8139 0.9267
8140 0.9267
8141 0.9278
8142 0.9278
8143 0.9278
8144 0.9278
8145 0.9289
8146 0.9289
8147 0.9289
8148 0.9289
8149 0.9289
8150 0.9289
8151 0.9289
8152 0.9289
8153 0.9289
8154 0.9289
8155 0.9289
8156 0.9289
8157 0.9289
8158 0.9289
8159 0.9289
8160 0.9289
8161 0.9289
8162 0.9289
8163 0.9289
8164 0.9289
8165 0.9289
8166 0.9289
8167 0.9289
8168 0.9289
8169 0.9289
8170 0.9289
8171 0.9300
8172 0.9300
8173 0.9300
8174 0.9300
8175 0.9300
8176 0.9300
8177 0.9300
8178 0.9300
8179 0.9311
8180 0.9311
8181 0.9311
8182 0.9311
8183 0.9311
8184 0.9311
8185 0.9311
8186 0.9311
8187 0.9322
8188 0.9322
8189 0.9322
8190 0.9322
8191 0.9322
8192 0.9322
8193 0.9322
8194 0.9322
8195 0.9322
8196 0.9322
8197 0.9322
8198 0.9333
8199 0.9333
8200 0.9333
8201 0.9333
8202 0.9333
8203 0.9333
8204 0.9333
8205 0.9333
8206 0.9333
8207 0.9333
8208 0.9333
8209 0.9333
8210 0.9333
8211 0.9333
8212 0.9333
8213 0.9333
8214 0.9333
8215 0.9333
8216 0.9333
8217 0.9333
8218 0.9333
8219 0.9333
8220 0.9333
8221 0.9333
8222 0.9333
8223 0.9333
8224 0.9333
8225 0.9333
8226 0.9333
8227 0.9333
8228 0.9333
8229 0.9333
8230 0.9333
8231 0.9333
8232 0.9333
8233 0.9333
8234 0.9333
8235 0.9333
8236 0.9333
8237 0.9333
8238 0.9333
8239 0.9333
8240 0.9333
8241 0.9333
8242 0.9333
8243 0.9333
8244 0.9333
8245 0.9344
8246 0.9344
8247 0.9344
8248 0.9344
8249 0.9344
8250 0.9344
8251 0.9344
8252 0.9344
8253 0.9344
8254 0.9344
8255 0.9344
8256 0.9344
8257 0.9344
8258 0.9344
8259 0.9344
8260 0.9344
8261 0.9344
8262 0.9344
8263 0.9344
8264 0.9344
8265 0.9344
8266 0.9344
8267 0.9344
8268 0.9344
8269 0.9344
8270 0.9344
8271 0.9344
8272 0.9344
8273 0.9344
8274 0.9344
8275 0.9344
8276 0.9344
8277 0.9344
8278 0.9344
8279 0.9344
8280 0.9356
8281 0.9356
8282 0.9356
8283 0.9356
8284 0.9356
8285 0.9356
8286 0.9356
8287 0.9356
8288 0.9356
8289 0.9356
8290 0.9356
8291 0.9356
8292 0.9356
8293 0.9356
8294 0.9356
8295 0.9356
8296 0.9356
8297 0.9356
8298 0.9356
8299 0.9356
8300 0.9356
8301 0.9356
8302 0.9356
8303 0.9356
8304 0.9356
8305 0.9356
8306 0.9356
8307 0.9356
8308 0.9356
8309 0.9356
8310 0.9356
8311 0.9356
8312 0.9356
8313 0.9356
8314 0.9356
8315 0.9356
8316 0.9356
8317 0.9356
8318 0.9356
8319 0.9356
8320 0.9356
8321 0.9356
8322 0.9356
8323 0.9356
8324 0.9356
8325 0.9356
8326 0.9356
8327 0.9367
8328 0.9367
8329 0.9367
8330 0.9367
8331 0.9367
8332 0.9367
8333 0.9367
8334 0.9367
8335 0.9367
8336 0.9367
8337 0.9367
8338 0.9367
8339 0.9367
8340 0.9367
8341 0.9367
8342 0.9367
8343 0.9367
8344 0.9367
8345 0.9367
8346 0.9367
8347 0.9367
8348 0.9367
8349 0.9367
8350 0.9367
8351 0.9367
8352 0.9367
8353 0.9367
8354 0.9367
8355 0.9367
8356 0.9367
8357 0.9367
8358 0.9367
8359 0.9367
8360 0.9367
8361 0.9367
8362 0.9367
8363 0.9367
8364 0.9367
8365 0.9367
8366 0.9367
8367 0.9367
8368 0.9367
8369 0.9367
8370 0.9367
8371 0.9367
8372 0.9378
8373 0.9378
8374 0.9378
8375 0.9378
8376 0.9378
8377 0.9378
8378 0.9378
8379 0.9378
8380 0.9378
8381 0.9378
8382 0.9378
8383 0.9378
8384 0.9378
8385 0.9378
8386 0.9378
8387 0.9378
8388 0.9378
8389 0.9378
8390 0.9378
8391 0.9378
8392 0.9378
8393 0.9378
8394 0.9378
8395 0.9378
8396 0.9378
8397 0.9378
8398 0.9378
8399 0.9378
8400 0.9378
8401 0.9378
8402 0.9378
8403 0.9389
8404 0.9389
8405 0.9389
8406 0.9389
8407 0.9389
8408 0.9389
8409 0.9389
8410 0.9389
8411 0.9389
8412 0.9389
8413 0.9389
8414 0.9389
8415 0.9389
8416 0.9389
8417 0.9389
8418 0.9389
8419 0.9389
8420 0.9389
8421 0.9389
8422 0.9389
8423 0.9389
8424 0.9389
8425 0.9389
8426 0.9389
8427 0.9389
8428 0.9389
8429 0.9389
8430 0.9389
8431 0.9389
8432 0.9389
8433 0.9389
8434 0.9389
8435 0.9389
8436 0.9389
8437 0.9389
8438 0.9389
8439 0.9389
8440 0.9389
8441 0.9389
8442 0.9389
8443 0.9389
8444 0.9389
8445 0.9389
8446 0.9389
8447 0.9389
8448 0.9389
8449 0.9389
8450 0.9389
8451 0.9389
8452 0.9389
8453 0.9389
8454 0.9389
8455 0.9389
8456 0.9389
8457 0.9389
8458 0.9389
8459 0.9389
8460 0.9389
8461 0.9389
8462 0.9389
8463 0.9389
8464 0.9389
8465 0.9389
8466 0.9389
8467 0.9389
8468 0.9389
8469 0.9389
8470 0.9389
8471 0.9389
8472 0.9389
8473 0.9389
8474 0.9389
8475 0.9389
8476 0.9389
8477 0.9389
8478 0.9389
8479 0.9389
8480 0.9389
8481 0.9389
8482 0.9389
8483 0.9389
8484 0.9389
8485 0.9389
8486 0.9389
8487 0.9389
8488 0.9389
8489 0.9389
8490 0.9389
8491 0.9389
8492 0.9389
8493 0.9389
8494 0.9389
8495 0.9389
8496 0.9389
8497 0.9389
8498 0.9389
8499 0.9389
8500 0.9389
8501 0.9389
8502 0.9389
8503 0.9389
8504 0.9389
8505 0.9389
8506 0.9389
8507 0.9389
8508 0.9389
8509 0.9389
8510 0.9389
8511 0.9400
8512 0.9400
8513 0.9400
8514 0.9400
8515 0.9400
8516 0.9400
8517 0.9400
8518 0.9400
8519 0.9411
8520 0.9411
8521 0.9411
8522 0.9411
8523 0.9411
8524 0.9411
8525 0.9411
8526 0.9411
8527 0.9411
8528 0.9411
8529 0.9411
8530 0.9411
8531 0.9411
8532 0.9411
8533 0.9411
8534 0.9411
8535 0.9411
8536 0.9411
8537 0.9411
8538 0.9422
8539 0.9422
8540 0.9422
8541 0.9422
8542 0.9422
8543 0.9422
8544 0.9422
8545 0.9422
8546 0.9422
8547 0.9422
8548 0.9422
8549 0.9422
8550 0.9422
8551 0.9422
8552 0.9422
8553 0.9422
8554 0.9422
8555 0.9422
8556 0.9422
8557 0.9422
8558 0.9422
8559 0.9422
8560 0.9422
8561 0.9422
8562 0.9422
8563 0.9422
8564 0.9422
8565 0.9422
8566 0.9422
8567 0.9422
8568 0.9422
8569 0.9422
8570 0.9422
8571 0.9422
8572 0.9422
8573 0.9422
8574 0.9422
8575 0.9422
8576 0.9422
8577 0.9422
8578 0.9422
8579 0.9422
8580 0.9422
8581 0.9433
8582 0.9433
8583 0.9444
8584 0.9444
8585 0.9444
8586 0.9444
8587 0.9444
8588 0.9444
8589 0.9444
8590 0.9444
8591 0.9444
8592 0.9444
8593 0.9444
8594 0.9444
8595 0.9444
8596 0.9444
8597 0.9444
8598 0.9444
8599 0.9444
8600 0.9444
8601 0.9444
8602 0.9444
8603 0.9444
8604 0.9444
8605 0.9444
8606 0.9444
8607 0.9444
8608 0.9444
8609 0.9444
8610 0.9444
8611 0.9444
8612 0.9444
8613 0.9444
8614 0.9444
8615 0.9444
8616 0.9444
8617 0.9444
8618 0.9444
8619 0.9444
8620 0.9444
8621 0.9444
8622 0.9444
8623 0.9444
8624 0.9444
8625 0.9444
8626 0.9444
8627 0.9444
8628 0.9444
8629 0.9444
8630 0.9444
8631 0.9444
8632 0.9444
8633 0.9444
8634 0.9444
8635 0.9444
8636 0.9444
8637 0.9444
8638 0.9444
8639 0.9444
8640 0.9444
8641 0.9444
8642 0.9444
8643 0.9444
8644 0.9444
8645 0.9444
8646 0.9444
8647 0.9444
8648 0.9444
8649 0.9444
8650 0.9444
8651 0.9444
8652 0.9444
8653 0.9444
8654 0.9444
8655 0.9444
8656 0.9444
8657 0.9456
8658 0.9456
8659 0.9456
8660 0.9456
8661 0.9456
8662 0.9456
8663 0.9456
8664 0.9456
8665 0.9456
8666 0.9456
8667 0.9456
8668 0.9456
8669 0.9456
8670 0.9456
8671 0.9456
8672 0.9456
8673 0.9456
8674 0.9456
8675 0.9456
8676 0.9456
8677 0.9456
8678 0.9456
8679 0.9456
8680 0.9456
8681 0.9456
8682 0.9456
8683 0.9456
8684 0.9456
8685 0.9456
8686 0.9456
8687 0.9456
8688 0.9456
8689 0.9456
8690 0.9456
8691 0.9456
8692 0.9467
8693 0.9467
8694 0.9467
8695 0.9467
8696 0.9467
8697 0.9467
8698 0.9467
8699 0.9467
8700 0.9467
8701 0.9467
8702 0.9467
8703 0.9467
8704 0.9467
8705 0.9467
8706 0.9467
8707 0.9467
8708 0.9467
8709 0.9467
8710 0.9467
8711 0.9467
8712 0.9467
8713 0.9467
8714 0.9467
8715 0.9467
8716 0.9467
8717 0.9467
8718 0.9467
8719 0.9467
8720 0.9467
8721 0.9467
8722 0.9467
8723 0.9467
8724 0.9467
8725 0.9467
8726 0.9467
8727 0.9467
8728 0.9467
8729 0.9467
8730 0.9467
8731 0.9467
8732 0.9467
8733 0.9467
8734 0.9467
8735 0.9467
8736 0.9467
8737 0.9467
8738 0.9467
8739 0.9467
8740 0.9467
8741 0.9467
8742 0.9467
8743 0.9467
8744 0.9467
8745 0.9467
8746 0.9467
8747 0.9467
8748 0.9467
8749 0.9467
8750 0.9467
8751 0.9467
8752 0.9467
8753 0.9467
8754 0.9467
8755 0.9467
8756 0.9467
8757 0.9467
8758 0.9467
8759 0.9467
8760 0.9467
8761 0.9467
8762 0.9467
8763 0.9467
8764 0.9467
8765 0.9467
8766 0.9467
8767 0.9467
8768 0.9467
8769 0.9467
8770 0.9467
8771 0.9467
8772 0.9467
8773 0.9467
8774 0.9467
8775 0.9467
8776 0.9467
8777 0.9467
8778 0.9467
8779 0.9467
8780 0.9467
8781 0.9467
8782 0.9467
8783 0.9467
8784 0.9467
8785 0.9467
8786 0.9467
8787 0.9478
8788 0.9478
8789 0.9478
8790 0.9478
8791 0.9478
8792 0.9478
8793 0.9478
8794 0.9478
8795 0.9478
8796 0.9478
8797 0.9478
8798 0.9478
8799 0.9478
8800 0.9478
8801 0.9478
8802 0.9478
8803 0.9478
8804 0.9478
8805 0.9478
8806 0.9478
8807 0.9478
8808 0.9478
8809 0.9478
8810 0.9478
8811 0.9478
8812 0.9478
8813 0.9478
8814 0.9478
8815 0.9478
8816 0.9478
8817 0.9478
8818 0.9478
8819 0.9478
8820 0.9478
8821 0.9478
8822 0.9478
8823 0.9478
8824 0.9478
8825 0.9478
8826 0.9478
8827 0.9478
8828 0.9478
8829 0.9478
8830 0.9478
8831 0.9478
8832 0.9478
8833 0.9478
8834 0.9478
8835 0.9478
8836 0.9478
8837 0.9478
8838 0.9478
8839 0.9478
8840 0.9478
8841 0.9478
8842 0.9478
8843 0.9478
8844 0.9489
8845 0.9489
8846 0.9489
8847 0.9489
8848 0.9489
8849 0.9489
8850 0.9489
8851 0.9489
8852 0.9489
8853 0.9489
8854 0.9489
8855 0.9489
8856 0.9489
8857 0.9489
8858 0.9489
8859 0.9489
8860 0.9489
8861 0.9489
8862 0.9489
8863 0.9489
8864 0.9489
8865 0.9489
8866 0.9489
8867 0.9489
8868 0.9489
8869 0.9489
8870 0.9489
8871 0.9500
8872 0.9500
8873 0.9500
8874 0.9500
8875 0.9500
8876 0.9500
8877 0.9500
8878 0.9500
8879 0.9500
8880 0.9500
8881 0.9500
8882 0.9500
8883 0.9500
8884 0.9500
8885 0.9500
8886 0.9500
8887 0.9500
8888 0.9500
8889 0.9500
8890 0.9500
8891 0.9500
8892 0.9500
8893 0.9500
8894 0.9500
8895 0.9500
8896 0.9500
8897 0.9500
8898 0.9500
8899 0.9500
8900 0.9500
8901 0.9500
8902 0.9500
8903 0.9500
8904 0.9500
8905 0.9500
8906 0.9500
8907 0.9500
8908 0.9500
8909 0.9500
8910 0.9500
8911 0.9500
8912 0.9500
8913 0.9500
8914 0.9500
8915 0.9500
8916 0.9500
8917 0.9500
8918 0.9500
8919 0.9500
8920 0.9500
8921 0.9500
8922 0.9500
8923 0.9500
8924 0.9511
8925 0.9511
8926 0.9511
8927 0.9511
8928 0.9511
8929 0.9511
8930 0.9511
8931 0.9511
8932 0.9511
8933 0.9511
8934 0.9522
8935 0.9522
8936 0.9522
8937 0.9522
8938 0.9522
8939 0.9522
8940 0.9522
8941 0.9533
8942 0.9533
8943 0.9533
8944 0.9533
8945 0.9533
8946 0.9533
8947 0.9533
8948 0.9533
8949 0.9533
8950 0.9533
8951 0.9533
8952 0.9533
8953 0.9533
8954 0.9533
8955 0.9533
8956 0.9533
8957 0.9533
8958 0.9533
8959 0.9533
8960 0.9533
8961 0.9533
8962 0.9533
8963 0.9533
8964 0.9533
8965 0.9533
8966 0.9533
8967 0.9533
8968 0.9533
8969 0.9533
8970 0.9533
8971 0.9533
8972 0.9533
8973 0.9533
8974 0.9533
8975 0.9533
8976 0.9533
8977 0.9533
8978 0.9533
8979 0.9533
8980 0.9533
8981 0.9533
8982 0.9533
8983 0.9533
8984 0.9533
8985 0.9533
8986 0.9533
8987 0.9533
8988 0.9533
8989 0.9533
8990 0.9533
8991 0.9533
8992 0.9533
8993 0.9533
8994 0.9533
8995 0.9533
8996 0.9533
8997 0.9533
8998 0.9533
8999 0.9533
9000 0.9533
9001 0.9533
9002 0.9533
9003 0.9533
9004 0.9533
9005 0.9533
9006 0.9533
9007 0.9533
9008 0.9533
9009 0.9533
9010 0.9533
9011 0.9533
9012 0.9533
9013 0.9533
9014 0.9533
9015 0.9533
9016 0.9533
9017 0.9533
9018 0.9533
9019 0.9533
9020 0.9533
9021 0.9533
9022 0.9533
9023 0.9533
9024 0.9533
9025 0.9533
9026 0.9533
9027 0.9533
9028 0.9533
9029 0.9533
9030 0.9533
9031 0.9533
9032 0.9533
9033 0.9533
9034 0.9533
9035 0.9533
9036 0.9533
9037 0.9533
9038 0.9544
9039 0.9544
9040 0.9544
9041 0.9544
9042 0.9544
9043 0.9544
9044 0.9544
9045 0.9544
9046 0.9544
9047 0.9544
9048 0.9544
9049 0.9544
9050 0.9544
9051 0.9544
9052 0.9544
9053 0.9544
9054 0.9544
9055 0.9544
9056 0.9544
9057 0.9544
9058 0.9544
9059 0.9544
9060 0.9544
9061 0.9544
9062 0.9544
9063 0.9544
9064 0.9544
9065 0.9544
9066 0.9544
9067 0.9556
9068 0.9556
9069 0.9556
9070 0.9556
9071 0.9556
9072 0.9556
9073 0.9556
9074 0.9556
9075 0.9556
9076 0.9556
9077 0.9556
9078 0.9556
9079 0.9556
9080 0.9556
9081 0.9556
9082 0.9556
9083 0.9556
9084 0.9556
9085 0.9556
9086 0.9556
9087 0.9556
9088 0.9556
9089 0.9556
9090 0.9556
9091 0.9556
9092 0.9556
9093 0.9556
9094 0.9556
9095 0.9556
9096 0.9556
9097 0.9556
9098 0.9556
9099 0.9556
9100 0.9556
9101 0.9556
9102 0.9556
9103 0.9567
9104 0.9567
9105 0.9567
9106 0.9567
9107 0.9567
9108 0.9567
9109 0.9567
9110 0.9567
9111 0.9578
9112 0.9578
9113 0.9578
9114 0.9578
9115 0.9578
9116 0.9578
9117 0.9578
9118 0.9578
9119 0.9589
9120 0.9589
9121 0.9589
9122 0.9589
9123 0.9589
9124 0.9589
9125 0.9589
9126 0.9589
9127 0.9589
9128 0.9589
9129 0.9589
9130 0.9589
9131 0.9589
9132 0.9589
9133 0.9589
9134 0.9589
9135 0.9589
9136 0.9589
9137 0.9589
9138 0.9589
9139 0.9589
9140 0.9589
9141 0.9589
9142 0.9589
9143 0.9589
9144 0.9589
9145 0.9589
9146 0.9589
9147 0.9589
9148 0.9589
9149 0.9589
9150 0.9589
9151 0.9589
9152 0.9589
9153 0.9589
9154 0.9589
9155 0.9589
9156 0.9589
9157 0.9589
9158 0.9589
9159 0.9589
9160 0.9589
9161 0.9589
9162 0.9589
9163 0.9589
9164 0.9589
9165 0.9589
9166 0.9589
9167 0.9589
9168 0.9589
9169 0.9589
9170 0.9589
9171 0.9589
9172 0.9589
9173 0.9589
9174 0.9589
9175 0.9589
9176 0.9589
9177 0.9589
9178 0.9589
9179 0.9589
9180 0.9589
9181 0.9589
9182 0.9589
9183 0.9589
9184 0.9589
9185 0.9589
9186 0.9589
9187 0.9589
9188 0.9589
9189 0.9589
9190 0.9589
9191 0.9589
9192 0.9589
9193 0.9589
9194 0.9589
9195 0.9589
9196 0.9589
9197 0.9589
9198 0.9589
9199 0.9589
9200 0.9589
9201 0.9589
9202 0.9589
9203 0.9589
9204 0.9589
9205 0.9589
9206 0.9589
9207 0.9589
9208 0.9589
9209 0.9589
9210 0.9589
9211 0.9589
9212 0.9589
9213 0.9589
9214 0.9589
9215 0.9589
9216 0.9600
9217 0.9600
9218 0.9600
9219 0.9600
9220 0.9600
9221 0.9600
9222 0.9600
9223 0.9600
9224 0.9600
9225 0.9600
9226 0.9600
9227 0.9611
9228 0.9611
9229 0.9611
9230 0.9611
9231 0.9611
9232 0.9611
9233 0.9611
9234 0.9611
9235 0.9611
9236 0.9611
9237 0.9611
9238 0.9611
9239 0.9611
9240 0.9611
9241 0.9611
9242 0.9611
9243 0.9611
9244 0.9611
9245 0.9611
9246 0.9611
9247 0.9611
9248 0.9611
9249 0.9611
9250 0.9611
9251 0.9611
9252 0.9611
9253 0.9611
9254 0.9611
9255 0.9611
9256 0.9611
9257 0.9611
9258 0.9611
9259 0.9611
9260 0.9611
9261 0.9611
9262 0.9611
9263 0.9611
9264 0.9611
9265 0.9611
9266 0.9611
9267 0.9611
9268 0.9611
9269 0.9611
9270 0.9611
9271 0.9611
9272 0.9611
9273 0.9611
9274 0.9611
9275 0.9611
9276 0.9611
9277 0.9611
9278 0.9611
9279 0.9611
9280 0.9611
9281 0.9611
9282 0.9611
9283 0.9611
9284 0.9611
9285 0.9611
9286 0.9611
9287 0.9611
9288 0.9611
9289 0.9611
9290 0.9611
9291 0.9611
9292 0.9611
9293 0.9611
9294 0.9611
9295 0.9611
9296 0.9611
9297 0.9611
9298 0.9611
9299 0.9611
9300 0.9611
9301 0.9611
9302 0.9611
9303 0.9611
9304 0.9611
9305 0.9611
9306 0.9611
9307 0.9611
9308 0.9611
9309 0.9611
9310 0.9611
9311 0.9611
9312 0.9611
9313 0.9611
9314 0.9611
9315 0.9611
9316 0.9611
9317 0.9611
9318 0.9611
9319 0.9611
9320 0.9611
9321 0.9611
9322 0.9611
9323 0.9611
9324 0.9611
9325 0.9611
9326 0.9611
9327 0.9611
9328 0.9611
9329 0.9611
9330 0.9611
9331 0.9611
9332 0.9611
9333 0.9611
9334 0.9611
9335 0.9611
9336 0.9622
9337 0.9622
9338 0.9622
9339 0.9622
9340 0.9622
9341 0.9622
9342 0.9622
9343 0.9622
9344 0.9622
9345 0.9622
9346 0.9622
9347 0.9622
9348 0.9622
9349 0.9622
9350 0.9622
9351 0.9622
9352 0.9622
9353 0.9622
9354 0.9622
9355 0.9622
9356 0.9622
9357 0.9622
9358 0.9622
9359 0.9622
9360 0.9622
9361 0.9622
9362 0.9622
9363 0.9622
9364 0.9622
9365 0.9622
9366 0.9622
9367 0.9622
9368 0.9622
9369 0.9622
9370 0.9622
9371 0.9622
9372 0.9622
9373 0.9622
9374 0.9622
9375 0.9622
9376 0.9622
9377 0.9622
9378 0.9622
9379 0.9622
9380 0.9622
9381 0.9622
9382 0.9622
9383 0.9622
9384 0.9622
9385 0.9622
9386 0.9622
9387 0.9622
9388 0.9622
9389 0.9622
9390 0.9622
9391 0.9622
9392 0.9622
9393 0.9622
9394 0.9622
9395 0.9622
9396 0.9622
9397 0.9622
9398 0.9622
9399 0.9622
9400 0.9622
9401 0.9622
9402 0.9622
9403 0.9622
9404 0.9622
9405 0.9622
9406 0.9622
9407 0.9622
9408 0.9622
9409 0.9622
9410 0.9622
9411 0.9622
9412 0.9622
9413 0.9622
9414 0.9622
9415 0.9622
9416 0.9622
9417 0.9622
9418 0.9622
9419 0.9622
9420 0.9622
9421 0.9622
9422 0.9622
9423 0.9622
9424 0.9622
9425 0.9622
9426 0.9622
9427 0.9622
9428 0.9622
9429 0.9622
9430 0.9622
9431 0.9622
9432 0.9622
9433 0.9622
9434 0.9622
9435 0.9622
9436 0.9622
9437 0.9622
9438 0.9622
9439 0.9622
9440 0.9622
9441 0.9622
9442 0.9622
9443 0.9622
9444 0.9622
9445 0.9622
9446 0.9622
9447 0.9622
9448 0.9622
9449 0.9622
9450 0.9622
9451 0.9622
9452 0.9622
9453 0.9622
9454 0.9622
9455 0.9622
9456 0.9622
9457 0.9622
9458 0.9622
9459 0.9622
9460 0.9622
9461 0.9622
9462 0.9622
9463 0.9622
9464 0.9622
9465 0.9622
9466 0.9622
9467 0.9622
9468 0.9622
9469 0.9622
9470 0.9622
9471 0.9622
9472 0.9622
9473 0.9622
9474 0.9622
9475 0.9633
9476 0.9633
9477 0.9633
9478 0.9633
9479 0.9633
9480 0.9633
9481 0.9633
9482 0.9633
9483 0.9633
9484 0.9644
9485 0.9644
9486 0.9644
9487 0.9644
9488 0.9644
9489 0.9644
9490 0.9644
9491 0.9644
9492 0.9644
9493 0.9644
9494 0.9644
9495 0.9644
9496 0.9644
9497 0.9644
9498 0.9644
9499 0.9644
9500 0.9644
9501 0.9644
9502 0.9656
9503 0.9656
9504 0.9656
9505 0.9656
9506 0.9656
9507 0.9656
9508 0.9656
9509 0.9656
9510 0.9656
9511 0.9656
9512 0.9656
9513 0.9656
9514 0.9656
9515 0.9656
9516 0.9656
9517 0.9656
9518 0.9656
9519 0.9656
9520 0.9656
9521 0.9656
9522 0.9656
9523 0.9656
9524 0.9656
9525 0.9656
9526 0.9656
9527 0.9656
9528 0.9656
9529 0.9656
9530 0.9656
9531 0.9656
9532 0.9656
9533 0.9656
9534 0.9656
9535 0.9656
9536 0.9656
9537 0.9656
9538 0.9656
9539 0.9656
9540 0.9656
9541 0.9656
9542 0.9656
9543 0.9656
9544 0.9656
9545 0.9656
9546 0.9656
9547 0.9656
9548 0.9656
9549 0.9656
9550 0.9656
9551 0.9656
9552 0.9656
9553 0.9656
9554 0.9656
9555 0.9656
9556 0.9656
9557 0.9656
9558 0.9656
9559 0.9656
9560 0.9656
9561 0.9656
9562 0.9656
9563 0.9656
9564 0.9656
9565 0.9656
9566 0.9656
9567 0.9656
9568 0.9656
9569 0.9656
9570 0.9656
9571 0.9656
9572 0.9656
9573 0.9656
9574 0.9656
9575 0.9656
9576 0.9656
9577 0.9656
9578 0.9656
9579 0.9656
9580 0.9656
9581 0.9656
9582 0.9656
9583 0.9656
9584 0.9656
9585 0.9656
9586 0.9656
9587 0.9656
9588 0.9656
9589 0.9656
9590 0.9656
9591 0.9656
9592 0.9656
9593 0.9656
9594 0.9656
9595 0.9656
9596 0.9656
9597 0.9656
9598 0.9656
9599 0.9656
9600 0.9656
9601 0.9656
9602 0.9656
9603 0.9656
9604 0.9656
9605 0.9656
9606 0.9656
9607 0.9656
9608 0.9656
9609 0.9656
9610 0.9656
9611 0.9656
9612 0.9656
9613 0.9656
9614 0.9656
9615 0.9656
9616 0.9656
9617 0.9656
9618 0.9656
9619 0.9656
9620 0.9656
9621 0.9656
9622 0.9656
9623 0.9656
9624 0.9656
9625 0.9656
9626 0.9656
9627 0.9656
9628 0.9656
9629 0.9667
9630 0.9667
9631 0.9667
9632 0.9667
9633 0.9667
9634 0.9667
9635 0.9667
9636 0.9667
9637 0.9667
9638 0.9667
9639 0.9667
9640 0.9667
9641 0.9667
9642 0.9667
9643 0.9667
9644 0.9667
9645 0.9667
9646 0.9667
9647 0.9667
9648 0.9667
9649 0.9667
9650 0.9667
9651 0.9667
9652 0.9667
9653 0.9667
9654 0.9667
9655 0.9667
9656 0.9667
9657 0.9667
9658 0.9667
9659 0.9667
9660 0.9667
9661 0.9667
9662 0.9667
9663 0.9667
9664 0.9667
9665 0.9667
9666 0.9667
9667 0.9667
9668 0.9667
9669 0.9667
9670 0.9667
9671 0.9667
9672 0.9667
9673 0.9667
9674 0.9667
9675 0.9667
9676 0.9667
9677 0.9667
9678 0.9667
9679 0.9667
9680 0.9667
9681 0.9667
9682 0.9667
9683 0.9667
9684 0.9667
9685 0.9667
9686 0.9667
9687 0.9667
9688 0.9667
9689 0.9667
9690 0.9667
9691 0.9667
9692 0.9667
9693 0.9667
9694 0.9667
9695 0.9667
9696 0.9667
9697 0.9667
9698 0.9667
9699 0.9667
9700 0.9667
9701 0.9667
9702 0.9667
9703 0.9667
9704 0.9667
9705 0.9667
9706 0.9667
9707 0.9667
9708 0.9667
9709 0.9667
9710 0.9667
9711 0.9667
9712 0.9667
9713 0.9667
9714 0.9667
9715 0.9667
9716 0.9667
9717 0.9667
9718 0.9667
9719 0.9667
9720 0.9667
9721 0.9667
9722 0.9667
9723 0.9667
9724 0.9667
9725 0.9667
9726 0.9667
9727 0.9667
9728 0.9667
9729 0.9667
9730 0.9667
9731 0.9667
9732 0.9667
9733 0.9667
9734 0.9667
9735 0.9667
9736 0.9667
9737 0.9667
9738 0.9667
9739 0.9667
9740 0.9667
9741 0.9667
9742 0.9667
9743 0.9667
9744 0.9667
9745 0.9667
9746 0.9667
9747 0.9667
9748 0.9667
9749 0.9667
9750 0.9667
9751 0.9667
9752 0.9667
9753 0.9667
9754 0.9667
9755 0.9667
9756 0.9667
9757 0.9667
9758 0.9667
9759 0.9667
9760 0.9667
9761 0.9667
9762 0.9667
9763 0.9667
9764 0.9667
9765 0.9667
9766 0.9667
9767 0.9667
9768 0.9667
9769 0.9667
9770 0.9667
9771 0.9667
9772 0.9667
9773 0.9667
9774 0.9667
9775 0.9667
9776 0.9667
9777 0.9667
9778 0.9667
9779 0.9667
9780 0.9667
9781 0.9667
9782 0.9667
9783 0.9667
9784 0.9667
9785 0.9667
9786 0.9667
9787 0.9667
9788 0.9667
9789 0.9667
9790 0.9667
9791 0.9667
9792 0.9667
9793 0.9667
9794 0.9667
9795 0.9667
9796 0.9667
9797 0.9667
9798 0.9667
9799 0.9667
9800 0.9667
9801 0.9667
9802 0.9667
9803 0.9667
9804 0.9667
9805 0.9667
9806 0.9667
9807 0.9667
9808 0.9667
9809 0.9667
9810 0.9667
9811 0.9667
9812 0.9667
9813 0.9667
9814 0.9667
9815 0.9667
9816 0.9667
9817 0.9667
9818 0.9667
9819 0.9667
9820 0.9667
9821 0.9667
9822 0.9667
9823 0.9667
9824 0.9667
9825 0.9667
9826 0.9667
9827 0.9667
9828 0.9667
9829 0.9667
9830 0.9667
9831 0.9667
9832 0.9667
9833 0.9667
9834 0.9667
9835 0.9667
9836 0.9667
9837 0.9667
9838 0.9667
9839 0.9667
9840 0.9667
9841 0.9667
9842 0.9667
9843 0.9667
9844 0.9667
9845 0.9667
9846 0.9667
9847 0.9667
9848 0.9667
9849 0.9667
9850 0.9678
9851 0.9678
9852 0.9678
9853 0.9678
9854 0.9678
9855 0.9678
9856 0.9678
9857 0.9678
9858 0.9678
9859 0.9678
9860 0.9678
9861 0.9678
9862 0.9678
9863 0.9678
9864 0.9678
9865 0.9678
9866 0.9678
9867 0.9678
9868 0.9678
9869 0.9678
9870 0.9678
9871 0.9678
9872 0.9678
9873 0.9678
9874 0.9678
9875 0.9678
9876 0.9678
9877 0.9678
9878 0.9678
9879 0.9678
9880 0.9678
9881 0.9678
9882 0.9678
9883 0.9678
9884 0.9678
9885 0.9678
9886 0.9678
9887 0.9678
9888 0.9678
9889 0.9678
9890 0.9678
9891 0.9678
9892 0.9678
9893 0.9678
9894 0.9678
9895 0.9678
9896 0.9678
9897 0.9678
9898 0.9678
9899 0.9678
9900 0.9678
9901 0.9678
9902 0.9678
9903 0.9678
9904 0.9678
9905 0.9678
9906 0.9678
9907 0.9678
9908 0.9678
9909 0.9678
9910 0.9678
9911 0.9678
9912 0.9678
9913 0.9678
9914 0.9678
9915 0.9678
9916 0.9678
9917 0.9678
9918 0.9678
9919 0.9678
9920 0.9678
9921 0.9678
9922 0.9678
9923 0.9678
9924 0.9678
9925 0.9678
9926 0.9678
9927 0.9678
9928 0.9678
9929 0.9678
9930 0.9678
9931 0.9678
9932 0.9678
9933 0.9678
9934 0.9678
9935 0.9678
9936 0.9678
9937 0.9678
9938 0.9678
9939 0.9678
9940 0.9678
9941 0.9678
9942 0.9678
9943 0.9678
9944 0.9678
9945 0.9678
9946 0.9678
9947 0.9678
9948 0.9678
9949 0.9678
9950 0.9678
9951 0.9678
9952 0.9678
9953 0.9678
9954 0.9678
9955 0.9678
9956 0.9678
9957 0.9678
9958 0.9678
9959 0.9678
9960 0.9678
9961 0.9678
9962 0.9678
9963 0.9678
9964 0.9678
9965 0.9678
9966 0.9678
9967 0.9678
9968 0.9678
9969 0.9678
9970 0.9678
9971 0.9678
9972 0.9678
9973 0.9678
9974 0.9678
9975 0.9678
9976 0.9678
9977 0.9678
9978 0.9678
9979 0.9678
9980 0.9678
9981 0.9678
9982 0.9678
9983 0.9678
9984 0.9678
9985 0.9678
9986 0.9678
9987 0.9678
9988 0.9678
9989 0.9678
9990 0.9678
9991 0.9678
9992 0.9678
9993 0.9678
9994 0.9678
9995 0.9678
9996 0.9678
9997 0.9678
9998 0.9678
9999 0.9678
10000 0.9678
10001 0.9678
10002 0.9678
10003 0.9678
10004 0.9678
10005 0.9678
10006 0.9678
10007 0.9678
10008 0.9678
10009 0.9678
10010 0.9678
10011 0.9678
10012 0.9678
10013 0.9678
10014 0.9678
10015 0.9678
10016 0.9678
10017 0.9678
10018 0.9678
10019 0.9678
10020 0.9678
10021 0.9678
10022 0.9678
10023 0.9678
10024 0.9678
10025 0.9678
10026 0.9678
10027 0.9678
10028 0.9678
10029 0.9678
10030 0.9678
10031 0.9678
10032 0.9678
10033 0.9678
10034 0.9678
10035 0.9678
10036 0.9678
10037 0.9678
10038 0.9678
10039 0.9678
10040 0.9678
10041 0.9678
10042 0.9678
10043 0.9678
10044 0.9678
10045 0.9678
10046 0.9678
10047 0.9678
10048 0.9678
10049 0.9678
10050 0.9678
10051 0.9678
10052 0.9678
10053 0.9678
10054 0.9678
10055 0.9678
10056 0.9678
10057 0.9678
10058 0.9678
10059 0.9678
10060 0.9678
10061 0.9678
10062 0.9678
10063 0.9678
10064 0.9678
10065 0.9678
10066 0.9678
10067 0.9678
10068 0.9678
10069 0.9678
10070 0.9678
10071 0.9678
10072 0.9678
10073 0.9678
10074 0.9678
10075 0.9678
10076 0.9678
10077 0.9678
10078 0.9678
10079 0.9678
10080 0.9678
10081 0.9678
10082 0.9678
10083 0.9678
10084 0.9678
10085 0.9678
10086 0.9678
10087 0.9678
10088 0.9678
10089 0.9678
10090 0.9678
10091 0.9678
10092 0.9678
10093 0.9689
10094 0.9689
10095 0.9689
10096 0.9689
10097 0.9689
10098 0.9689
10099 0.9689
10100 0.9689
10101 0.9689
10102 0.9689
10103 0.9689
10104 0.9689
10105 0.9689
10106 0.9689
10107 0.9689
10108 0.9689
10109 0.9689
10110 0.9689
10111 0.9689
10112 0.9689
10113 0.9689
10114 0.9689
10115 0.9689
10116 0.9689
10117 0.9689
10118 0.9689
10119 0.9689
10120 0.9689
10121 0.9689
10122 0.9689
10123 0.9689
10124 0.9689
10125 0.9689
10126 0.9689
10127 0.9689
10128 0.9689
10129 0.9689
10130 0.9689
10131 0.9689
10132 0.9689
10133 0.9689
10134 0.9689
10135 0.9689
10136 0.9689
10137 0.9689
10138 0.9689
10139 0.9689
10140 0.9689
10141 0.9689
10142 0.9689
10143 0.9689
10144 0.9689
10145 0.9689
10146 0.9689
10147 0.9689
10148 0.9689
10149 0.9700
10150 0.9700
10151 0.9700
10152 0.9700
10153 0.9700
10154 0.9700
10155 0.9700
10156 0.9700
10157 0.9700
10158 0.9700
10159 0.9700
10160 0.9700
10161 0.9700
10162 0.9700
10163 0.9700
10164 0.9700
10165 0.9700
10166 0.9700
10167 0.9700
10168 0.9700
10169 0.9700
10170 0.9700
10171 0.9700
10172 0.9700
10173 0.9700
10174 0.9700
10175 0.9700
10176 0.9700
10177 0.9700
10178 0.9700
10179 0.9700
10180 0.9700
10181 0.9700
10182 0.9700
10183 0.9700
10184 0.9700
10185 0.9700
10186 0.9700
10187 0.9700
10188 0.9700
10189 0.9700
10190 0.9700
10191 0.9711
10192 0.9711
10193 0.9711
10194 0.9711
10195 0.9711
10196 0.9711
10197 0.9711
10198 0.9711
10199 0.9711
10200 0.9711
10201 0.9711
10202 0.9711
10203 0.9711
10204 0.9711
10205 0.9711
10206 0.9711
10207 0.9711
10208 0.9711
10209 0.9711
10210 0.9711
10211 0.9711
10212 0.9711
10213 0.9711
10214 0.9711
10215 0.9711
10216 0.9711
10217 0.9711
10218 0.9711
10219 0.9711
10220 0.9711
10221 0.9711
10222 0.9711
10223 0.9711
10224 0.9711
10225 0.9711
10226 0.9711
10227 0.9711
10228 0.9711
10229 0.9722
10230 0.9722
10231 0.9722
10232 0.9722
10233 0.9722
10234 0.9722
10235 0.9722
10236 0.9722
10237 0.9722
10238 0.9722
10239 0.9722
10240 0.9722
10241 0.9722
10242 0.9722
10243 0.9722
10244 0.9722
10245 0.9722
10246 0.9722
10247 0.9722
10248 0.9722
10249 0.9722
10250 0.9722
10251 0.9722
10252 0.9722
10253 0.9722
10254 0.9722
10255 0.9722
10256 0.9722
10257 0.9722
10258 0.9722
10259 0.9722
10260 0.9722
10261 0.9722
10262 0.9722
10263 0.9722
10264 0.9722
10265 0.9722
10266 0.9722
10267 0.9722
10268 0.9722
10269 0.9722
10270 0.9722
10271 0.9722
10272 0.9722
10273 0.9722
10274 0.9722
10275 0.9722
10276 0.9722
10277 0.9722
10278 0.9722
10279 0.9722
10280 0.9722
10281 0.9722
10282 0.9722
10283 0.9722
10284 0.9722
10285 0.9722
10286 0.9722
10287 0.9722
10288 0.9722
10289 0.9722
10290 0.9722
10291 0.9722
10292 0.9722
10293 0.9722
10294 0.9722
10295 0.9722
10296 0.9722
10297 0.9722
10298 0.9722
10299 0.9722
10300 0.9722
10301 0.9722
10302 0.9722
10303 0.9722
10304 0.9722
10305 0.9722
10306 0.9722
10307 0.9722
10308 0.9722
10309 0.9722
10310 0.9722
10311 0.9722
10312 0.9722
10313 0.9722
10314 0.9722
10315 0.9722
10316 0.9722
10317 0.9733
10318 0.9733
10319 0.9733
10320 0.9733
10321 0.9733
10322 0.9733
10323 0.9733
10324 0.9733
10325 0.9733
10326 0.9733
10327 0.9733
10328 0.9733
10329 0.9733
10330 0.9733
10331 0.9733
10332 0.9733
10333 0.9733
10334 0.9733
10335 0.9733
10336 0.9733
10337 0.9733
10338 0.9733
10339 0.9733
10340 0.9733
10341 0.9733
10342 0.9733
10343 0.9733
10344 0.9733
10345 0.9733
10346 0.9733
10347 0.9733
10348 0.9733
10349 0.9733
10350 0.9733
10351 0.9733
10352 0.9733
10353 0.9733
10354 0.9733
10355 0.9733
10356 0.9733
10357 0.9733
10358 0.9733
10359 0.9733
10360 0.9733
10361 0.9733
10362 0.9733
10363 0.9733
10364 0.9733
10365 0.9733
10366 0.9733
10367 0.9733
10368 0.9733
10369 0.9733
10370 0.9733
10371 0.9733
10372 0.9733
10373 0.9733
10374 0.9733
10375 0.9733
10376 0.9733
10377 0.9733
10378 0.9733
10379 0.9733
10380 0.9733
10381 0.9733
10382 0.9733
10383 0.9733
10384 0.9733
10385 0.9733
10386 0.9733
10387 0.9733
10388 0.9733
10389 0.9733
10390 0.9733
10391 0.9733
10392 0.9733
10393 0.9733
10394 0.9733
10395 0.9733
10396 0.9733
10397 0.9733
10398 0.9733
10399 0.9733
10400 0.9733
10401 0.9733
10402 0.9733
10403 0.9733
10404 0.9733
10405 0.9733
10406 0.9733
10407 0.9733
10408 0.9733
10409 0.9733
10410 0.9733
10411 0.9733
10412 0.9733
10413 0.9733
10414 0.9733
10415 0.9733
10416 0.9733
10417 0.9733
10418 0.9733
10419 0.9733
10420 0.9733
10421 0.9733
10422 0.9733
10423 0.9733
10424 0.9733
10425 0.9733
10426 0.9733
10427 0.9733
10428 0.9733
10429 0.9744
10430 0.9744
10431 0.9744
10432 0.9744
10433 0.9744
10434 0.9744
10435 0.9744
10436 0.9744
10437 0.9744
10438 0.9744
10439 0.9744
10440 0.9744
10441 0.9744
10442 0.9744
10443 0.9744
10444 0.9744
10445 0.9744
10446 0.9744
10447 0.9744
10448 0.9744
10449 0.9744
10450 0.9744
10451 0.9744
10452 0.9744
10453 0.9744
10454 0.9744
10455 0.9744
10456 0.9744
10457 0.9744
10458 0.9744
10459 0.9744
10460 0.9744
10461 0.9744
10462 0.9744
10463 0.9744
10464 0.9744
10465 0.9744
10466 0.9744
10467 0.9744
10468 0.9744
10469 0.9744
10470 0.9744
10471 0.9744
10472 0.9744
10473 0.9744
10474 0.9744
10475 0.9744
10476 0.9744
10477 0.9744
10478 0.9744
10479 0.9744
10480 0.9744
10481 0.9744
10482 0.9744
10483 0.9744
10484 0.9744
10485 0.9744
10486 0.9744
10487 0.9744
10488 0.9744
10489 0.9744
10490 0.9744
10491 0.9744
10492 0.9744
10493 0.9744
10494 0.9744
10495 0.9744
10496 0.9744
10497 0.9744
10498 0.9744
10499 0.9744
10500 0.9744
10501 0.9744
10502 0.9744
10503 0.9744
10504 0.9744
10505 0.9744
10506 0.9744
10507 0.9744
10508 0.9744
10509 0.9744
10510 0.9744
10511 0.9744
10512 0.9744
10513 0.9744
10514 0.9744
10515 0.9744
10516 0.9744
10517 0.9744
10518 0.9744
10519 0.9744
10520 0.9744
10521 0.9744
10522 0.9744
10523 0.9744
10524 0.9744
10525 0.9744
10526 0.9744
10527 0.9744
10528 0.9744
10529 0.9744
10530 0.9744
10531 0.9744
10532 0.9744
10533 0.9744
10534 0.9744
10535 0.9744
10536 0.9744
10537 0.9744
10538 0.9744
10539 0.9744
10540 0.9744
10541 0.9744
10542 0.9744
10543 0.9744
10544 0.9744
10545 0.9744
10546 0.9744
10547 0.9744
10548 0.9744
10549 0.9744
10550 0.9744
10551 0.9744
10552 0.9744
10553 0.9744
10554 0.9744
10555 0.9744
10556 0.9744
10557 0.9744
10558 0.9744
10559 0.9744
10560 0.9744
10561 0.9744
10562 0.9744
10563 0.9744
10564 0.9744
10565 0.9744
10566 0.9744
10567 0.9744
10568 0.9744
10569 0.9744
10570 0.9744
10571 0.9744
10572 0.9744
10573 0.9744
10574 0.9744
10575 0.9744
10576 0.9744
10577 0.9744
10578 0.9744
10579 0.9744
10580 0.9744
10581 0.9744
10582 0.9744
10583 0.9744
10584 0.9744
10585 0.9744
10586 0.9744
10587 0.9744
10588 0.9744
10589 0.9744
10590 0.9744
10591 0.9744
10592 0.9744
10593 0.9744
10594 0.9744
10595 0.9744
10596 0.9744
10597 0.9744
10598 0.9744
10599 0.9744
10600 0.9744
10601 0.9744
10602 0.9744
10603 0.9744
10604 0.9744
10605 0.9744
10606 0.9744
10607 0.9744
10608 0.9744
10609 0.9744
10610 0.9744
10611 0.9744
10612 0.9744
10613 0.9744
10614 0.9744
10615 0.9744
10616 0.9744
10617 0.9744
10618 0.9744
10619 0.9744
10620 0.9744
10621 0.9744
10622 0.9744
10623 0.9744
10624 0.9744
10625 0.9744
10626 0.9744
10627 0.9744
10628 0.9744
10629 0.9744
10630 0.9744
10631 0.9744
10632 0.9744
10633 0.9744
10634 0.9744
10635 0.9744
10636 0.9744
10637 0.9744
10638 0.9744
10639 0.9744
10640 0.9744
10641 0.9744
10642 0.9744
10643 0.9744
10644 0.9744
10645 0.9744
10646 0.9744
10647 0.9744
10648 0.9744
10649 0.9744
10650 0.9744
10651 0.9744
10652 0.9744
10653 0.9744
10654 0.9744
10655 0.9744
10656 0.9744
10657 0.9744
10658 0.9744
10659 0.9744
10660 0.9744
10661 0.9744
10662 0.9744
10663 0.9744
10664 0.9744
10665 0.9744
10666 0.9744
10667 0.9744
10668 0.9744
10669 0.9744
10670 0.9744
10671 0.9744
10672 0.9744
10673 0.9744
10674 0.9744
10675 0.9744
10676 0.9744
10677 0.9744
10678 0.9744
10679 0.9744
10680 0.9744
10681 0.9744
10682 0.9744
10683 0.9744
10684 0.9744
10685 0.9744
10686 0.9744
10687 0.9744
10688 0.9744
10689 0.9744
10690 0.9744
10691 0.9744
10692 0.9744
10693 0.9744
10694 0.9744
10695 0.9744
10696 0.9744
10697 0.9744
10698 0.9744
10699 0.9744
10700 0.9744
10701 0.9744
10702 0.9744
10703 0.9744
10704 0.9744
10705 0.9744
10706 0.9744
10707 0.9744
10708 0.9744
10709 0.9744
10710 0.9744
10711 0.9744
10712 0.9744
10713 0.9744
10714 0.9744
10715 0.9744
10716 0.9744
10717 0.9744
10718 0.9744
10719 0.9744
10720 0.9744
10721 0.9744
10722 0.9744
10723 0.9744
10724 0.9744
10725 0.9744
10726 0.9744
10727 0.9744
10728 0.9744
10729 0.9744
10730 0.9744
10731 0.9744
10732 0.9744
10733 0.9744
10734 0.9744
10735 0.9744
10736 0.9744
10737 0.9744
10738 0.9744
10739 0.9744
10740 0.9744
10741 0.9744
10742 0.9744
10743 0.9744
10744 0.9744
10745 0.9744
10746 0.9744
10747 0.9744
10748 0.9744
10749 0.9744
10750 0.9744
10751 0.9744
10752 0.9744
10753 0.9744
10754 0.9744
10755 0.9744
10756 0.9744
10757 0.9744
10758 0.9744
10759 0.9744
10760 0.9744
10761 0.9744
10762 0.9744
10763 0.9744
10764 0.9744
10765 0.9744
10766 0.9744
10767 0.9744
10768 0.9744
10769 0.9744
10770 0.9744
10771 0.9744
10772 0.9744
10773 0.9744
10774 0.9744
10775 0.9744
10776 0.9744
10777 0.9744
10778 0.9744
10779 0.9744
10780 0.9744
10781 0.9744
10782 0.9744
10783 0.9744
10784 0.9744
10785 0.9744
10786 0.9744
10787 0.9744
10788 0.9744
10789 0.9744
10790 0.9744
10791 0.9744
10792 0.9744
10793 0.9744
10794 0.9744
10795 0.9744
10796 0.9744
10797 0.9744
10798 0.9744
10799 0.9744
10800 0.9744
10801 0.9744
10802 0.9744
10803 0.9744
10804 0.9744
10805 0.9744
10806 0.9744
10807 0.9744
10808 0.9744
10809 0.9744
10810 0.9744
10811 0.9744
10812 0.9744
10813 0.9744
10814 0.9744
10815 0.9744
10816 0.9744
10817 0.9744
10818 0.9744
10819 0.9744
10820 0.9744
10821 0.9744
10822 0.9744
10823 0.9744
10824 0.9744
10825 0.9744
10826 0.9744
10827 0.9744
10828 0.9744
10829 0.9744
10830 0.9744
10831 0.9744
10832 0.9744
10833 0.9744
10834 0.9744
10835 0.9744
10836 0.9744
10837 0.9744
10838 0.9744
10839 0.9744
10840 0.9744
10841 0.9744
10842 0.9744
10843 0.9744
10844 0.9744
10845 0.9744
10846 0.9744
10847 0.9744
10848 0.9744
10849 0.9744
10850 0.9744
10851 0.9744
10852 0.9744
10853 0.9744
10854 0.9744
10855 0.9744
10856 0.9744
10857 0.9744
10858 0.9744
10859 0.9744
10860 0.9744
10861 0.9744
10862 0.9744
10863 0.9744
10864 0.9744
10865 0.9744
10866 0.9744
10867 0.9744
10868 0.9744
10869 0.9744
10870 0.9744
10871 0.9744
10872 0.9744
10873 0.9744
10874 0.9744
10875 0.9744
10876 0.9744
10877 0.9744
10878 0.9744
10879 0.9744
10880 0.9744
10881 0.9744
10882 0.9744
10883 0.9744
10884 0.9744
10885 0.9744
10886 0.9744
10887 0.9744
10888 0.9744
10889 0.9744
10890 0.9744
10891 0.9744
10892 0.9744
10893 0.9744
10894 0.9744
10895 0.9744
10896 0.9744
10897 0.9744
10898 0.9744
10899 0.9744
10900 0.9744
10901 0.9744
10902 0.9744
10903 0.9744
10904 0.9744
10905 0.9744
10906 0.9744
10907 0.9744
10908 0.9744
10909 0.9744
10910 0.9744
10911 0.9744
10912 0.9744
10913 0.9744
10914 0.9744
10915 0.9744
10916 0.9744
10917 0.9744
10918 0.9744
10919 0.9744
10920 0.9744
10921 0.9744
10922 0.9744
10923 0.9744
10924 0.9744
10925 0.9744
10926 0.9744
10927 0.9744
10928 0.9744
10929 0.9744
10930 0.9744
10931 0.9744
10932 0.9744
10933 0.9744
10934 0.9744
10935 0.9744
10936 0.9744
10937 0.9744
10938 0.9744
10939 0.9744
10940 0.9744
10941 0.9744
10942 0.9744
10943 0.9744
10944 0.9744
10945 0.9744
10946 0.9744
10947 0.9744
10948 0.9744
10949 0.9744
10950 0.9744
10951 0.9744
10952 0.9744
10953 0.9744
10954 0.9744
10955 0.9744
10956 0.9744
10957 0.9744
10958 0.9744
10959 0.9744
10960 0.9744
10961 0.9744
10962 0.9744
10963 0.9744
10964 0.9744
10965 0.9744
10966 0.9744
10967 0.9744
10968 0.9744
10969 0.9744
10970 0.9744
10971 0.9744
10972 0.9744
10973 0.9744
10974 0.9744
10975 0.9744
10976 0.9744
10977 0.9744
10978 0.9744
10979 0.9744
10980 0.9744
10981 0.9744
10982 0.9744
10983 0.9744
10984 0.9744
10985 0.9744
10986 0.9744
10987 0.9744
10988 0.9744
10989 0.9744
10990 0.9744
10991 0.9756
10992 0.9756
10993 0.9756
10994 0.9756
10995 0.9756
10996 0.9756
10997 0.9756
10998 0.9756
10999 0.9756
11000 0.9756
11001 0.9756
11002 0.9756
11003 0.9756
11004 0.9756
11005 0.9756
11006 0.9756
11007 0.9756
11008 0.9756
11009 0.9756
11010 0.9756
11011 0.9756
11012 0.9756
11013 0.9756
11014 0.9756
11015 0.9756
11016 0.9756
11017 0.9756
11018 0.9756
11019 0.9756
11020 0.9756
11021 0.9756
11022 0.9756
11023 0.9756
11024 0.9756
11025 0.9756
11026 0.9756
11027 0.9756
11028 0.9756
11029 0.9756
11030 0.9756
11031 0.9756
11032 0.9756
11033 0.9756
11034 0.9756
11035 0.9756
11036 0.9756
11037 0.9756
11038 0.9756
11039 0.9756
11040 0.9756
11041 0.9756
11042 0.9756
11043 0.9756
11044 0.9756
11045 0.9756
11046 0.9756
11047 0.9756
11048 0.9756
11049 0.9756
11050 0.9756
11051 0.9756
11052 0.9756
11053 0.9756
11054 0.9756
11055 0.9756
11056 0.9756
11057 0.9756
11058 0.9756
11059 0.9756
11060 0.9756
11061 0.9756
11062 0.9756
11063 0.9756
11064 0.9756
11065 0.9756
11066 0.9756
11067 0.9756
11068 0.9756
11069 0.9756
11070 0.9756
11071 0.9756
11072 0.9756
11073 0.9756
11074 0.9756
11075 0.9756
11076 0.9756
11077 0.9756
11078 0.9756
11079 0.9756
11080 0.9756
11081 0.9756
11082 0.9756
11083 0.9756
11084 0.9756
11085 0.9756
11086 0.9756
11087 0.9756
11088 0.9756
11089 0.9756
11090 0.9756
11091 0.9756
11092 0.9756
11093 0.9756
11094 0.9756
11095 0.9756
11096 0.9756
11097 0.9756
11098 0.9756
11099 0.9756
11100 0.9756
11101 0.9756
11102 0.9756
11103 0.9756
11104 0.9756
11105 0.9756
11106 0.9756
11107 0.9756
11108 0.9756
11109 0.9756
11110 0.9756
11111 0.9756
11112 0.9756
11113 0.9756
11114 0.9756
11115 0.9756
11116 0.9756
11117 0.9756
11118 0.9756
11119 0.9756
11120 0.9756
11121 0.9756
11122 0.9756
11123 0.9756
11124 0.9756
11125 0.9756
11126 0.9756
11127 0.9756
11128 0.9756
11129 0.9756
11130 0.9756
11131 0.9756
11132 0.9756
11133 0.9756
11134 0.9756
11135 0.9756
11136 0.9756
11137 0.9756
11138 0.9756
11139 0.9756
11140 0.9756
11141 0.9756
11142 0.9756
11143 0.9756
11144 0.9756
11145 0.9756
11146 0.9756
11147 0.9756
11148 0.9756
11149 0.9756
11150 0.9756
11151 0.9756
11152 0.9756
11153 0.9756
11154 0.9756
11155 0.9756
11156 0.9767
11157 0.9767
11158 0.9767
11159 0.9767
11160 0.9767
11161 0.9767
11162 0.9767
11163 0.9767
11164 0.9767
11165 0.9767
11166 0.9767
11167 0.9767
11168 0.9767
11169 0.9767
11170 0.9767
11171 0.9767
11172 0.9767
11173 0.9767
11174 0.9767
11175 0.9767
11176 0.9767
11177 0.9767
11178 0.9767
11179 0.9767
11180 0.9767
11181 0.9767
11182 0.9767
11183 0.9767
11184 0.9767
11185 0.9767
11186 0.9767
11187 0.9767
11188 0.9767
11189 0.9767
11190 0.9767
11191 0.9767
11192 0.9767
11193 0.9767
11194 0.9767
11195 0.9767
11196 0.9767
11197 0.9767
11198 0.9767
11199 0.9767
11200 0.9767
11201 0.9767
11202 0.9767
11203 0.9767
11204 0.9767
11205 0.9767
11206 0.9767
11207 0.9767
11208 0.9767
11209 0.9767
11210 0.9767
11211 0.9767
11212 0.9767
11213 0.9767
11214 0.9767
11215 0.9767
11216 0.9767
11217 0.9767
11218 0.9767
11219 0.9767
11220 0.9767
11221 0.9767
11222 0.9767
11223 0.9767
11224 0.9767
11225 0.9767
11226 0.9767
11227 0.9767
11228 0.9767
11229 0.9767
11230 0.9767
11231 0.9767
11232 0.9767
11233 0.9767
11234 0.9767
11235 0.9767
11236 0.9767
11237 0.9767
11238 0.9767
11239 0.9767
11240 0.9767
11241 0.9767
11242 0.9767
11243 0.9767
11244 0.9767
11245 0.9767
11246 0.9767
11247 0.9767
11248 0.9767
11249 0.9767
11250 0.9767
11251 0.9767
11252 0.9767
11253 0.9767
11254 0.9767
11255 0.9767
11256 0.9767
11257 0.9767
11258 0.9767
11259 0.9767
11260 0.9767
11261 0.9767
11262 0.9767
11263 0.9767
11264 0.9767
11265 0.9767
11266 0.9767
11267 0.9767
11268 0.9767
11269 0.9767
11270 0.9767
11271 0.9767
11272 0.9767
11273 0.9767
11274 0.9767
11275 0.9767
11276 0.9767
11277 0.9767
11278 0.9767
11279 0.9767
11280 0.9767
11281 0.9767
11282 0.9767
11283 0.9767
11284 0.9767
11285 0.9767
11286 0.9767
11287 0.9767
11288 0.9767
11289 0.9767
11290 0.9767
11291 0.9767
11292 0.9767
11293 0.9767
11294 0.9767
11295 0.9767
11296 0.9767
11297 0.9767
11298 0.9767
11299 0.9767
11300 0.9767
11301 0.9767
11302 0.9767
11303 0.9767
11304 0.9767
11305 0.9767
11306 0.9767
11307 0.9767
11308 0.9767
11309 0.9767
11310 0.9767
11311 0.9767
11312 0.9767
11313 0.9767
11314 0.9767
11315 0.9767
11316 0.9767
11317 0.9767
11318 0.9767
11319 0.9767
11320 0.9767
11321 0.9767
11322 0.9767
11323 0.9767
11324 0.9767
11325 0.9767
11326 0.9767
11327 0.9767
11328 0.9767
11329 0.9767
11330 0.9767
11331 0.9767
11332 0.9767
11333 0.9767
11334 0.9767
11335 0.9767
11336 0.9767
11337 0.9767
11338 0.9767
11339 0.9767
11340 0.9767
11341 0.9767
11342 0.9767
11343 0.9767
11344 0.9767
11345 0.9767
11346 0.9767
11347 0.9767
11348 0.9767
11349 0.9767
11350 0.9767
11351 0.9767
11352 0.9767
11353 0.9767
11354 0.9767
11355 0.9767
11356 0.9767
11357 0.9767
11358 0.9767
11359 0.9767
11360 0.9767
11361 0.9767
11362 0.9767
11363 0.9767
11364 0.9767
11365 0.9767
11366 0.9767
11367 0.9767
11368 0.9767
11369 0.9767
11370 0.9767
11371 0.9767
11372 0.9767
11373 0.9767
11374 0.9767
11375 0.9767
11376 0.9767
11377 0.9767
11378 0.9767
11379 0.9767
11380 0.9767
11381 0.9767
11382 0.9767
11383 0.9767
11384 0.9767
11385 0.9767
11386 0.9767
11387 0.9767
11388 0.9767
11389 0.9767
11390 0.9767
11391 0.9767
11392 0.9767
11393 0.9767
11394 0.9767
11395 0.9767
11396 0.9767
11397 0.9767
11398 0.9767
11399 0.9767
11400 0.9767
11401 0.9767
11402 0.9767
11403 0.9767
11404 0.9767
11405 0.9767
11406 0.9767
11407 0.9767
11408 0.9767
11409 0.9767
11410 0.9767
11411 0.9767
11412 0.9767
11413 0.9767
11414 0.9767
11415 0.9767
11416 0.9767
11417 0.9767
11418 0.9767
11419 0.9767
11420 0.9767
11421 0.9767
11422 0.9767
11423 0.9767
11424 0.9767
11425 0.9767
11426 0.9767
11427 0.9767
11428 0.9767
11429 0.9767
11430 0.9767
11431 0.9767
11432 0.9767
11433 0.9767
11434 0.9767
11435 0.9767
11436 0.9767
11437 0.9767
11438 0.9767
11439 0.9767
11440 0.9767
11441 0.9767
11442 0.9767
11443 0.9767
11444 0.9767
11445 0.9767
11446 0.9767
11447 0.9767
11448 0.9767
11449 0.9767
11450 0.9767
11451 0.9767
11452 0.9767
11453 0.9767
11454 0.9767
11455 0.9767
11456 0.9767
11457 0.9767
11458 0.9767
11459 0.9767
11460 0.9767
11461 0.9767
11462 0.9767
11463 0.9767
11464 0.9767
11465 0.9767
11466 0.9767
11467 0.9767
11468 0.9767
11469 0.9767
11470 0.9767
11471 0.9767
11472 0.9767
11473 0.9767
11474 0.9767
11475 0.9767
11476 0.9767
11477 0.9767
11478 0.9767
11479 0.9767
11480 0.9767
11481 0.9767
11482 0.9767
11483 0.9767
11484 0.9767
11485 0.9767
11486 0.9767
11487 0.9767
11488 0.9767
11489 0.9767
11490 0.9767
11491 0.9767
11492 0.9767
11493 0.9767
11494 0.9767
11495 0.9767
11496 0.9767
11497 0.9767
11498 0.9767
11499 0.9767
11500 0.9767
11501 0.9767
11502 0.9767
11503 0.9767
11504 0.9767
11505 0.9767
11506 0.9767
11507 0.9778
11508 0.9778
11509 0.9778
11510 0.9778
11511 0.9778
11512 0.9778
11513 0.9778
11514 0.9778
11515 0.9778
11516 0.9778
11517 0.9778
11518 0.9778
11519 0.9778
11520 0.9778
11521 0.9778
11522 0.9778
11523 0.9778
11524 0.9778
11525 0.9778
11526 0.9778
11527 0.9778
11528 0.9778
11529 0.9778
11530 0.9778
11531 0.9778
11532 0.9778
11533 0.9778
11534 0.9778
11535 0.9778
11536 0.9778
11537 0.9778
11538 0.9778
11539 0.9778
11540 0.9778
11541 0.9778
11542 0.9778
11543 0.9778
11544 0.9778
11545 0.9778
11546 0.9778
11547 0.9778
11548 0.9778
11549 0.9778
11550 0.9778
11551 0.9778
11552 0.9778
11553 0.9778
11554 0.9778
11555 0.9778
11556 0.9778
11557 0.9778
11558 0.9778
11559 0.9778
11560 0.9778
11561 0.9778
11562 0.9778
11563 0.9778
11564 0.9778
11565 0.9789
11566 0.9789
11567 0.9789
11568 0.9789
11569 0.9789
11570 0.9789
11571 0.9789
11572 0.9789
11573 0.9789
11574 0.9789
11575 0.9789
11576 0.9789
11577 0.9789
11578 0.9789
11579 0.9789
11580 0.9789
11581 0.9789
11582 0.9789
11583 0.9789
11584 0.9789
11585 0.9789
11586 0.9789
11587 0.9789
11588 0.9789
11589 0.9789
11590 0.9789
11591 0.9789
11592 0.9789
11593 0.9789
11594 0.9789
11595 0.9789
11596 0.9789
11597 0.9789
11598 0.9789
11599 0.9789
11600 0.9789
11601 0.9789
11602 0.9789
11603 0.9789
11604 0.9789
11605 0.9789
11606 0.9789
11607 0.9789
11608 0.9789
11609 0.9789
11610 0.9789
11611 0.9789
11612 0.9789
11613 0.9789
11614 0.9789
11615 0.9789
11616 0.9789
11617 0.9789
11618 0.9789
11619 0.9789
11620 0.9789
11621 0.9789
11622 0.9789
11623 0.9789
11624 0.9789
11625 0.9789
11626 0.9789
11627 0.9789
11628 0.9789
11629 0.9789
11630 0.9789
11631 0.9789
11632 0.9789
11633 0.9789
11634 0.9789
11635 0.9789
11636 0.9789
11637 0.9789
11638 0.9789
11639 0.9789
11640 0.9800
11641 0.9800
11642 0.9800
11643 0.9800
11644 0.9800
11645 0.9800
11646 0.9800
11647 0.9800
11648 0.9800
11649 0.9800
11650 0.9800
11651 0.9800
11652 0.9800
11653 0.9800
11654 0.9800
11655 0.9800
11656 0.9800
11657 0.9800
11658 0.9800
11659 0.9800
11660 0.9800
11661 0.9800
11662 0.9800
11663 0.9800
11664 0.9800
11665 0.9800
11666 0.9800
11667 0.9800
11668 0.9800
11669 0.9800
11670 0.9800
11671 0.9800
11672 0.9800
11673 0.9800
11674 0.9800
11675 0.9800
11676 0.9800
11677 0.9800
11678 0.9800
11679 0.9800
11680 0.9800
11681 0.9800
11682 0.9800
11683 0.9800
11684 0.9800
11685 0.9800
11686 0.9800
11687 0.9800
11688 0.9800
11689 0.9800
11690 0.9800
11691 0.9800
11692 0.9800
11693 0.9800
11694 0.9800
11695 0.9800
11696 0.9800
11697 0.9800
11698 0.9800
11699 0.9800
11700 0.9800
11701 0.9800
11702 0.9800
11703 0.9800
11704 0.9800
11705 0.9800
11706 0.9800
11707 0.9800
11708 0.9800
11709 0.9800
11710 0.9800
11711 0.9800
11712 0.9800
11713 0.9800
11714 0.9800
11715 0.9800
11716 0.9800
11717 0.9800
11718 0.9800
11719 0.9800
11720 0.9800
11721 0.9800
11722 0.9800
11723 0.9800
11724 0.9800
11725 0.9800
11726 0.9800
11727 0.9800
11728 0.9800
11729 0.9800
11730 0.9800
11731 0.9800
11732 0.9800
11733 0.9800
11734 0.9800
11735 0.9800
11736 0.9800
11737 0.9800
11738 0.9800
11739 0.9800
11740 0.9800
11741 0.9800
11742 0.9800
11743 0.9800
11744 0.9800
11745 0.9811
11746 0.9811
11747 0.9811
11748 0.9811
11749 0.9811
11750 0.9811
11751 0.9811
11752 0.9811
11753 0.9811
11754 0.9811
11755 0.9811
11756 0.9811
11757 0.9811
11758 0.9811
11759 0.9811
11760 0.9811
11761 0.9811
11762 0.9811
11763 0.9811
11764 0.9811
11765 0.9811
11766 0.9811
11767 0.9811
11768 0.9811
11769 0.9811
11770 0.9811
11771 0.9811
11772 0.9811
11773 0.9811
11774 0.9811
11775 0.9811
11776 0.9811
11777 0.9811
11778 0.9811
11779 0.9811
11780 0.9811
11781 0.9811
11782 0.9811
11783 0.9811
11784 0.9811
11785 0.9811
11786 0.9811
11787 0.9811
11788 0.9811
11789 0.9811
11790 0.9811
11791 0.9811
11792 0.9811
11793 0.9811
11794 0.9811
11795 0.9811
11796 0.9811
11797 0.9811
11798 0.9811
11799 0.9811
11800 0.9811
11801 0.9811
11802 0.9811
11803 0.9811
11804 0.9811
11805 0.9811
11806 0.9811
11807 0.9811
11808 0.9811
11809 0.9811
11810 0.9811
11811 0.9811
11812 0.9811
11813 0.9811
11814 0.9811
11815 0.9811
11816 0.9811
11817 0.9811
11818 0.9811
11819 0.9811
11820 0.9811
11821 0.9811
11822 0.9811
11823 0.9811
11824 0.9811
11825 0.9811
11826 0.9811
11827 0.9811
11828 0.9811
11829 0.9811
11830 0.9811
11831 0.9811
11832 0.9811
11833 0.9811
11834 0.9811
11835 0.9811
11836 0.9811
11837 0.9811
11838 0.9811
11839 0.9811
11840 0.9811
11841 0.9811
11842 0.9811
11843 0.9811
11844 0.9811
11845 0.9811
11846 0.9811
11847 0.9811
11848 0.9811
11849 0.9811
11850 0.9811
11851 0.9811
11852 0.9811
11853 0.9811
11854 0.9822
11855 0.9822
11856 0.9822
11857 0.9822
11858 0.9822
11859 0.9822
11860 0.9822
11861 0.9822
11862 0.9822
11863 0.9822
11864 0.9822
11865 0.9822
11866 0.9822
11867 0.9822
11868 0.9822
11869 0.9822
11870 0.9822
11871 0.9822
11872 0.9822
11873 0.9822
11874 0.9822
11875 0.9822
11876 0.9822
11877 0.9822
11878 0.9822
11879 0.9822
11880 0.9822
11881 0.9822
11882 0.9822
11883 0.9822
11884 0.9822
11885 0.9822
11886 0.9822
11887 0.9822
11888 0.9822
11889 0.9822
11890 0.9822
11891 0.9822
11892 0.9822
11893 0.9822
11894 0.9822
11895 0.9822
11896 0.9822
11897 0.9822
11898 0.9822
11899 0.9822
11900 0.9822
11901 0.9822
11902 0.9822
11903 0.9822
11904 0.9822
11905 0.9822
11906 0.9822
11907 0.9822
11908 0.9822
11909 0.9822
11910 0.9822
11911 0.9822
11912 0.9822
11913 0.9822
11914 0.9822
11915 0.9822
11916 0.9822
11917 0.9822
11918 0.9822
11919 0.9822
11920 0.9822
11921 0.9822
11922 0.9822
11923 0.9822
11924 0.9822
11925 0.9833
11926 0.9833
11927 0.9833
11928 0.9833
11929 0.9833
11930 0.9833
11931 0.9833
11932 0.9833
11933 0.9833
11934 0.9833
11935 0.9833
11936 0.9833
11937 0.9833
11938 0.9833
11939 0.9833
11940 0.9833
11941 0.9833
11942 0.9833
11943 0.9833
11944 0.9833
11945 0.9833
11946 0.9833
11947 0.9833
11948 0.9833
11949 0.9833
11950 0.9833
11951 0.9833
11952 0.9833
11953 0.9833
11954 0.9833
11955 0.9833
11956 0.9833
11957 0.9833
11958 0.9833
11959 0.9833
11960 0.9833
11961 0.9833
11962 0.9833
11963 0.9833
11964 0.9833
11965 0.9833
11966 0.9833
11967 0.9833
11968 0.9833
11969 0.9833
11970 0.9833
11971 0.9833
11972 0.9833
11973 0.9833
11974 0.9833
11975 0.9833
11976 0.9833
11977 0.9833
11978 0.9833
11979 0.9833
11980 0.9833
11981 0.9833
11982 0.9833
11983 0.9833
11984 0.9833
11985 0.9833
11986 0.9833
11987 0.9833
11988 0.9833
11989 0.9833
11990 0.9833
11991 0.9833
11992 0.9833
11993 0.9833
11994 0.9833
11995 0.9833
11996 0.9833
11997 0.9833
11998 0.9833
11999 0.9833
12000 0.9833
12001 0.9833
12002 0.9833
12003 0.9833
12004 0.9833
12005 0.9833
12006 0.9833
12007 0.9833
12008 0.9833
12009 0.9844
12010 0.9844
12011 0.9844
12012 0.9844
12013 0.9844
12014 0.9844
12015 0.9844
12016 0.9844
12017 0.9844
12018 0.9844
12019 0.9844
12020 0.9844
12021 0.9844
12022 0.9844
12023 0.9844
12024 0.9844
12025 0.9844
12026 0.9844
12027 0.9844
12028 0.9844
12029 0.9844
12030 0.9844
12031 0.9844
12032 0.9844
12033 0.9844
12034 0.9844
12035 0.9844
12036 0.9844
12037 0.9844
12038 0.9844
12039 0.9844
12040 0.9844
12041 0.9844
12042 0.9844
12043 0.9844
12044 0.9844
12045 0.9844
12046 0.9844
12047 0.9844
12048 0.9844
12049 0.9844
12050 0.9844
12051 0.9844
12052 0.9844
12053 0.9844
12054 0.9844
12055 0.9844
12056 0.9856
12057 0.9856
12058 0.9856
12059 0.9856
12060 0.9856
12061 0.9856
12062 0.9856
12063 0.9856
12064 0.9856
12065 0.9856
12066 0.9856
12067 0.9856
12068 0.9856
12069 0.9856
12070 0.9856
12071 0.9856
12072 0.9856
12073 0.9856
12074 0.9856
12075 0.9856
12076 0.9856
12077 0.9856
12078 0.9856
12079 0.9856
12080 0.9856
12081 0.9856
12082 0.9856
12083 0.9856
12084 0.9856
12085 0.9856
12086 0.9856
12087 0.9856
12088 0.9856
12089 0.9856
12090 0.9856
12091 0.9856
12092 0.9856
12093 0.9856
12094 0.9856
12095 0.9856
12096 0.9856
12097 0.9856
12098 0.9856
12099 0.9856
12100 0.9856
12101 0.9856
12102 0.9856
12103 0.9856
12104 0.9856
12105 0.9856
12106 0.9856
12107 0.9856
12108 0.9856
12109 0.9856
12110 0.9856
12111 0.9856
12112 0.9856
12113 0.9856
12114 0.9856
12115 0.9856
12116 0.9856
12117 0.9856
12118 0.9856
12119 0.9856
12120 0.9856
12121 0.9856
12122 0.9856
12123 0.9856
12124 0.9856
12125 0.9856
12126 0.9856
12127 0.9856
12128 0.9856
12129 0.9856
12130 0.9856
12131 0.9856
12132 0.9856
12133 0.9856
12134 0.9856
12135 0.9856
12136 0.9856
12137 0.9856
12138 0.9856
12139 0.9856
12140 0.9856
12141 0.9856
12142 0.9856
12143 0.9856
12144 0.9856
12145 0.9856
12146 0.9856
12147 0.9856
12148 0.9856
12149 0.9856
12150 0.9856
12151 0.9856
12152 0.9856
12153 0.9856
12154 0.9856
12155 0.9867
12156 0.9867
12157 0.9867
12158 0.9867
12159 0.9867
12160 0.9867
12161 0.9867
12162 0.9867
12163 0.9867
12164 0.9867
12165 0.9867
12166 0.9867
12167 0.9867
12168 0.9867
12169 0.9867
12170 0.9867
12171 0.9867
12172 0.9867
12173 0.9867
12174 0.9867
12175 0.9867
12176 0.9867
12177 0.9867
12178 0.9867
12179 0.9867
12180 0.9867
12181 0.9867
12182 0.9867
12183 0.9867
12184 0.9867
12185 0.9878
12186 0.9878
12187 0.9878
12188 0.9878
12189 0.9878
12190 0.9878
12191 0.9878
12192 0.9878
12193 0.9878
12194 0.9878
12195 0.9878
12196 0.9878
12197 0.9878
12198 0.9878
12199 0.9878
12200 0.9878
12201 0.9878
12202 0.9878
12203 0.9878
12204 0.9878
12205 0.9878
12206 0.9878
12207 0.9878
12208 0.9878
12209 0.9878
12210 0.9878
12211 0.9878
12212 0.9878
12213 0.9878
12214 0.9878
12215 0.9878
12216 0.9878
12217 0.9878
12218 0.9878
12219 0.9878
12220 0.9878
12221 0.9878
12222 0.9878
12223 0.9878
12224 0.9878
12225 0.9878
12226 0.9878
12227 0.9878
12228 0.9878
12229 0.9878
12230 0.9878
12231 0.9878
12232 0.9878
12233 0.9878
12234 0.9878
12235 0.9878
12236 0.9878
12237 0.9878
12238 0.9878
12239 0.9878
12240 0.9878
12241 0.9878
12242 0.9878
12243 0.9878
12244 0.9878
12245 0.9878
12246 0.9878
12247 0.9878
12248 0.9878
12249 0.9878
12250 0.9878
12251 0.9878
12252 0.9878
12253 0.9878
12254 0.9878
12255 0.9878
12256 0.9878
12257 0.9878
12258 0.9878
12259 0.9878
12260 0.9878
12261 0.9878
12262 0.9878
12263 0.9878
12264 0.9878
12265 0.9878
12266 0.9878
12267 0.9878
12268 0.9878
12269 0.9878
12270 0.9878
12271 0.9878
12272 0.9878
12273 0.9878
12274 0.9878
12275 0.9878
12276 0.9878
12277 0.9878
12278 0.9878
12279 0.9878
12280 0.9878
12281 0.9878
12282 0.9878
12283 0.9878
12284 0.9878
12285 0.9878
12286 0.9878
12287 0.9878
12288 0.9878
12289 0.9878
12290 0.9878
12291 0.9878
12292 0.9878
12293 0.9878
12294 0.9878
12295 0.9878
12296 0.9878
12297 0.9878
12298 0.9878
12299 0.9878
12300 0.9878
12301 0.9878
12302 0.9878
12303 0.9878
12304 0.9878
12305 0.9878
12306 0.9878
12307 0.9878
12308 0.9878
12309 0.9878
12310 0.9878
12311 0.9878
12312 0.9878
12313 0.9878
12314 0.9878
12315 0.9878
12316 0.9878
12317 0.9878
12318 0.9878
12319 0.9878
12320 0.9878
12321 0.9878
12322 0.9878
12323 0.9878
12324 0.9878
12325 0.9878
12326 0.9878
12327 0.9878
12328 0.9878
12329 0.9878
12330 0.9878
12331 0.9878
12332 0.9878
12333 0.9878
12334 0.9878
12335 0.9878
12336 0.9878
12337 0.9878
12338 0.9878
12339 0.9878
12340 0.9878
12341 0.9878
12342 0.9878
12343 0.9878
12344 0.9878
12345 0.9878
12346 0.9878
12347 0.9878
12348 0.9878
12349 0.9878
12350 0.9878
12351 0.9878
12352 0.9878
12353 0.9878
12354 0.9878
12355 0.9878
12356 0.9878
12357 0.9878
12358 0.9878
12359 0.9878
12360 0.9878
12361 0.9878
12362 0.9878
12363 0.9878
12364 0.9878
12365 0.9878
12366 0.9878
12367 0.9878
12368 0.9878
12369 0.9878
12370 0.9878
12371 0.9878
12372 0.9878
12373 0.9878
12374 0.9878
12375 0.9878
12376 0.9878
12377 0.9878
12378 0.9878
12379 0.9878
12380 0.9889
12381 0.9889
12382 0.9889
12383 0.9889
12384 0.9889
12385 0.9889
12386 0.9889
12387 0.9889
12388 0.9889
12389 0.9889
12390 0.9889
12391 0.9889
12392 0.9889
12393 0.9889
12394 0.9889
12395 0.9889
12396 0.9889
12397 0.9889
12398 0.9889
12399 0.9889
12400 0.9889
12401 0.9889
12402 0.9889
12403 0.9889
12404 0.9889
12405 0.9889
12406 0.9889
12407 0.9889
12408 0.9889
12409 0.9889
12410 0.9889
12411 0.9889
12412 0.9889
12413 0.9889
12414 0.9889
12415 0.9889
12416 0.9889
12417 0.9889
12418 0.9889
12419 0.9889
12420 0.9889
12421 0.9889
12422 0.9889
12423 0.9889
12424 0.9889
12425 0.9889
12426 0.9889
12427 0.9889
12428 0.9889
12429 0.9889
12430 0.9889
12431 0.9889
12432 0.9889
12433 0.9889
12434 0.9889
12435 0.9889
12436 0.9889
12437 0.9889
12438 0.9889
12439 0.9889
12440 0.9889
12441 0.9889
12442 0.9889
12443 0.9889
12444 0.9889
12445 0.9889
12446 0.9889
12447 0.9889
12448 0.9889
12449 0.9889
12450 0.9889
12451 0.9889
12452 0.9889
12453 0.9889
12454 0.9889
12455 0.9889
12456 0.9889
12457 0.9889
12458 0.9889
12459 0.9889
12460 0.9889
12461 0.9889
12462 0.9889
12463 0.9889
12464 0.9889
12465 0.9889
12466 0.9889
12467 0.9889
12468 0.9889
12469 0.9889
12470 0.9889
12471 0.9889
12472 0.9889
12473 0.9889
12474 0.9889
12475 0.9889
12476 0.9889
12477 0.9889
12478 0.9889
12479 0.9889
12480 0.9889
12481 0.9889
12482 0.9889
12483 0.9889
12484 0.9889
12485 0.9889
12486 0.9889
12487 0.9889
12488 0.9889
12489 0.9889
12490 0.9889
12491 0.9889
12492 0.9889
12493 0.9889
12494 0.9889
12495 0.9889
12496 0.9889
12497 0.9889
12498 0.9889
12499 0.9889
12500 0.9889
12501 0.9889
12502 0.9889
12503 0.9889
12504 0.9889
12505 0.9889
12506 0.9889
12507 0.9889
12508 0.9889
12509 0.9889
12510 0.9889
12511 0.9889
12512 0.9889
12513 0.9889
12514 0.9889
12515 0.9889
12516 0.9889
12517 0.9889
12518 0.9889
12519 0.9889
12520 0.9889
12521 0.9889
12522 0.9889
12523 0.9889
12524 0.9889
12525 0.9889
12526 0.9889
12527 0.9889
12528 0.9889
12529 0.9889
12530 0.9889
12531 0.9889
12532 0.9889
12533 0.9889
12534 0.9889
12535 0.9889
12536 0.9889
12537 0.9889
12538 0.9889
12539 0.9889
12540 0.9889
12541 0.9889
12542 0.9889
12543 0.9889
12544 0.9889
12545 0.9889
12546 0.9889
12547 0.9889
12548 0.9889
12549 0.9889
12550 0.9889
12551 0.9889
12552 0.9889
12553 0.9889
12554 0.9889
12555 0.9889
12556 0.9889
12557 0.9889
12558 0.9889
12559 0.9889
12560 0.9889
12561 0.9889
12562 0.9889
12563 0.9889
12564 0.9889
12565 0.9889
12566 0.9889
12567 0.9889
12568 0.9889
12569 0.9889
12570 0.9889
12571 0.9889
12572 0.9889
12573 0.9889
12574 0.9889
12575 0.9889
12576 0.9889
12577 0.9889
12578 0.9889
12579 0.9889
12580 0.9889
12581 0.9889
12582 0.9889
12583 0.9889
12584 0.9889
12585 0.9889
12586 0.9889
12587 0.9889
12588 0.9889
12589 0.9889
12590 0.9889
12591 0.9889
12592 0.9889
12593 0.9889
12594 0.9889
12595 0.9889
12596 0.9889
12597 0.9889
12598 0.9889
12599 0.9889
12600 0.9889
12601 0.9889
12602 0.9889
12603 0.9889
12604 0.9889
12605 0.9889
12606 0.9889
12607 0.9889
12608 0.9889
12609 0.9889
12610 0.9889
12611 0.9889
12612 0.9889
12613 0.9889
12614 0.9889
12615 0.9889
12616 0.9889
12617 0.9889
12618 0.9889
12619 0.9889
12620 0.9889
12621 0.9889
12622 0.9889
12623 0.9889
12624 0.9889
12625 0.9889
12626 0.9889
12627 0.9889
12628 0.9889
12629 0.9889
12630 0.9889
12631 0.9889
12632 0.9889
12633 0.9889
12634 0.9889
12635 0.9889
12636 0.9889
12637 0.9889
12638 0.9889
12639 0.9889
12640 0.9889
12641 0.9889
12642 0.9889
12643 0.9889
12644 0.9889
12645 0.9889
12646 0.9889
12647 0.9889
12648 0.9889
12649 0.9889
12650 0.9889
12651 0.9889
12652 0.9889
12653 0.9889
12654 0.9889
12655 0.9889
12656 0.9889
12657 0.9889
12658 0.9889
12659 0.9889
12660 0.9889
12661 0.9889
12662 0.9889
12663 0.9889
12664 0.9889
12665 0.9889
12666 0.9889
12667 0.9889
12668 0.9889
12669 0.9889
12670 0.9889
12671 0.9889
12672 0.9889
12673 0.9889
12674 0.9889
12675 0.9889
12676 0.9889
12677 0.9889
12678 0.9889
12679 0.9889
12680 0.9889
12681 0.9889
12682 0.9889
12683 0.9889
12684 0.9889
12685 0.9889
12686 0.9889
12687 0.9889
12688 0.9889
12689 0.9889
12690 0.9889
12691 0.9889
12692 0.9889
12693 0.9889
12694 0.9889
12695 0.9889
12696 0.9889
12697 0.9889
12698 0.9889
12699 0.9889
12700 0.9889
12701 0.9889
12702 0.9889
12703 0.9889
12704 0.9889
12705 0.9889
12706 0.9889
12707 0.9889
12708 0.9889
12709 0.9889
12710 0.9889
12711 0.9889
12712 0.9889
12713 0.9889
12714 0.9889
12715 0.9889
12716 0.9889
12717 0.9889
12718 0.9889
12719 0.9889
12720 0.9889
12721 0.9889
12722 0.9889
12723 0.9889
12724 0.9889
12725 0.9889
12726 0.9889
12727 0.9889
12728 0.9889
12729 0.9889
12730 0.9889
12731 0.9889
12732 0.9889
12733 0.9889
12734 0.9889
12735 0.9889
12736 0.9889
12737 0.9889
12738 0.9889
12739 0.9889
12740 0.9889
12741 0.9889
12742 0.9889
12743 0.9889
12744 0.9889
12745 0.9889
12746 0.9889
12747 0.9889
12748 0.9889
12749 0.9889
12750 0.9889
12751 0.9889
12752 0.9889
12753 0.9889
12754 0.9889
12755 0.9889
12756 0.9889
12757 0.9889
12758 0.9889
12759 0.9889
12760 0.9889
12761 0.9889
12762 0.9889
12763 0.9889
12764 0.9889
12765 0.9889
12766 0.9889
12767 0.9889
12768 0.9889
12769 0.9889
12770 0.9889
12771 0.9889
12772 0.9889
12773 0.9889
12774 0.9889
12775 0.9889
12776 0.9889
12777 0.9889
12778 0.9889
12779 0.9889
12780 0.9889
12781 0.9889
12782 0.9889
12783 0.9889
12784 0.9889
12785 0.9889
12786 0.9889
12787 0.9889
12788 0.9889
12789 0.9889
12790 0.9889
12791 0.9889
12792 0.9889
12793 0.9889
12794 0.9889
12795 0.9889
12796 0.9889
12797 0.9889
12798 0.9889
12799 0.9889
12800 0.9889
12801 0.9889
12802 0.9889
12803 0.9889
12804 0.9889
12805 0.9889
12806 0.9889
12807 0.9889
12808 0.9889
12809 0.9889
12810 0.9889
12811 0.9889
12812 0.9889
12813 0.9889
12814 0.9889
12815 0.9889
12816 0.9889
12817 0.9889
12818 0.9889
12819 0.9889
12820 0.9889
12821 0.9889
12822 0.9889
12823 0.9889
12824 0.9889
12825 0.9889
12826 0.9889
12827 0.9889
12828 0.9889
12829 0.9889
12830 0.9889
12831 0.9889
12832 0.9889
12833 0.9889
12834 0.9889
12835 0.9889
12836 0.9889
12837 0.9889
12838 0.9889
12839 0.9889
12840 0.9889
12841 0.9889
12842 0.9889
12843 0.9889
12844 0.9889
12845 0.9889
12846 0.9889
12847 0.9889
12848 0.9889
12849 0.9889
12850 0.9889
12851 0.9889
12852 0.9889
12853 0.9889
12854 0.9889
12855 0.9889
12856 0.9889
12857 0.9889
12858 0.9889
12859 0.9889
12860 0.9889
12861 0.9889
12862 0.9889
12863 0.9889
12864 0.9889
12865 0.9889
12866 0.9889
12867 0.9889
12868 0.9889
12869 0.9889
12870 0.9889
12871 0.9889
12872 0.9889
12873 0.9889
12874 0.9889
12875 0.9889
12876 0.9889
12877 0.9889
12878 0.9889
12879 0.9889
12880 0.9889
12881 0.9889
12882 0.9889
12883 0.9889
12884 0.9889
12885 0.9889
12886 0.9889
12887 0.9889
12888 0.9889
12889 0.9889
12890 0.9889
12891 0.9889
12892 0.9889
12893 0.9889
12894 0.9889
12895 0.9889
12896 0.9889
12897 0.9889
12898 0.9889
12899 0.9889
12900 0.9889
12901 0.9889
12902 0.9889
12903 0.9889
12904 0.9889
12905 0.9889
12906 0.9889
12907 0.9889
12908 0.9889
12909 0.9889
12910 0.9889
12911 0.9889
12912 0.9889
12913 0.9889
12914 0.9889
12915 0.9889
12916 0.9889
12917 0.9889
12918 0.9889
12919 0.9889
12920 0.9889
12921 0.9889
12922 0.9889
12923 0.9889
12924 0.9889
12925 0.9889
12926 0.9889
12927 0.9889
12928 0.9889
12929 0.9889
12930 0.9889
12931 0.9889
12932 0.9889
12933 0.9889
12934 0.9889
12935 0.9889
12936 0.9889
12937 0.9889
12938 0.9889
12939 0.9889
12940 0.9889
12941 0.9889
12942 0.9889
12943 0.9889
12944 0.9889
12945 0.9889
12946 0.9889
12947 0.9889
12948 0.9889
12949 0.9889
12950 0.9889
12951 0.9889
12952 0.9889
12953 0.9889
12954 0.9889
12955 0.9889
12956 0.9889
12957 0.9889
12958 0.9889
12959 0.9889
12960 0.9889
12961 0.9889
12962 0.9889
12963 0.9889
12964 0.9889
12965 0.9889
12966 0.9889
12967 0.9889
12968 0.9889
12969 0.9889
12970 0.9889
12971 0.9889
12972 0.9889
12973 0.9900
12974 0.9900
12975 0.9900
12976 0.9900
12977 0.9900
12978 0.9900
12979 0.9900
12980 0.9900
12981 0.9900
12982 0.9900
12983 0.9900
12984 0.9900
12985 0.9900
12986 0.9900
12987 0.9900
12988 0.9900
12989 0.9900
12990 0.9900
12991 0.9900
12992 0.9900
12993 0.9900
12994 0.9900
12995 0.9900
12996 0.9900
12997 0.9900
12998 0.9900
12999 0.9900
13000 0.9900
13001 0.9900
13002 0.9900
13003 0.9900
13004 0.9900
13005 0.9900
13006 0.9900
13007 0.9900
13008 0.9900
13009 0.9900
13010 0.9900
13011 0.9900
13012 0.9900
13013 0.9900
13014 0.9900
13015 0.9900
13016 0.9900
13017 0.9900
13018 0.9900
13019 0.9900
13020 0.9900
13021 0.9900
13022 0.9900
13023 0.9900
13024 0.9900
13025 0.9900
13026 0.9900
13027 0.9900
13028 0.9900
13029 0.9900
13030 0.9900
13031 0.9900
13032 0.9900
13033 0.9900
13034 0.9900
13035 0.9900
13036 0.9900
13037 0.9900
13038 0.9900
13039 0.9900
13040 0.9900
13041 0.9900
13042 0.9900
13043 0.9900
13044 0.9900
13045 0.9900
13046 0.9900
13047 0.9900
13048 0.9900
13049 0.9900
13050 0.9900
13051 0.9900
13052 0.9900
13053 0.9900
13054 0.9900
13055 0.9900
13056 0.9900
13057 0.9900
13058 0.9900
13059 0.9900
13060 0.9900
13061 0.9900
13062 0.9900
13063 0.9900
13064 0.9900
13065 0.9900
13066 0.9900
13067 0.9900
13068 0.9900
13069 0.9900
13070 0.9900
13071 0.9900
13072 0.9900
13073 0.9900
13074 0.9900
13075 0.9900
13076 0.9900
13077 0.9900
13078 0.9900
13079 0.9900
13080 0.9900
13081 0.9900
13082 0.9900
13083 0.9900
13084 0.9900
13085 0.9900
13086 0.9900
13087 0.9900
13088 0.9900
13089 0.9900
13090 0.9900
13091 0.9900
13092 0.9900
13093 0.9900
13094 0.9900
13095 0.9900
13096 0.9900
13097 0.9900
13098 0.9900
13099 0.9900
13100 0.9900
13101 0.9900
13102 0.9900
13103 0.9900
13104 0.9900
13105 0.9900
13106 0.9900
13107 0.9900
13108 0.9900
13109 0.9900
13110 0.9900
13111 0.9900
13112 0.9900
13113 0.9900
13114 0.9900
13115 0.9900
13116 0.9900
13117 0.9900
13118 0.9900
13119 0.9900
13120 0.9900
13121 0.9900
13122 0.9900
13123 0.9900
13124 0.9900
13125 0.9900
13126 0.9900
13127 0.9900
13128 0.9900
13129 0.9900
13130 0.9900
13131 0.9900
13132 0.9900
13133 0.9900
13134 0.9900
13135 0.9900
13136 0.9900
13137 0.9900
13138 0.9900
13139 0.9900
13140 0.9900
13141 0.9900
13142 0.9900
13143 0.9900
13144 0.9900
13145 0.9900
13146 0.9900
13147 0.9900
13148 0.9900
13149 0.9900
13150 0.9900
13151 0.9900
13152 0.9900
13153 0.9900
13154 0.9900
13155 0.9900
13156 0.9900
13157 0.9900
13158 0.9900
13159 0.9900
13160 0.9900
13161 0.9900
13162 0.9900
13163 0.9900
13164 0.9900
13165 0.9900
13166 0.9900
13167 0.9900
13168 0.9900
13169 0.9900
13170 0.9900
13171 0.9900
13172 0.9900
13173 0.9900
13174 0.9900
13175 0.9900
13176 0.9900
13177 0.9900
13178 0.9900
13179 0.9900
13180 0.9900
13181 0.9900
13182 0.9900
13183 0.9900
13184 0.9900
13185 0.9900
13186 0.9900
13187 0.9900
13188 0.9900
13189 0.9900
13190 0.9900
13191 0.9900
13192 0.9900
13193 0.9900
13194 0.9900
13195 0.9900
13196 0.9900
13197 0.9900
13198 0.9900
13199 0.9900
13200 0.9900
13201 0.9900
13202 0.9900
13203 0.9900
13204 0.9900
13205 0.9900
13206 0.9900
13207 0.9900
13208 0.9900
13209 0.9900
13210 0.9900
13211 0.9900
13212 0.9900
13213 0.9900
13214 0.9900
13215 0.9900
13216 0.9900
13217 0.9900
13218 0.9900
13219 0.9900
13220 0.9900
13221 0.9900
13222 0.9900
13223 0.9900
13224 0.9900
13225 0.9900
13226 0.9900
13227 0.9900
13228 0.9900
13229 0.9900
13230 0.9900
13231 0.9900
13232 0.9900
13233 0.9900
13234 0.9900
13235 0.9900
13236 0.9900
13237 0.9900
13238 0.9900
13239 0.9900
13240 0.9900
13241 0.9900
13242 0.9900
13243 0.9900
13244 0.9900
13245 0.9900
13246 0.9900
13247 0.9900
13248 0.9900
13249 0.9900
13250 0.9900
13251 0.9900
13252 0.9900
13253 0.9900
13254 0.9900
13255 0.9900
13256 0.9900
13257 0.9900
13258 0.9900
13259 0.9900
13260 0.9900
13261 0.9900
13262 0.9900
13263 0.9900
13264 0.9900
13265 0.9900
13266 0.9900
13267 0.9900
13268 0.9900
13269 0.9900
13270 0.9900
13271 0.9900
13272 0.9900
13273 0.9900
13274 0.9900
13275 0.9900
13276 0.9900
13277 0.9900
13278 0.9900
13279 0.9900
13280 0.9900
13281 0.9900
13282 0.9900
13283 0.9900
13284 0.9900
13285 0.9900
13286 0.9900
13287 0.9900
13288 0.9900
13289 0.9900
13290 0.9900
13291 0.9900
13292 0.9900
13293 0.9900
13294 0.9900
13295 0.9900
13296 0.9900
13297 0.9900
13298 0.9900
13299 0.9900
13300 0.9900
13301 0.9900
13302 0.9900
13303 0.9900
13304 0.9900
13305 0.9900
13306 0.9900
13307 0.9900
13308 0.9900
13309 0.9900
13310 0.9900
13311 0.9900
13312 0.9900
13313 0.9900
13314 0.9900
13315 0.9900
13316 0.9900
13317 0.9900
13318 0.9900
13319 0.9900
13320 0.9900
13321 0.9900
13322 0.9900
13323 0.9900
13324 0.9900
13325 0.9900
13326 0.9900
13327 0.9900
13328 0.9900
13329 0.9900
13330 0.9900
13331 0.9900
13332 0.9900
13333 0.9900
13334 0.9900
13335 0.9900
13336 0.9900
13337 0.9900
13338 0.9900
13339 0.9900
13340 0.9900
13341 0.9900
13342 0.9900
13343 0.9900
13344 0.9900
13345 0.9900
13346 0.9900
13347 0.9900
13348 0.9900
13349 0.9900
13350 0.9900
13351 0.9900
13352 0.9900
13353 0.9900
13354 0.9900
13355 0.9900
13356 0.9900
13357 0.9900
13358 0.9900
13359 0.9900
13360 0.9900
13361 0.9900
13362 0.9900
13363 0.9900
13364 0.9900
13365 0.9900
13366 0.9900
13367 0.9900
13368 0.9900
13369 0.9900
13370 0.9900
13371 0.9900
13372 0.9900
13373 0.9900
13374 0.9900
13375 0.9900
13376 0.9900
13377 0.9900
13378 0.9900
13379 0.9900
13380 0.9900
13381 0.9900
13382 0.9900
13383 0.9900
13384 0.9900
13385 0.9900
13386 0.9900
13387 0.9900
13388 0.9900
13389 0.9900
13390 0.9900
13391 0.9900
13392 0.9900
13393 0.9900
13394 0.9900
13395 0.9900
13396 0.9900
13397 0.9900
13398 0.9900
13399 0.9900
13400 0.9900
13401 0.9900
13402 0.9900
13403 0.9900
13404 0.9900
13405 0.9900
13406 0.9900
13407 0.9900
13408 0.9900
13409 0.9900
13410 0.9900
13411 0.9900
13412 0.9900
13413 0.9900
13414 0.9900
13415 0.9900
13416 0.9900
13417 0.9900
13418 0.9900
13419 0.9900
13420 0.9900
13421 0.9900
13422 0.9900
13423 0.9900
13424 0.9900
13425 0.9900
13426 0.9900
13427 0.9900
13428 0.9900
13429 0.9900
13430 0.9900
13431 0.9900
13432 0.9900
13433 0.9900
13434 0.9900
13435 0.9900
13436 0.9900
13437 0.9900
13438 0.9900
13439 0.9900
13440 0.9900
13441 0.9900
13442 0.9900
13443 0.9900
13444 0.9900
13445 0.9900
13446 0.9900
13447 0.9900
13448 0.9900
13449 0.9900
13450 0.9900
13451 0.9900
13452 0.9900
13453 0.9900
13454 0.9900
13455 0.9900
13456 0.9900
13457 0.9900
13458 0.9900
13459 0.9900
13460 0.9900
13461 0.9900
13462 0.9900
13463 0.9900
13464 0.9900
13465 0.9900
13466 0.9900
13467 0.9900
13468 0.9900
13469 0.9900
13470 0.9900
13471 0.9900
13472 0.9900
13473 0.9900
13474 0.9900
13475 0.9900
13476 0.9900
13477 0.9900
13478 0.9900
13479 0.9900
13480 0.9900
13481 0.9900
13482 0.9900
13483 0.9900
13484 0.9900
13485 0.9900
13486 0.9900
13487 0.9900
13488 0.9900
13489 0.9900
13490 0.9900
13491 0.9900
13492 0.9900
13493 0.9900
13494 0.9900
13495 0.9900
13496 0.9900
13497 0.9900
13498 0.9900
13499 0.9900
13500 0.9900
13501 0.9900
13502 0.9900
13503 0.9900
13504 0.9900
13505 0.9900
13506 0.9900
13507 0.9900
13508 0.9900
13509 0.9900
13510 0.9900
13511 0.9900
13512 0.9900
13513 0.9900
13514 0.9900
13515 0.9900
13516 0.9900
13517 0.9900
13518 0.9900
13519 0.9900
13520 0.9900
13521 0.9900
13522 0.9900
13523 0.9900
13524 0.9900
13525 0.9900
13526 0.9900
13527 0.9900
13528 0.9900
13529 0.9900
13530 0.9900
13531 0.9900
13532 0.9900
13533 0.9900
13534 0.9900
13535 0.9900
13536 0.9900
13537 0.9900
13538 0.9900
13539 0.9900
13540 0.9900
13541 0.9900
13542 0.9900
13543 0.9900
13544 0.9900
13545 0.9900
13546 0.9900
13547 0.9900
13548 0.9900
13549 0.9900
13550 0.9900
13551 0.9900
13552 0.9900
13553 0.9900
13554 0.9900
13555 0.9900
13556 0.9900
13557 0.9900
13558 0.9900
13559 0.9900
13560 0.9900
13561 0.9900
13562 0.9900
13563 0.9900
13564 0.9900
13565 0.9900
13566 0.9900
13567 0.9900
13568 0.9900
13569 0.9900
13570 0.9900
13571 0.9900
13572 0.9900
13573 0.9900
13574 0.9900
13575 0.9900
13576 0.9900
13577 0.9900
13578 0.9900
13579 0.9900
13580 0.9900
13581 0.9900
13582 0.9900
13583 0.9900
13584 0.9900
13585 0.9900
13586 0.9900
13587 0.9900
13588 0.9900
13589 0.9900
13590 0.9900
13591 0.9900
13592 0.9900
13593 0.9900
13594 0.9900
13595 0.9900
13596 0.9900
13597 0.9900
13598 0.9900
13599 0.9900
13600 0.9900
13601 0.9900
13602 0.9900
13603 0.9900
13604 0.9900
13605 0.9900
13606 0.9900
13607 0.9900
13608 0.9900
13609 0.9900
13610 0.9900
13611 0.9900
13612 0.9900
13613 0.9900
13614 0.9900
13615 0.9900
13616 0.9900
13617 0.9900
13618 0.9900
13619 0.9900
13620 0.9900
13621 0.9900
13622 0.9900
13623 0.9900
13624 0.9900
13625 0.9900
13626 0.9900
13627 0.9900
13628 0.9900
13629 0.9900
13630 0.9900
13631 0.9900
13632 0.9900
13633 0.9900
13634 0.9900
13635 0.9900
13636 0.9900
13637 0.9900
13638 0.9900
13639 0.9900
13640 0.9900
13641 0.9900
13642 0.9900
13643 0.9900
13644 0.9900
13645 0.9900
13646 0.9900
13647 0.9900
13648 0.9900
13649 0.9900
13650 0.9900
13651 0.9900
13652 0.9900
13653 0.9900
13654 0.9900
13655 0.9900
13656 0.9900
13657 0.9900
13658 0.9900
13659 0.9900
13660 0.9900
13661 0.9900
13662 0.9900
13663 0.9900
13664 0.9900
13665 0.9900
13666 0.9900
13667 0.9900
13668 0.9900
13669 0.9900
13670 0.9900
13671 0.9900
13672 0.9900
13673 0.9900
13674 0.9900
13675 0.9900
13676 0.9900
13677 0.9900
13678 0.9900
13679 0.9900
13680 0.9900
13681 0.9900
13682 0.9900
13683 0.9900
13684 0.9900
13685 0.9900
13686 0.9900
13687 0.9900
13688 0.9900
13689 0.9900
13690 0.9900
13691 0.9900
13692 0.9900
13693 0.9900
13694 0.9900
13695 0.9900
13696 0.9900
13697 0.9900
13698 0.9900
13699 0.9900
13700 0.9900
13701 0.9900
13702 0.9900
13703 0.9900
13704 0.9900
13705 0.9900
13706 0.9900
13707 0.9900
13708 0.9900
13709 0.9900
13710 0.9900
13711 0.9900
13712 0.9900
13713 0.9900
13714 0.9900
13715 0.9900
13716 0.9900
13717 0.9900
13718 0.9900
13719 0.9900
13720 0.9900
13721 0.9900
13722 0.9900
13723 0.9900
13724 0.9900
13725 0.9900
13726 0.9900
13727 0.9900
13728 0.9900
13729 0.9900
13730 0.9911
13731 0.9911
13732 0.9911
13733 0.9911
13734 0.9911
13735 0.9911
13736 0.9911
13737 0.9911
13738 0.9911
13739 0.9911
13740 0.9911
13741 0.9911
13742 0.9911
13743 0.9911
13744 0.9911
13745 0.9911
13746 0.9911
13747 0.9911
13748 0.9911
13749 0.9911
13750 0.9911
13751 0.9911
13752 0.9911
13753 0.9911
13754 0.9911
13755 0.9911
13756 0.9911
13757 0.9911
13758 0.9911
13759 0.9911
13760 0.9911
13761 0.9911
13762 0.9911
13763 0.9911
13764 0.9911
13765 0.9911
13766 0.9911
13767 0.9911
13768 0.9911
13769 0.9911
13770 0.9911
13771 0.9911
13772 0.9911
13773 0.9911
13774 0.9911
13775 0.9922
13776 0.9922
13777 0.9922
13778 0.9922
13779 0.9922
13780 0.9922
13781 0.9922
13782 0.9922
13783 0.9922
13784 0.9922
13785 0.9922
13786 0.9922
13787 0.9922
13788 0.9922
13789 0.9922
13790 0.9922
13791 0.9922
13792 0.9922
13793 0.9922
13794 0.9922
13795 0.9922
13796 0.9922
13797 0.9922
13798 0.9922
13799 0.9922
13800 0.9922
13801 0.9922
13802 0.9922
13803 0.9922
13804 0.9922
13805 0.9922
13806 0.9922
13807 0.9922
13808 0.9922
13809 0.9922
13810 0.9922
13811 0.9922
13812 0.9922
13813 0.9922
13814 0.9922
13815 0.9922
13816 0.9922
13817 0.9922
13818 0.9922
13819 0.9922
13820 0.9922
13821 0.9922
13822 0.9922
13823 0.9922
13824 0.9922
13825 0.9922
13826 0.9922
13827 0.9922
13828 0.9922
13829 0.9922
13830 0.9922
13831 0.9922
13832 0.9922
13833 0.9922
13834 0.9922
13835 0.9922
13836 0.9922
13837 0.9922
13838 0.9922
13839 0.9922
13840 0.9922
13841 0.9922
13842 0.9922
13843 0.9922
13844 0.9922
13845 0.9922
13846 0.9922
13847 0.9922
13848 0.9922
13849 0.9922
13850 0.9922
13851 0.9922
13852 0.9922
13853 0.9922
13854 0.9922
13855 0.9922
13856 0.9922
13857 0.9922
13858 0.9922
13859 0.9922
13860 0.9922
13861 0.9922
13862 0.9922
13863 0.9922
13864 0.9922
13865 0.9922
13866 0.9922
13867 0.9922
13868 0.9922
13869 0.9922
13870 0.9922
13871 0.9922
13872 0.9922
13873 0.9922
13874 0.9922
13875 0.9922
13876 0.9922
13877 0.9922
13878 0.9922
13879 0.9922
13880 0.9922
13881 0.9922
13882 0.9922
13883 0.9922
13884 0.9922
13885 0.9922
13886 0.9922
13887 0.9922
13888 0.9922
13889 0.9922
13890 0.9922
13891 0.9922
13892 0.9922
13893 0.9922
13894 0.9922
13895 0.9922
13896 0.9922
13897 0.9922
13898 0.9922
13899 0.9922
13900 0.9922
13901 0.9922
13902 0.9922
13903 0.9922
13904 0.9922
13905 0.9922
13906 0.9922
13907 0.9922
13908 0.9922
13909 0.9922
13910 0.9922
13911 0.9922
13912 0.9922
13913 0.9922
13914 0.9922
13915 0.9922
13916 0.9922
13917 0.9922
13918 0.9922
13919 0.9922
13920 0.9922
13921 0.9922
13922 0.9922
13923 0.9922
13924 0.9922
13925 0.9922
13926 0.9922
13927 0.9922
13928 0.9922
13929 0.9922
13930 0.9922
13931 0.9922
13932 0.9922
13933 0.9922
13934 0.9922
13935 0.9922
13936 0.9922
13937 0.9922
13938 0.9922
13939 0.9922
13940 0.9922
13941 0.9922
13942 0.9922
13943 0.9922
13944 0.9922
13945 0.9922
13946 0.9922
13947 0.9922
13948 0.9922
13949 0.9922
13950 0.9922
13951 0.9922
13952 0.9922
13953 0.9922
13954 0.9922
13955 0.9922
13956 0.9922
13957 0.9922
13958 0.9922
13959 0.9922
13960 0.9922
13961 0.9922
13962 0.9922
13963 0.9922
13964 0.9922
13965 0.9922
13966 0.9922
13967 0.9922
13968 0.9922
13969 0.9922
13970 0.9922
13971 0.9922
13972 0.9922
13973 0.9922
13974 0.9922
13975 0.9922
13976 0.9922
13977 0.9922
13978 0.9922
13979 0.9922
13980 0.9922
13981 0.9922
13982 0.9922
13983 0.9922
13984 0.9922
13985 0.9922
13986 0.9922
13987 0.9922
13988 0.9922
13989 0.9922
13990 0.9922
13991 0.9922
13992 0.9922
13993 0.9922
13994 0.9922
13995 0.9922
13996 0.9922
13997 0.9922
13998 0.9922
13999 0.9922
14000 0.9922
14001 0.9922
14002 0.9922
14003 0.9922
14004 0.9922
14005 0.9922
14006 0.9922
14007 0.9922
14008 0.9922
14009 0.9922
14010 0.9922
14011 0.9922
14012 0.9922
14013 0.9922
14014 0.9922
14015 0.9922
14016 0.9922
14017 0.9922
14018 0.9922
14019 0.9922
14020 0.9922
14021 0.9922
14022 0.9922
14023 0.9922
14024 0.9922
14025 0.9922
14026 0.9922
14027 0.9922
14028 0.9922
14029 0.9922
14030 0.9922
14031 0.9922
14032 0.9922
14033 0.9922
14034 0.9922
14035 0.9922
14036 0.9922
14037 0.9922
14038 0.9922
14039 0.9922
14040 0.9922
14041 0.9922
14042 0.9922
14043 0.9922
14044 0.9922
14045 0.9922
14046 0.9922
14047 0.9922
14048 0.9922
14049 0.9922
14050 0.9922
14051 0.9922
14052 0.9922
14053 0.9922
14054 0.9922
14055 0.9922
14056 0.9922
14057 0.9922
14058 0.9922
14059 0.9922
14060 0.9922
14061 0.9922
14062 0.9922
14063 0.9922
14064 0.9922
14065 0.9922
14066 0.9922
14067 0.9922
14068 0.9922
14069 0.9922
14070 0.9922
14071 0.9922
14072 0.9922
14073 0.9922
14074 0.9922
14075 0.9922
14076 0.9922
14077 0.9922
14078 0.9922
14079 0.9922
14080 0.9922
14081 0.9922
14082 0.9922
14083 0.9922
14084 0.9922
14085 0.9922
14086 0.9922
14087 0.9922
14088 0.9922
14089 0.9922
14090 0.9922
14091 0.9922
14092 0.9922
14093 0.9922
14094 0.9922
14095 0.9922
14096 0.9922
14097 0.9922
14098 0.9922
14099 0.9922
14100 0.9922
14101 0.9922
14102 0.9922
14103 0.9922
14104 0.9922
14105 0.9922
14106 0.9922
14107 0.9922
14108 0.9922
14109 0.9922
14110 0.9922
14111 0.9922
14112 0.9922
14113 0.9922
14114 0.9922
14115 0.9922
14116 0.9922
14117 0.9922
14118 0.9922
14119 0.9922
14120 0.9922
14121 0.9922
14122 0.9922
14123 0.9922
14124 0.9922
14125 0.9922
14126 0.9922
14127 0.9922
14128 0.9922
14129 0.9922
14130 0.9922
14131 0.9922
14132 0.9922
14133 0.9922
14134 0.9922
14135 0.9922
14136 0.9922
14137 0.9922
14138 0.9922
14139 0.9922
14140 0.9922
14141 0.9922
14142 0.9922
14143 0.9922
14144 0.9922
14145 0.9922
14146 0.9922
14147 0.9922
14148 0.9922
14149 0.9922
14150 0.9922
14151 0.9922
14152 0.9922
14153 0.9922
14154 0.9922
14155 0.9922
14156 0.9922
14157 0.9922
14158 0.9922
14159 0.9922
14160 0.9922
14161 0.9922
14162 0.9922
14163 0.9922
14164 0.9922
14165 0.9922
14166 0.9922
14167 0.9922
14168 0.9922
14169 0.9922
14170 0.9922
14171 0.9922
14172 0.9922
14173 0.9922
14174 0.9922
14175 0.9922
14176 0.9922
14177 0.9922
14178 0.9922
14179 0.9922
14180 0.9922
14181 0.9922
14182 0.9922
14183 0.9922
14184 0.9922
14185 0.9922
14186 0.9922
14187 0.9922
14188 0.9922
14189 0.9922
14190 0.9922
14191 0.9922
14192 0.9922
14193 0.9922
14194 0.9922
14195 0.9922
14196 0.9922
14197 0.9922
14198 0.9922
14199 0.9922
14200 0.9922
14201 0.9922
14202 0.9922
14203 0.9922
14204 0.9922
14205 0.9922
14206 0.9922
14207 0.9922
14208 0.9922
14209 0.9922
14210 0.9922
14211 0.9922
14212 0.9922
14213 0.9922
14214 0.9922
14215 0.9922
14216 0.9922
14217 0.9922
14218 0.9922
14219 0.9922
14220 0.9922
14221 0.9922
14222 0.9922
14223 0.9922
14224 0.9922
14225 0.9922
14226 0.9922
14227 0.9922
14228 0.9922
14229 0.9922
14230 0.9922
14231 0.9922
14232 0.9922
14233 0.9922
14234 0.9922
14235 0.9922
14236 0.9922
14237 0.9922
14238 0.9922
14239 0.9922
14240 0.9922
14241 0.9922
14242 0.9922
14243 0.9922
14244 0.9922
14245 0.9922
14246 0.9922
14247 0.9922
14248 0.9922
14249 0.9922
14250 0.9922
14251 0.9922
14252 0.9922
14253 0.9922
14254 0.9922
14255 0.9922
14256 0.9922
14257 0.9922
14258 0.9922
14259 0.9922
14260 0.9922
14261 0.9922
14262 0.9922
14263 0.9922
14264 0.9922
14265 0.9922
14266 0.9922
14267 0.9922
14268 0.9922
14269 0.9922
14270 0.9922
14271 0.9922
14272 0.9922
14273 0.9922
14274 0.9922
14275 0.9922
14276 0.9922
14277 0.9922
14278 0.9922
14279 0.9922
14280 0.9922
14281 0.9922
14282 0.9922
14283 0.9922
14284 0.9922
14285 0.9922
14286 0.9922
14287 0.9922
14288 0.9922
14289 0.9922
14290 0.9922
14291 0.9922
14292 0.9922
14293 0.9922
14294 0.9922
14295 0.9922
14296 0.9922
14297 0.9922
14298 0.9922
14299 0.9922
14300 0.9922
14301 0.9922
14302 0.9922
14303 0.9922
14304 0.9922
14305 0.9922
14306 0.9922
14307 0.9922
14308 0.9922
14309 0.9922
14310 0.9922
14311 0.9922
14312 0.9922
14313 0.9922
14314 0.9922
14315 0.9922
14316 0.9922
14317 0.9922
14318 0.9922
14319 0.9922
14320 0.9922
14321 0.9922
14322 0.9922
14323 0.9922
14324 0.9922
14325 0.9922
14326 0.9922
14327 0.9922
14328 0.9922
14329 0.9922
14330 0.9922
14331 0.9922
14332 0.9922
14333 0.9922
14334 0.9922
14335 0.9922
14336 0.9922
14337 0.9922
14338 0.9922
14339 0.9922
14340 0.9922
14341 0.9922
14342 0.9922
14343 0.9922
14344 0.9922
14345 0.9922
14346 0.9922
14347 0.9922
14348 0.9922
14349 0.9922
14350 0.9922
14351 0.9922
14352 0.9922
14353 0.9922
14354 0.9922
14355 0.9922
14356 0.9922
14357 0.9922
14358 0.9922
14359 0.9922
14360 0.9922
14361 0.9922
14362 0.9922
14363 0.9922
14364 0.9922
14365 0.9922
14366 0.9922
14367 0.9922
14368 0.9922
14369 0.9922
14370 0.9922
14371 0.9922
14372 0.9922
14373 0.9922
14374 0.9922
14375 0.9922
14376 0.9922
14377 0.9922
14378 0.9922
14379 0.9922
14380 0.9922
14381 0.9922
14382 0.9922
14383 0.9922
14384 0.9922
14385 0.9922
14386 0.9922
14387 0.9922
14388 0.9922
14389 0.9922
14390 0.9922
14391 0.9922
14392 0.9922
14393 0.9922
14394 0.9922
14395 0.9922
14396 0.9922
14397 0.9922
14398 0.9922
14399 0.9922
14400 0.9922
14401 0.9922
14402 0.9922
14403 0.9922
14404 0.9922
14405 0.9922
14406 0.9922
14407 0.9922
14408 0.9922
14409 0.9922
14410 0.9922
14411 0.9922
14412 0.9922
14413 0.9922
14414 0.9922
14415 0.9922
14416 0.9922
14417 0.9922
14418 0.9922
14419 0.9922
14420 0.9922
14421 0.9922
14422 0.9922
14423 0.9922
14424 0.9922
14425 0.9922
14426 0.9922
14427 0.9922
14428 0.9922
14429 0.9922
14430 0.9922
14431 0.9922
14432 0.9922
14433 0.9922
14434 0.9922
14435 0.9922
14436 0.9922
14437 0.9922
14438 0.9922
14439 0.9922
14440 0.9922
14441 0.9922
14442 0.9922
14443 0.9922
14444 0.9922
14445 0.9922
14446 0.9922
14447 0.9922
14448 0.9922
14449 0.9922
14450 0.9922
14451 0.9922
14452 0.9922
14453 0.9922
14454 0.9922
14455 0.9922
14456 0.9922
14457 0.9922
14458 0.9922
14459 0.9922
14460 0.9922
14461 0.9922
14462 0.9922
14463 0.9922
14464 0.9922
14465 0.9922
14466 0.9922
14467 0.9922
14468 0.9922
14469 0.9922
14470 0.9922
14471 0.9922
14472 0.9922
14473 0.9922
14474 0.9922
14475 0.9922
14476 0.9922
14477 0.9922
14478 0.9922
14479 0.9922
14480 0.9922
14481 0.9922
14482 0.9922
14483 0.9922
14484 0.9922
14485 0.9922
14486 0.9922
14487 0.9922
14488 0.9922
14489 0.9922
14490 0.9922
14491 0.9922
14492 0.9922
14493 0.9922
14494 0.9922
14495 0.9922
14496 0.9922
14497 0.9922
14498 0.9922
14499 0.9922
14500 0.9922
14501 0.9922
14502 0.9922
14503 0.9922
14504 0.9922
14505 0.9922
14506 0.9922
14507 0.9922
14508 0.9922
14509 0.9922
14510 0.9922
14511 0.9922
14512 0.9922
14513 0.9922
14514 0.9922
14515 0.9922
14516 0.9922
14517 0.9922
14518 0.9922
14519 0.9922
14520 0.9922
14521 0.9922
14522 0.9922
14523 0.9922
14524 0.9922
14525 0.9922
14526 0.9922
14527 0.9922
14528 0.9922
14529 0.9922
14530 0.9922
14531 0.9922
14532 0.9922
14533 0.9922
14534 0.9922
14535 0.9922
14536 0.9922
14537 0.9922
14538 0.9922
14539 0.9922
14540 0.9922
14541 0.9922
14542 0.9922
14543 0.9922
14544 0.9922
14545 0.9922
14546 0.9922
14547 0.9922
14548 0.9922
14549 0.9922
14550 0.9922
14551 0.9922
14552 0.9922
14553 0.9922
14554 0.9922
14555 0.9922
14556 0.9922
14557 0.9922
14558 0.9922
14559 0.9922
14560 0.9922
14561 0.9922
14562 0.9922
14563 0.9922
14564 0.9922
14565 0.9922
14566 0.9922
14567 0.9922
14568 0.9922
14569 0.9922
14570 0.9922
14571 0.9922
14572 0.9922
14573 0.9922
14574 0.9922
14575 0.9922
14576 0.9922
14577 0.9922
14578 0.9922
14579 0.9922
14580 0.9922
14581 0.9922
14582 0.9922
14583 0.9922
14584 0.9922
14585 0.9922
14586 0.9922
14587 0.9922
14588 0.9922
14589 0.9922
14590 0.9922
14591 0.9922
14592 0.9922
14593 0.9922
14594 0.9922
14595 0.9922
14596 0.9922
14597 0.9922
14598 0.9922
14599 0.9922
14600 0.9922
14601 0.9922
14602 0.9922
14603 0.9922
14604 0.9922
14605 0.9922
14606 0.9922
14607 0.9922
14608 0.9922
14609 0.9922
14610 0.9922
14611 0.9922
14612 0.9922
14613 0.9922
14614 0.9922
14615 0.9922
14616 0.9922
14617 0.9922
14618 0.9922
14619 0.9922
14620 0.9922
14621 0.9922
14622 0.9922
14623 0.9922
14624 0.9922
14625 0.9922
14626 0.9922
14627 0.9922
14628 0.9922
14629 0.9922
14630 0.9922
14631 0.9922
14632 0.9922
14633 0.9922
14634 0.9922
14635 0.9922
14636 0.9922
14637 0.9922
14638 0.9922
14639 0.9922
14640 0.9922
14641 0.9922
14642 0.9922
14643 0.9922
14644 0.9922
14645 0.9922
14646 0.9922
14647 0.9922
14648 0.9922
14649 0.9922
14650 0.9922
14651 0.9922
14652 0.9922
14653 0.9922
14654 0.9922
14655 0.9922
14656 0.9922
14657 0.9922
14658 0.9922
14659 0.9922
14660 0.9922
14661 0.9922
14662 0.9922
14663 0.9922
14664 0.9922
14665 0.9922
14666 0.9922
14667 0.9922
14668 0.9922
14669 0.9922
14670 0.9922
14671 0.9922
14672 0.9922
14673 0.9922
14674 0.9922
14675 0.9922
14676 0.9922
14677 0.9922
14678 0.9922
14679 0.9922
14680 0.9922
14681 0.9922
14682 0.9922
14683 0.9922
14684 0.9922
14685 0.9922
14686 0.9922
14687 0.9922
14688 0.9922
14689 0.9922
14690 0.9922
14691 0.9922
14692 0.9922
14693 0.9922
14694 0.9922
14695 0.9922
14696 0.9922
14697 0.9922
14698 0.9922
14699 0.9922
14700 0.9922
14701 0.9922
14702 0.9922
14703 0.9922
14704 0.9922
14705 0.9922
14706 0.9922
14707 0.9922
14708 0.9922
14709 0.9922
14710 0.9922
14711 0.9922
14712 0.9922
14713 0.9922
14714 0.9922
14715 0.9922
14716 0.9922
14717 0.9922
14718 0.9922
14719 0.9922
14720 0.9922
14721 0.9922
14722 0.9922
14723 0.9922
14724 0.9922
14725 0.9922
14726 0.9922
14727 0.9922
14728 0.9922
14729 0.9922
14730 0.9922
14731 0.9922
14732 0.9922
14733 0.9922
14734 0.9922
14735 0.9922
14736 0.9922
14737 0.9922
14738 0.9922
14739 0.9922
14740 0.9922
14741 0.9922
14742 0.9922
14743 0.9922
14744 0.9922
14745 0.9922
14746 0.9922
14747 0.9922
14748 0.9922
14749 0.9922
14750 0.9922
14751 0.9922
14752 0.9922
14753 0.9922
14754 0.9922
14755 0.9922
14756 0.9922
14757 0.9922
14758 0.9922
14759 0.9922
14760 0.9922
14761 0.9922
14762 0.9922
14763 0.9922
14764 0.9922
14765 0.9922
14766 0.9922
14767 0.9922
14768 0.9922
14769 0.9922
14770 0.9922
14771 0.9922
14772 0.9922
14773 0.9922
14774 0.9922
14775 0.9922
14776 0.9922
14777 0.9922
14778 0.9922
14779 0.9922
14780 0.9922
14781 0.9922
14782 0.9922
14783 0.9922
14784 0.9922
14785 0.9922
14786 0.9922
14787 0.9922
14788 0.9922
14789 0.9922
14790 0.9922
14791 0.9922
14792 0.9922
14793 0.9922
14794 0.9922
14795 0.9922
14796 0.9922
14797 0.9922
14798 0.9922
14799 0.9922
14800 0.9933
14801 0.9933
14802 0.9933
14803 0.9933
14804 0.9933
14805 0.9933
14806 0.9933
14807 0.9933
14808 0.9933
14809 0.9933
14810 0.9933
14811 0.9933
14812 0.9933
14813 0.9933
14814 0.9933
14815 0.9933
14816 0.9933
14817 0.9933
14818 0.9933
14819 0.9933
14820 0.9933
14821 0.9933
14822 0.9933
14823 0.9933
14824 0.9933
14825 0.9933
14826 0.9933
14827 0.9933
14828 0.9933
14829 0.9933
14830 0.9933
14831 0.9933
14832 0.9944
14833 0.9944
14834 0.9944
14835 0.9944
14836 0.9944
14837 0.9944
14838 0.9944
14839 0.9944
14840 0.9944
14841 0.9944
14842 0.9944
14843 0.9944
14844 0.9944
14845 0.9944
14846 0.9944
14847 0.9944
14848 0.9944
14849 0.9944
14850 0.9944
14851 0.9944
14852 0.9944
14853 0.9944
14854 0.9944
14855 0.9944
14856 0.9944
14857 0.9944
14858 0.9944
14859 0.9944
14860 0.9944
14861 0.9944
14862 0.9944
14863 0.9944
14864 0.9944
14865 0.9944
14866 0.9944
14867 0.9944
14868 0.9944
14869 0.9944
14870 0.9944
14871 0.9944
14872 0.9944
14873 0.9944
14874 0.9944
14875 0.9944
14876 0.9944
14877 0.9944
14878 0.9944
14879 0.9944
14880 0.9944
14881 0.9944
14882 0.9944
14883 0.9944
14884 0.9944
14885 0.9944
14886 0.9944
14887 0.9944
14888 0.9944
14889 0.9944
14890 0.9944
14891 0.9944
14892 0.9944
14893 0.9944
14894 0.9944
14895 0.9944
14896 0.9944
14897 0.9944
14898 0.9944
14899 0.9944
14900 0.9944
14901 0.9944
14902 0.9944
14903 0.9944
14904 0.9944
14905 0.9944
14906 0.9944
14907 0.9944
14908 0.9944
14909 0.9944
14910 0.9944
14911 0.9944
14912 0.9944
14913 0.9944
14914 0.9944
14915 0.9944
14916 0.9944
14917 0.9944
14918 0.9944
14919 0.9944
14920 0.9944
14921 0.9944
14922 0.9944
14923 0.9944
14924 0.9944
14925 0.9944
14926 0.9944
14927 0.9944
14928 0.9944
14929 0.9944
14930 0.9944
14931 0.9944
14932 0.9944
14933 0.9944
14934 0.9944
14935 0.9944
14936 0.9944
14937 0.9944
14938 0.9944
14939 0.9944
14940 0.9944
14941 0.9944
14942 0.9944
14943 0.9944
14944 0.9944
14945 0.9944
14946 0.9944
14947 0.9944
14948 0.9944
14949 0.9944
14950 0.9944
14951 0.9944
14952 0.9944
14953 0.9944
14954 0.9944
14955 0.9944
14956 0.9944
14957 0.9944
14958 0.9944
14959 0.9944
14960 0.9944
14961 0.9944
14962 0.9944
14963 0.9944
14964 0.9944
14965 0.9944
14966 0.9944
14967 0.9944
14968 0.9944
14969 0.9944
14970 0.9944
14971 0.9944
14972 0.9944
14973 0.9944
14974 0.9944
14975 0.9944
14976 0.9944
14977 0.9944
14978 0.9944
14979 0.9944
14980 0.9944
14981 0.9944
14982 0.9944
14983 0.9944
14984 0.9944
14985 0.9944
14986 0.9944
14987 0.9944
14988 0.9944
14989 0.9944
14990 0.9944
14991 0.9944
14992 0.9944
14993 0.9944
14994 0.9944
14995 0.9944
14996 0.9944
14997 0.9944
14998 0.9944
14999 0.9944
15000 0.9944
15001 0.9944
15002 0.9944
15003 0.9944
15004 0.9944
15005 0.9944
15006 0.9944
15007 0.9944
15008 0.9944
15009 0.9944
15010 0.9944
15011 0.9944
15012 0.9944
15013 0.9944
15014 0.9944
15015 0.9944
15016 0.9944
15017 0.9944
15018 0.9944
15019 0.9944
15020 0.9944
15021 0.9944
15022 0.9944
15023 0.9944
15024 0.9944
15025 0.9944
15026 0.9944
15027 0.9944
15028 0.9944
15029 0.9944
15030 0.9944
15031 0.9944
15032 0.9944
15033 0.9944
15034 0.9944
15035 0.9944
15036 0.9944
15037 0.9944
15038 0.9944
15039 0.9944
15040 0.9944
15041 0.9944
15042 0.9944
15043 0.9944
15044 0.9944
15045 0.9944
15046 0.9944
15047 0.9944
15048 0.9944
15049 0.9944
15050 0.9944
15051 0.9944
15052 0.9944
15053 0.9944
15054 0.9944
15055 0.9944
15056 0.9944
15057 0.9944
15058 0.9944
15059 0.9944
15060 0.9944
15061 0.9944
15062 0.9944
15063 0.9944
15064 0.9944
15065 0.9944
15066 0.9944
15067 0.9944
15068 0.9944
15069 0.9944
15070 0.9944
15071 0.9944
15072 0.9944
15073 0.9944
15074 0.9944
15075 0.9944
15076 0.9944
15077 0.9944
15078 0.9944
15079 0.9944
15080 0.9944
15081 0.9944
15082 0.9944
15083 0.9944
15084 0.9944
15085 0.9944
15086 0.9944
15087 0.9944
15088 0.9944
15089 0.9944
15090 0.9944
15091 0.9944
15092 0.9944
15093 0.9944
15094 0.9944
15095 0.9944
15096 0.9944
15097 0.9944
15098 0.9944
15099 0.9944
15100 0.9944
15101 0.9944
15102 0.9944
15103 0.9944
15104 0.9944
15105 0.9944
15106 0.9944
15107 0.9944
15108 0.9944
15109 0.9944
15110 0.9944
15111 0.9944
15112 0.9944
15113 0.9944
15114 0.9944
15115 0.9944
15116 0.9944
15117 0.9944
15118 0.9944
15119 0.9944
15120 0.9944
15121 0.9944
15122 0.9944
15123 0.9944
15124 0.9944
15125 0.9944
15126 0.9944
15127 0.9944
15128 0.9944
15129 0.9944
15130 0.9944
15131 0.9944
15132 0.9944
15133 0.9944
15134 0.9944
15135 0.9944
15136 0.9944
15137 0.9944
15138 0.9944
15139 0.9944
15140 0.9944
15141 0.9944
15142 0.9944
15143 0.9944
15144 0.9944
15145 0.9944
15146 0.9944
15147 0.9944
15148 0.9944
15149 0.9944
15150 0.9944
15151 0.9944
15152 0.9944
15153 0.9944
15154 0.9944
15155 0.9944
15156 0.9944
15157 0.9944
15158 0.9944
15159 0.9944
15160 0.9944
15161 0.9944
15162 0.9944
15163 0.9944
15164 0.9944
15165 0.9944
15166 0.9944
15167 0.9944
15168 0.9944
15169 0.9944
15170 0.9944
15171 0.9944
15172 0.9944
15173 0.9944
15174 0.9944
15175 0.9944
15176 0.9944
15177 0.9944
15178 0.9944
15179 0.9944
15180 0.9944
15181 0.9944
15182 0.9944
15183 0.9944
15184 0.9944
15185 0.9944
15186 0.9944
15187 0.9944
15188 0.9944
15189 0.9944
15190 0.9944
15191 0.9944
15192 0.9944
15193 0.9944
15194 0.9944
15195 0.9944
15196 0.9944
15197 0.9944
15198 0.9944
15199 0.9944
15200 0.9944
15201 0.9944
15202 0.9944
15203 0.9944
15204 0.9944
15205 0.9944
15206 0.9944
15207 0.9944
15208 0.9944
15209 0.9944
15210 0.9944
15211 0.9944
15212 0.9944
15213 0.9944
15214 0.9944
15215 0.9944
15216 0.9944
15217 0.9944
15218 0.9944
15219 0.9944
15220 0.9944
15221 0.9944
15222 0.9944
15223 0.9944
15224 0.9944
15225 0.9944
15226 0.9944
15227 0.9944
15228 0.9944
15229 0.9944
15230 0.9944
15231 0.9944
15232 0.9944
15233 0.9944
15234 0.9944
15235 0.9944
15236 0.9944
15237 0.9944
15238 0.9944
15239 0.9944
15240 0.9944
15241 0.9944
15242 0.9944
15243 0.9944
15244 0.9944
15245 0.9944
15246 0.9944
15247 0.9944
15248 0.9944
15249 0.9944
15250 0.9944
15251 0.9944
15252 0.9944
15253 0.9944
15254 0.9944
15255 0.9944
15256 0.9944
15257 0.9944
15258 0.9944
15259 0.9944
15260 0.9944
15261 0.9944
15262 0.9944
15263 0.9944
15264 0.9944
15265 0.9944
15266 0.9944
15267 0.9944
15268 0.9944
15269 0.9944
15270 0.9944
15271 0.9944
15272 0.9944
15273 0.9944
15274 0.9944
15275 0.9944
15276 0.9944
15277 0.9944
15278 0.9944
15279 0.9944
15280 0.9944
15281 0.9944
15282 0.9944
15283 0.9944
15284 0.9944
15285 0.9944
15286 0.9944
15287 0.9944
15288 0.9944
15289 0.9944
15290 0.9944
15291 0.9944
15292 0.9944
15293 0.9944
15294 0.9944
15295 0.9944
15296 0.9944
15297 0.9944
15298 0.9944
15299 0.9944
15300 0.9944
15301 0.9944
15302 0.9944
15303 0.9944
15304 0.9944
15305 0.9944
15306 0.9944
15307 0.9944
15308 0.9944
15309 0.9944
15310 0.9944
15311 0.9944
15312 0.9944
15313 0.9944
15314 0.9944
15315 0.9944
15316 0.9944
15317 0.9944
15318 0.9944
15319 0.9944
15320 0.9944
15321 0.9944
15322 0.9944
15323 0.9944
15324 0.9944
15325 0.9944
15326 0.9944
15327 0.9944
15328 0.9944
15329 0.9944
15330 0.9944
15331 0.9944
15332 0.9944
15333 0.9944
15334 0.9944
15335 0.9944
15336 0.9944
15337 0.9944
15338 0.9956
15339 0.9956
15340 0.9956
15341 0.9956
15342 0.9956
15343 0.9956
15344 0.9956
15345 0.9956
15346 0.9956
15347 0.9956
15348 0.9956
15349 0.9956
15350 0.9956
15351 0.9956
15352 0.9956
15353 0.9956
15354 0.9956
15355 0.9956
15356 0.9956
15357 0.9956
15358 0.9956
15359 0.9956
15360 0.9956
15361 0.9956
15362 0.9956
15363 0.9956
15364 0.9956
15365 0.9956
15366 0.9956
15367 0.9956
15368 0.9956
15369 0.9956
15370 0.9956
15371 0.9956
15372 0.9956
15373 0.9956
15374 0.9956
15375 0.9956
15376 0.9956
15377 0.9956
15378 0.9956
15379 0.9956
15380 0.9956
15381 0.9956
15382 0.9956
15383 0.9956
15384 0.9956
15385 0.9956
15386 0.9956
15387 0.9956
15388 0.9956
15389 0.9956
15390 0.9956
15391 0.9956
15392 0.9956
15393 0.9956
15394 0.9956
15395 0.9956
15396 0.9956
15397 0.9956
15398 0.9956
15399 0.9956
15400 0.9956
15401 0.9956
15402 0.9956
15403 0.9956
15404 0.9956
15405 0.9956
15406 0.9956
15407 0.9956
15408 0.9956
15409 0.9956
15410 0.9956
15411 0.9956
15412 0.9956
15413 0.9956
15414 0.9956
15415 0.9956
15416 0.9956
15417 0.9956
15418 0.9956
15419 0.9956
15420 0.9956
15421 0.9956
15422 0.9956
15423 0.9956
15424 0.9956
15425 0.9956
15426 0.9956
15427 0.9956
15428 0.9956
15429 0.9956
15430 0.9956
15431 0.9956
15432 0.9956
15433 0.9956
15434 0.9956
15435 0.9956
15436 0.9956
15437 0.9956
15438 0.9956
15439 0.9956
15440 0.9956
15441 0.9956
15442 0.9956
15443 0.9956
15444 0.9956
15445 0.9956
15446 0.9956
15447 0.9956
15448 0.9956
15449 0.9956
15450 0.9956
15451 0.9956
15452 0.9956
15453 0.9956
15454 0.9956
15455 0.9956
15456 0.9956
15457 0.9956
15458 0.9956
15459 0.9956
15460 0.9956
15461 0.9956
15462 0.9956
15463 0.9956
15464 0.9956
15465 0.9956
15466 0.9956
15467 0.9956
15468 0.9956
15469 0.9956
15470 0.9956
15471 0.9956
15472 0.9956
15473 0.9956
15474 0.9956
15475 0.9956
15476 0.9956
15477 0.9956
15478 0.9956
15479 0.9956
15480 0.9956
15481 0.9956
15482 0.9956
15483 0.9956
15484 0.9956
15485 0.9956
15486 0.9956
15487 0.9956
15488 0.9956
15489 0.9956
15490 0.9956
15491 0.9956
15492 0.9956
15493 0.9956
15494 0.9956
15495 0.9956
15496 0.9956
15497 0.9956
15498 0.9956
15499 0.9956
15500 0.9956
15501 0.9956
15502 0.9956
15503 0.9956
15504 0.9956
15505 0.9956
15506 0.9956
15507 0.9956
15508 0.9956
15509 0.9956
15510 0.9956
15511 0.9956
15512 0.9956
15513 0.9956
15514 0.9956
15515 0.9956
15516 0.9956
15517 0.9956
15518 0.9956
15519 0.9956
15520 0.9956
15521 0.9956
15522 0.9956
15523 0.9956
15524 0.9956
15525 0.9956
15526 0.9956
15527 0.9956
15528 0.9956
15529 0.9956
15530 0.9956
15531 0.9956
15532 0.9956
15533 0.9956
15534 0.9956
15535 0.9956
15536 0.9956
15537 0.9956
15538 0.9956
15539 0.9956
15540 0.9956
15541 0.9956
15542 0.9956
15543 0.9956
15544 0.9956
15545 0.9956
15546 0.9956
15547 0.9956
15548 0.9956
15549 0.9956
15550 0.9956
15551 0.9956
15552 0.9956
15553 0.9956
15554 0.9956
15555 0.9956
15556 0.9956
15557 0.9956
15558 0.9956
15559 0.9956
15560 0.9956
15561 0.9956
15562 0.9956
15563 0.9956
15564 0.9956
15565 0.9956
15566 0.9956
15567 0.9956
15568 0.9956
15569 0.9956
15570 0.9956
15571 0.9956
15572 0.9956
15573 0.9956
15574 0.9956
15575 0.9956
15576 0.9956
15577 0.9956
15578 0.9956
15579 0.9956
15580 0.9956
15581 0.9956
15582 0.9956
15583 0.9956
15584 0.9956
15585 0.9956
15586 0.9956
15587 0.9956
15588 0.9956
15589 0.9956
15590 0.9956
15591 0.9956
15592 0.9956
15593 0.9956
15594 0.9956
15595 0.9956
15596 0.9956
15597 0.9956
15598 0.9956
15599 0.9956
15600 0.9956
15601 0.9956
15602 0.9956
15603 0.9956
15604 0.9956
15605 0.9956
15606 0.9956
15607 0.9956
15608 0.9956
15609 0.9956
15610 0.9956
15611 0.9956
15612 0.9956
15613 0.9956
15614 0.9956
15615 0.9956
15616 0.9956
15617 0.9956
15618 0.9956
15619 0.9956
15620 0.9956
15621 0.9956
15622 0.9956
15623 0.9956
15624 0.9956
15625 0.9956
15626 0.9956
15627 0.9956
15628 0.9956
15629 0.9956
15630 0.9956
15631 0.9956
15632 0.9956
15633 0.9956
15634 0.9956
15635 0.9956
15636 0.9956
15637 0.9956
15638 0.9956
15639 0.9956
15640 0.9956
15641 0.9956
15642 0.9956
15643 0.9956
15644 0.9956
15645 0.9956
15646 0.9956
15647 0.9956
15648 0.9956
15649 0.9956
15650 0.9956
15651 0.9956
15652 0.9956
15653 0.9956
15654 0.9956
15655 0.9956
15656 0.9956
15657 0.9956
15658 0.9956
15659 0.9956
15660 0.9956
15661 0.9956
15662 0.9956
15663 0.9956
15664 0.9956
15665 0.9956
15666 0.9956
15667 0.9956
15668 0.9956
15669 0.9956
15670 0.9956
15671 0.9956
15672 0.9956
15673 0.9956
15674 0.9956
15675 0.9956
15676 0.9956
15677 0.9956
15678 0.9956
15679 0.9956
15680 0.9956
15681 0.9956
15682 0.9956
15683 0.9956
15684 0.9956
15685 0.9956
15686 0.9956
15687 0.9956
15688 0.9956
15689 0.9956
15690 0.9956
15691 0.9956
15692 0.9956
15693 0.9956
15694 0.9956
15695 0.9956
15696 0.9956
15697 0.9956
15698 0.9956
15699 0.9956
15700 0.9956
15701 0.9956
15702 0.9956
15703 0.9956
15704 0.9956
15705 0.9956
15706 0.9956
15707 0.9956
15708 0.9956
15709 0.9956
15710 0.9956
15711 0.9956
15712 0.9956
15713 0.9956
15714 0.9956
15715 0.9956
15716 0.9956
15717 0.9956
15718 0.9956
15719 0.9956
15720 0.9956
15721 0.9956
15722 0.9956
15723 0.9956
15724 0.9956
15725 0.9956
15726 0.9956
15727 0.9956
15728 0.9956
15729 0.9956
15730 0.9956
15731 0.9956
15732 0.9956
15733 0.9956
15734 0.9956
15735 0.9956
15736 0.9956
15737 0.9956
15738 0.9956
15739 0.9956
15740 0.9956
15741 0.9956
15742 0.9956
15743 0.9956
15744 0.9956
15745 0.9956
15746 0.9956
15747 0.9956
15748 0.9956
15749 0.9956
15750 0.9956
15751 0.9956
15752 0.9956
15753 0.9956
15754 0.9956
15755 0.9956
15756 0.9956
15757 0.9956
15758 0.9956
15759 0.9956
15760 0.9956
15761 0.9956
15762 0.9956
15763 0.9956
15764 0.9956
15765 0.9956
15766 0.9956
15767 0.9956
15768 0.9956
15769 0.9956
15770 0.9956
15771 0.9956
15772 0.9956
15773 0.9956
15774 0.9956
15775 0.9956
15776 0.9956
15777 0.9956
15778 0.9956
15779 0.9956
15780 0.9956
15781 0.9956
15782 0.9956
15783 0.9956
15784 0.9956
15785 0.9956
15786 0.9956
15787 0.9956
15788 0.9956
15789 0.9956
15790 0.9956
15791 0.9956
15792 0.9956
15793 0.9956
15794 0.9956
15795 0.9956
15796 0.9956
15797 0.9956
15798 0.9956
15799 0.9956
15800 0.9956
15801 0.9956
15802 0.9956
15803 0.9956
15804 0.9956
15805 0.9956
15806 0.9956
15807 0.9956
15808 0.9956
15809 0.9956
15810 0.9956
15811 0.9956
15812 0.9956
15813 0.9956
15814 0.9956
15815 0.9956
15816 0.9956
15817 0.9956
15818 0.9956
15819 0.9956
15820 0.9956
15821 0.9956
15822 0.9956
15823 0.9956
15824 0.9956
15825 0.9956
15826 0.9956
15827 0.9956
15828 0.9956
15829 0.9956
15830 0.9956
15831 0.9956
15832 0.9956
15833 0.9956
15834 0.9956
15835 0.9956
15836 0.9956
15837 0.9956
15838 0.9956
15839 0.9956
15840 0.9956
15841 0.9956
15842 0.9956
15843 0.9956
15844 0.9956
15845 0.9956
15846 0.9956
15847 0.9956
15848 0.9956
15849 0.9956
15850 0.9956
15851 0.9956
15852 0.9956
15853 0.9956
15854 0.9956
15855 0.9956
15856 0.9956
15857 0.9956
15858 0.9956
15859 0.9956
15860 0.9956
15861 0.9956
15862 0.9956
15863 0.9956
15864 0.9956
15865 0.9956
15866 0.9956
15867 0.9956
15868 0.9956
15869 0.9956
15870 0.9956
15871 0.9956
15872 0.9956
15873 0.9956
15874 0.9956
15875 0.9956
15876 0.9956
15877 0.9956
15878 0.9956
15879 0.9956
15880 0.9956
15881 0.9956
15882 0.9956
15883 0.9956
15884 0.9956
15885 0.9956
15886 0.9956
15887 0.9956
15888 0.9956
15889 0.9956
15890 0.9956
15891 0.9956
15892 0.9956
15893 0.9956
15894 0.9956
15895 0.9956
15896 0.9956
15897 0.9956
15898 0.9956
15899 0.9956
15900 0.9956
15901 0.9956
15902 0.9956
15903 0.9956
15904 0.9956
15905 0.9956
15906 0.9956
15907 0.9956
15908 0.9956
15909 0.9956
15910 0.9956
15911 0.9956
15912 0.9956
15913 0.9956
15914 0.9956
15915 0.9956
15916 0.9956
15917 0.9956
15918 0.9956
15919 0.9956
15920 0.9956
15921 0.9956
15922 0.9956
15923 0.9956
15924 0.9956
15925 0.9956
15926 0.9956
15927 0.9956
15928 0.9956
15929 0.9956
15930 0.9956
15931 0.9956
15932 0.9956
15933 0.9956
15934 0.9956
15935 0.9956
15936 0.9956
15937 0.9956
15938 0.9956
15939 0.9956
15940 0.9956
15941 0.9956
15942 0.9956
15943 0.9956
15944 0.9956
15945 0.9956
15946 0.9956
15947 0.9956
15948 0.9956
15949 0.9956
15950 0.9956
15951 0.9956
15952 0.9956
15953 0.9956
15954 0.9956
15955 0.9956
15956 0.9956
15957 0.9956
15958 0.9956
15959 0.9956
15960 0.9956
15961 0.9956
15962 0.9956
15963 0.9956
15964 0.9956
15965 0.9956
15966 0.9956
15967 0.9956
15968 0.9956
15969 0.9956
15970 0.9956
15971 0.9956
15972 0.9956
15973 0.9956
15974 0.9956
15975 0.9956
15976 0.9956
15977 0.9956
15978 0.9956
15979 0.9956
15980 0.9956
15981 0.9956
15982 0.9956
15983 0.9956
15984 0.9956
15985 0.9956
15986 0.9956
15987 0.9956
15988 0.9956
15989 0.9956
15990 0.9956
15991 0.9956
15992 0.9956
15993 0.9956
15994 0.9956
15995 0.9956
15996 0.9956
15997 0.9956
15998 0.9956
15999 0.9956
16000 0.9956
16001 0.9956
16002 0.9956
16003 0.9956
16004 0.9956
16005 0.9956
16006 0.9956
16007 0.9956
16008 0.9956
16009 0.9956
16010 0.9956
16011 0.9956
16012 0.9956
16013 0.9956
16014 0.9956
16015 0.9956
16016 0.9956
16017 0.9956
16018 0.9956
16019 0.9956
16020 0.9956
16021 0.9956
16022 0.9956
16023 0.9956
16024 0.9956
16025 0.9956
16026 0.9956
16027 0.9956
16028 0.9956
16029 0.9956
16030 0.9956
16031 0.9956
16032 0.9956
16033 0.9956
16034 0.9956
16035 0.9956
16036 0.9956
16037 0.9956
16038 0.9956
16039 0.9956
16040 0.9956
16041 0.9956
16042 0.9956
16043 0.9956
16044 0.9956
16045 0.9956
16046 0.9956
16047 0.9956
16048 0.9956
16049 0.9956
16050 0.9956
16051 0.9956
16052 0.9956
16053 0.9956
16054 0.9956
16055 0.9956
16056 0.9956
16057 0.9956
16058 0.9956
16059 0.9956
16060 0.9956
16061 0.9956
16062 0.9956
16063 0.9956
16064 0.9956
16065 0.9956
16066 0.9956
16067 0.9956
16068 0.9956
16069 0.9956
16070 0.9956
16071 0.9956
16072 0.9956
16073 0.9967
16074 0.9967
16075 0.9967
16076 0.9967
16077 0.9967
16078 0.9967
16079 0.9967
16080 0.9967
16081 0.9967
16082 0.9967
16083 0.9967
16084 0.9967
16085 0.9967
16086 0.9967
16087 0.9967
16088 0.9967
16089 0.9967
16090 0.9967
16091 0.9967
16092 0.9967
16093 0.9967
16094 0.9967
16095 0.9967
16096 0.9967
16097 0.9967
16098 0.9967
16099 0.9967
16100 0.9967
16101 0.9967
16102 0.9967
16103 0.9967
16104 0.9967
16105 0.9967
16106 0.9967
16107 0.9967
16108 0.9967
16109 0.9967
16110 0.9967
16111 0.9967
16112 0.9967
16113 0.9967
16114 0.9967
16115 0.9967
16116 0.9967
16117 0.9967
16118 0.9967
16119 0.9967
16120 0.9967
16121 0.9967
16122 0.9967
16123 0.9967
16124 0.9967
16125 0.9967
16126 0.9967
16127 0.9967
16128 0.9967
16129 0.9967
16130 0.9967
16131 0.9967
16132 0.9967
16133 0.9967
16134 0.9967
16135 0.9967
16136 0.9967
16137 0.9967
16138 0.9967
16139 0.9967
16140 0.9967
16141 0.9967
16142 0.9967
16143 0.9967
16144 0.9967
16145 0.9967
16146 0.9967
16147 0.9967
16148 0.9967
16149 0.9967
16150 0.9967
16151 0.9967
16152 0.9967
16153 0.9967
16154 0.9967
16155 0.9967
16156 0.9967
16157 0.9967
16158 0.9967
16159 0.9967
16160 0.9967
16161 0.9967
16162 0.9967
16163 0.9967
16164 0.9967
16165 0.9967
16166 0.9967
16167 0.9967
16168 0.9967
16169 0.9967
16170 0.9967
16171 0.9967
16172 0.9967
16173 0.9967
16174 0.9967
16175 0.9967
16176 0.9967
16177 0.9967
16178 0.9967
16179 0.9967
16180 0.9978
16181 0.9978
16182 0.9978
16183 0.9978
16184 0.9978
16185 0.9978
16186 0.9978
16187 0.9978
16188 0.9978
16189 0.9978
16190 0.9978
16191 0.9978
16192 0.9978
16193 0.9978
16194 0.9978
16195 0.9978
16196 0.9978
16197 0.9978
16198 0.9978
16199 0.9978
16200 0.9978
16201 0.9978
16202 0.9978
16203 0.9978
16204 0.9978
16205 0.9978
16206 0.9978
16207 0.9978
16208 0.9978
16209 0.9978
16210 0.9978
16211 0.9978
16212 0.9978
16213 0.9978
16214 0.9978
16215 0.9978
16216 0.9978
16217 0.9978
16218 0.9978
16219 0.9978
16220 0.9978
16221 0.9978
16222 0.9978
16223 0.9978
16224 0.9978
16225 0.9978
16226 0.9978
16227 0.9978
16228 0.9978
16229 0.9978
16230 0.9978
16231 0.9978
16232 0.9978
16233 0.9978
16234 0.9978
16235 0.9978
16236 0.9978
16237 0.9978
16238 0.9978
16239 0.9978
16240 0.9978
16241 0.9978
16242 0.9978
16243 0.9978
16244 0.9978
16245 0.9978
16246 0.9978
16247 0.9978
16248 0.9978
16249 0.9978
16250 0.9978
16251 0.9978
16252 0.9978
16253 0.9978
16254 0.9978
16255 0.9978
16256 0.9978
16257 0.9978
16258 0.9978
16259 0.9978
16260 0.9978
16261 0.9978
16262 0.9978
16263 0.9978
16264 0.9978
16265 0.9978
16266 0.9978
16267 0.9978
16268 0.9978
16269 0.9978
16270 0.9978
16271 0.9978
16272 0.9978
16273 0.9978
16274 0.9978
16275 0.9978
16276 0.9978
16277 0.9978
16278 0.9978
16279 0.9978
16280 0.9978
16281 0.9978
16282 0.9978
16283 0.9978
16284 0.9978
16285 0.9978
16286 0.9978
16287 0.9978
16288 0.9978
16289 0.9978
16290 0.9978
16291 0.9978
16292 0.9978
16293 0.9978
16294 0.9978
16295 0.9978
16296 0.9978
16297 0.9978
16298 0.9978
16299 0.9978
16300 0.9978
16301 0.9978
16302 0.9978
16303 0.9978
16304 0.9978
16305 0.9978
16306 0.9978
16307 0.9978
16308 0.9978
16309 0.9978
16310 0.9978
16311 0.9978
16312 0.9978
16313 0.9978
16314 0.9978
16315 0.9978
16316 0.9978
16317 0.9978
16318 0.9978
16319 0.9978
16320 0.9978
16321 0.9978
16322 0.9978
16323 0.9978
16324 0.9978
16325 0.9978
16326 0.9978
16327 0.9978
16328 0.9978
16329 0.9978
16330 0.9978
16331 0.9978
16332 0.9978
16333 0.9978
16334 0.9978
16335 0.9978
16336 0.9978
16337 0.9978
16338 0.9978
16339 0.9978
16340 0.9978
16341 0.9978
16342 0.9978
16343 0.9978
16344 0.9978
16345 0.9978
16346 0.9978
16347 0.9978
16348 0.9978
16349 0.9978
16350 0.9978
16351 0.9978
16352 0.9978
16353 0.9978
16354 0.9978
16355 0.9978
16356 0.9978
16357 0.9978
16358 0.9978
16359 0.9978
16360 0.9978
16361 0.9978
16362 0.9978
16363 0.9978
16364 0.9978
16365 0.9978
16366 0.9978
16367 0.9978
16368 0.9978
16369 0.9978
16370 0.9978
16371 0.9978
16372 0.9978
16373 0.9978
16374 0.9978
16375 0.9978
16376 0.9978
16377 0.9978
16378 0.9978
16379 0.9978
16380 0.9978
16381 0.9978
16382 0.9978
16383 0.9978
16384 0.9978
16385 0.9978
16386 0.9978
16387 0.9978
16388 0.9978
16389 0.9978
16390 0.9978
16391 0.9978
16392 0.9978
16393 0.9978
16394 0.9978
16395 0.9978
16396 0.9978
16397 0.9978
16398 0.9978
16399 0.9978
16400 0.9978
16401 0.9978
16402 0.9978
16403 0.9978
16404 0.9978
16405 0.9978
16406 0.9978
16407 0.9978
16408 0.9978
16409 0.9978
16410 0.9978
16411 0.9978
16412 0.9978
16413 0.9978
16414 0.9978
16415 0.9978
16416 0.9978
16417 0.9978
16418 0.9978
16419 0.9978
16420 0.9978
16421 0.9978
16422 0.9978
16423 0.9978
16424 0.9978
16425 0.9978
16426 0.9978
16427 0.9978
16428 0.9978
16429 0.9978
16430 0.9978
16431 0.9978
16432 0.9978
16433 0.9978
16434 0.9978
16435 0.9978
16436 0.9978
16437 0.9978
16438 0.9978
16439 0.9978
16440 0.9978
16441 0.9978
16442 0.9978
16443 0.9978
16444 0.9978
16445 0.9978
16446 0.9978
16447 0.9978
16448 0.9978
16449 0.9978
16450 0.9978
16451 0.9978
16452 0.9978
16453 0.9978
16454 0.9978
16455 0.9978
16456 0.9978
16457 0.9978
16458 0.9978
16459 0.9978
16460 0.9978
16461 0.9978
16462 0.9978
16463 0.9978
16464 0.9978
16465 0.9978
16466 0.9978
16467 0.9978
16468 0.9978
16469 0.9978
16470 0.9978
16471 0.9978
16472 0.9978
16473 0.9978
16474 0.9978
16475 0.9978
16476 0.9978
16477 0.9978
16478 0.9978
16479 0.9978
16480 0.9978
16481 0.9978
16482 0.9978
16483 0.9978
16484 0.9978
16485 0.9978
16486 0.9978
16487 0.9978
16488 0.9978
16489 0.9978
16490 0.9978
16491 0.9978
16492 0.9978
16493 0.9978
16494 0.9978
16495 0.9978
16496 0.9978
16497 0.9978
16498 0.9978
16499 0.9978
16500 0.9978
16501 0.9978
16502 0.9978
16503 0.9978
16504 0.9978
16505 0.9978
16506 0.9978
16507 0.9978
16508 0.9978
16509 0.9978
16510 0.9978
16511 0.9978
16512 0.9978
16513 0.9978
16514 0.9978
16515 0.9978
16516 0.9978
16517 0.9978
16518 0.9978
16519 0.9978
16520 0.9989
16521 0.9989
16522 0.9989
16523 0.9989
16524 0.9989
16525 0.9989
16526 0.9989
16527 0.9989
16528 0.9989
16529 0.9989
16530 0.9989
16531 0.9989
16532 0.9989
16533 0.9989
16534 0.9989
16535 0.9989
16536 0.9989
16537 0.9989
16538 0.9989
16539 0.9989
16540 0.9989
16541 0.9989
16542 0.9989
16543 0.9989
16544 0.9989
16545 0.9989
16546 0.9989
16547 0.9989
16548 0.9989
16549 0.9989
16550 0.9989
16551 0.9989
16552 0.9989
16553 0.9989
16554 0.9989
16555 0.9989
16556 0.9989
16557 0.9989
16558 0.9989
16559 0.9989
16560 0.9989
16561 0.9989
16562 0.9989
16563 0.9989
16564 0.9989
16565 0.9989
16566 0.9989
16567 0.9989
16568 0.9989
16569 0.9989
16570 0.9989
16571 0.9989
16572 0.9989
16573 0.9989
16574 0.9989
16575 0.9989
16576 0.9989
16577 0.9989
16578 0.9989
16579 0.9989
16580 0.9989
16581 0.9989
16582 0.9989
16583 0.9989
16584 0.9989
16585 0.9989
16586 0.9989
16587 0.9989
16588 0.9989
16589 0.9989
16590 0.9989
16591 0.9989
16592 0.9989
16593 0.9989
16594 0.9989
16595 0.9989
16596 0.9989
16597 0.9989
16598 0.9989
16599 0.9989
16600 0.9989
16601 0.9989
16602 0.9989
16603 0.9989
16604 0.9989
16605 0.9989
16606 0.9989
16607 0.9989
16608 0.9989
16609 0.9989
16610 0.9989
16611 0.9989
16612 0.9989
16613 0.9989
16614 0.9989
16615 0.9989
16616 0.9989
16617 0.9989
16618 0.9989
16619 0.9989
16620 0.9989
16621 0.9989
16622 0.9989
16623 0.9989
16624 0.9989
16625 0.9989
16626 0.9989
16627 0.9989
16628 0.9989
16629 0.9989
16630 0.9989
16631 0.9989
16632 0.9989
16633 0.9989
16634 0.9989
16635 0.9989
16636 0.9989
16637 0.9989
16638 0.9989
16639 0.9989
16640 0.9989
16641 0.9989
16642 0.9989
16643 0.9989
16644 0.9989
16645 0.9989
16646 0.9989
16647 0.9989
16648 0.9989
16649 0.9989
16650 0.9989
16651 0.9989
16652 0.9989
16653 0.9989
16654 0.9989
16655 0.9989
16656 0.9989
16657 0.9989
16658 0.9989
16659 0.9989
16660 0.9989
16661 0.9989
16662 0.9989
16663 0.9989
16664 0.9989
16665 0.9989
16666 0.9989
16667 0.9989
16668 0.9989
16669 0.9989
16670 0.9989
16671 0.9989
16672 0.9989
16673 0.9989
16674 0.9989
16675 0.9989
16676 0.9989
16677 0.9989
16678 0.9989
16679 0.9989
16680 0.9989
16681 0.9989
16682 0.9989
16683 0.9989
16684 0.9989
16685 0.9989
16686 0.9989
16687 0.9989
16688 0.9989
16689 0.9989
16690 0.9989
16691 0.9989
16692 0.9989
16693 0.9989
16694 0.9989
16695 0.9989
16696 0.9989
16697 0.9989
16698 0.9989
16699 0.9989
16700 0.9989
16701 0.9989
16702 0.9989
16703 0.9989
16704 0.9989
16705 0.9989
16706 0.9989
16707 0.9989
16708 0.9989
16709 0.9989
16710 0.9989
16711 0.9989
16712 0.9989
16713 0.9989
16714 0.9989
16715 0.9989
16716 0.9989
16717 0.9989
16718 0.9989
16719 0.9989
16720 0.9989
16721 0.9989
16722 0.9989
16723 0.9989
16724 0.9989
16725 0.9989
16726 0.9989
16727 0.9989
16728 0.9989
16729 0.9989
16730 0.9989
16731 0.9989
16732 0.9989
16733 0.9989
16734 0.9989
16735 0.9989
16736 0.9989
16737 0.9989
16738 0.9989
16739 0.9989
16740 0.9989
16741 0.9989
16742 0.9989
16743 0.9989
16744 0.9989
16745 0.9989
16746 0.9989
16747 0.9989
16748 0.9989
16749 0.9989
16750 0.9989
16751 0.9989
16752 0.9989
16753 0.9989
16754 0.9989
16755 0.9989
16756 0.9989
16757 0.9989
16758 0.9989
16759 0.9989
16760 0.9989
16761 0.9989
16762 0.9989
16763 0.9989
16764 0.9989
16765 0.9989
16766 0.9989
16767 0.9989
16768 0.9989
16769 0.9989
16770 0.9989
16771 0.9989
16772 0.9989
16773 0.9989
16774 0.9989
16775 0.9989
16776 0.9989
16777 0.9989
16778 0.9989
16779 0.9989
16780 0.9989
16781 0.9989
16782 0.9989
16783 0.9989
16784 0.9989
16785 0.9989
16786 0.9989
16787 0.9989
16788 0.9989
16789 0.9989
16790 0.9989
16791 0.9989
16792 0.9989
16793 0.9989
16794 0.9989
16795 0.9989
16796 0.9989
16797 0.9989
16798 0.9989
16799 0.9989
16800 0.9989
16801 0.9989
16802 0.9989
16803 0.9989
16804 0.9989
16805 0.9989
16806 0.9989
16807 0.9989
16808 0.9989
16809 0.9989
16810 0.9989
16811 0.9989
16812 0.9989
16813 0.9989
16814 0.9989
16815 0.9989
16816 0.9989
16817 0.9989
16818 0.9989
16819 0.9989
16820 0.9989
16821 0.9989
16822 0.9989
16823 0.9989
16824 0.9989
16825 0.9989
16826 0.9989
16827 0.9989
16828 0.9989
16829 0.9989
16830 0.9989
16831 0.9989
16832 0.9989
16833 0.9989
16834 0.9989
16835 0.9989
16836 0.9989
16837 0.9989
16838 0.9989
16839 0.9989
16840 0.9989
16841 0.9989
16842 0.9989
16843 0.9989
16844 0.9989
16845 0.9989
16846 0.9989
16847 0.9989
16848 0.9989
16849 0.9989
16850 0.9989
16851 0.9989
16852 0.9989
16853 0.9989
16854 0.9989
16855 0.9989
16856 0.9989
16857 0.9989
16858 0.9989
16859 0.9989
16860 0.9989
16861 0.9989
16862 0.9989
16863 0.9989
16864 0.9989
16865 0.9989
16866 0.9989
16867 0.9989
16868 0.9989
16869 0.9989
16870 0.9989
16871 0.9989
16872 0.9989
16873 0.9989
16874 0.9989
16875 0.9989
16876 0.9989
16877 0.9989
16878 0.9989
16879 0.9989
16880 0.9989
16881 0.9989
16882 0.9989
16883 0.9989
16884 0.9989
16885 0.9989
16886 0.9989
16887 0.9989
16888 0.9989
16889 0.9989
16890 0.9989
16891 0.9989
16892 0.9989
16893 0.9989
16894 0.9989
16895 0.9989
16896 0.9989
16897 0.9989
16898 0.9989
16899 0.9989
16900 0.9989
16901 0.9989
16902 0.9989
16903 0.9989
16904 0.9989
16905 0.9989
16906 0.9989
16907 0.9989
16908 0.9989
16909 0.9989
16910 0.9989
16911 0.9989
16912 0.9989
16913 0.9989
16914 0.9989
16915 0.9989
16916 0.9989
16917 0.9989
16918 0.9989
16919 0.9989
16920 0.9989
16921 0.9989
16922 0.9989
16923 0.9989
16924 0.9989
16925 0.9989
16926 0.9989
16927 0.9989
16928 0.9989
16929 0.9989
16930 0.9989
16931 0.9989
16932 0.9989
16933 0.9989
16934 0.9989
16935 0.9989
16936 0.9989
16937 0.9989
16938 0.9989
16939 0.9989
16940 0.9989
16941 0.9989
16942 0.9989
16943 0.9989
16944 0.9989
16945 0.9989
16946 0.9989
16947 0.9989
16948 0.9989
16949 0.9989
16950 0.9989
16951 0.9989
16952 0.9989
16953 0.9989
16954 0.9989
16955 0.9989
16956 0.9989
16957 0.9989
16958 0.9989
16959 0.9989
16960 0.9989
16961 0.9989
16962 0.9989
16963 0.9989
16964 0.9989
16965 0.9989
16966 0.9989
16967 0.9989
16968 0.9989
16969 0.9989
16970 0.9989
16971 0.9989
16972 0.9989
16973 0.9989
16974 0.9989
16975 0.9989
16976 0.9989
16977 0.9989
16978 0.9989
16979 0.9989
16980 0.9989
16981 0.9989
16982 0.9989
16983 0.9989
16984 0.9989
16985 0.9989
16986 0.9989
16987 0.9989
16988 0.9989
16989 0.9989
16990 0.9989
16991 0.9989
16992 0.9989
16993 0.9989
16994 0.9989
16995 0.9989
16996 0.9989
16997 0.9989
16998 0.9989
16999 0.9989
17000 0.9989
17001 0.9989
17002 0.9989
17003 0.9989
17004 0.9989
17005 0.9989
17006 0.9989
17007 0.9989
17008 0.9989
17009 0.9989
17010 0.9989
17011 0.9989
17012 0.9989
17013 0.9989
17014 0.9989
17015 0.9989
17016 0.9989
17017 0.9989
17018 0.9989
17019 0.9989
17020 0.9989
17021 0.9989
17022 0.9989
17023 0.9989
17024 0.9989
17025 0.9989
17026 0.9989
17027 0.9989
17028 0.9989
17029 0.9989
17030 0.9989
17031 0.9989
17032 0.9989
17033 0.9989
17034 0.9989
17035 0.9989
17036 0.9989
17037 0.9989
17038 0.9989
17039 0.9989
17040 0.9989
17041 0.9989
17042 0.9989
17043 0.9989
17044 0.9989
17045 0.9989
17046 0.9989
17047 0.9989
17048 0.9989
17049 0.9989
17050 0.9989
17051 0.9989
17052 0.9989
17053 0.9989
17054 0.9989
17055 0.9989
17056 0.9989
17057 0.9989
17058 0.9989
17059 0.9989
17060 0.9989
17061 0.9989
17062 0.9989
17063 0.9989
17064 0.9989
17065 0.9989
17066 0.9989
17067 0.9989
17068 0.9989
17069 0.9989
17070 0.9989
17071 0.9989
17072 0.9989
17073 0.9989
17074 0.9989
17075 0.9989
17076 0.9989
17077 0.9989
17078 0.9989
17079 0.9989
17080 0.9989
17081 0.9989
17082 0.9989
17083 0.9989
17084 0.9989
17085 0.9989
17086 0.9989
17087 0.9989
17088 0.9989
17089 0.9989
17090 0.9989
17091 0.9989
17092 0.9989
17093 0.9989
17094 0.9989
17095 0.9989
17096 0.9989
17097 0.9989
17098 0.9989
17099 0.9989
17100 0.9989
17101 0.9989
17102 0.9989
17103 0.9989
17104 0.9989
17105 0.9989
17106 0.9989
17107 0.9989
17108 0.9989
17109 0.9989
17110 0.9989
17111 0.9989
17112 0.9989
17113 0.9989
17114 0.9989
17115 0.9989
17116 0.9989
17117 0.9989
17118 0.9989
17119 0.9989
17120 0.9989
17121 0.9989
17122 0.9989
17123 0.9989
17124 0.9989
17125 0.9989
17126 0.9989
17127 0.9989
17128 0.9989
17129 0.9989
17130 0.9989
17131 0.9989
17132 0.9989
17133 0.9989
17134 0.9989
17135 0.9989
17136 0.9989
17137 0.9989
17138 0.9989
17139 0.9989
17140 0.9989
17141 0.9989
17142 0.9989
17143 0.9989
17144 0.9989
17145 0.9989
17146 0.9989
17147 0.9989
17148 0.9989
17149 0.9989
17150 0.9989
17151 0.9989
17152 0.9989
17153 0.9989
17154 0.9989
17155 0.9989
17156 0.9989
17157 0.9989
17158 0.9989
17159 0.9989
17160 0.9989
17161 0.9989
17162 0.9989
17163 0.9989
17164 0.9989
17165 0.9989
17166 0.9989
17167 0.9989
17168 0.9989
17169 0.9989
17170 0.9989
17171 0.9989
17172 0.9989
17173 0.9989
17174 0.9989
17175 0.9989
17176 0.9989
17177 0.9989
17178 0.9989
17179 0.9989
17180 0.9989
17181 0.9989
17182 0.9989
17183 0.9989
17184 0.9989
17185 0.9989
17186 0.9989
17187 0.9989
17188 0.9989
17189 0.9989
17190 0.9989
17191 0.9989
17192 0.9989
17193 0.9989
17194 0.9989
17195 0.9989
17196 0.9989
17197 0.9989
17198 0.9989
17199 0.9989
17200 0.9989
17201 0.9989
17202 0.9989
17203 0.9989
17204 0.9989
17205 0.9989
17206 0.9989
17207 0.9989
17208 0.9989
17209 0.9989
17210 0.9989
17211 0.9989
17212 0.9989
17213 0.9989
17214 0.9989
17215 0.9989
17216 0.9989
17217 0.9989
17218 0.9989
17219 0.9989
17220 0.9989
17221 0.9989
17222 0.9989
17223 0.9989
17224 0.9989
17225 0.9989
17226 0.9989
17227 0.9989
17228 0.9989
17229 0.9989
17230 0.9989
17231 0.9989
17232 0.9989
17233 0.9989
17234 0.9989
17235 0.9989
17236 0.9989
17237 0.9989
17238 0.9989
17239 0.9989
17240 0.9989
17241 0.9989
17242 0.9989
17243 0.9989
17244 0.9989
17245 0.9989
17246 0.9989
17247 0.9989
17248 0.9989
17249 0.9989
17250 0.9989
17251 0.9989
17252 0.9989
17253 0.9989
17254 0.9989
17255 0.9989
17256 0.9989
17257 0.9989
17258 0.9989
17259 0.9989
17260 0.9989
17261 0.9989
17262 0.9989
17263 0.9989
17264 0.9989
17265 0.9989
17266 0.9989
17267 0.9989
17268 0.9989
17269 0.9989
17270 0.9989
17271 0.9989
17272 0.9989
17273 0.9989
17274 0.9989
17275 0.9989
17276 0.9989
17277 0.9989
17278 0.9989
17279 0.9989
17280 0.9989
17281 0.9989
17282 0.9989
17283 0.9989
17284 0.9989
17285 0.9989
17286 0.9989
17287 0.9989
17288 0.9989
17289 0.9989
17290 0.9989
17291 0.9989
17292 0.9989
17293 0.9989
17294 0.9989
17295 0.9989
17296 0.9989
17297 0.9989
17298 0.9989
17299 0.9989
17300 0.9989
17301 0.9989
17302 0.9989
17303 0.9989
17304 0.9989
17305 0.9989
17306 0.9989
17307 0.9989
17308 0.9989
17309 0.9989
17310 0.9989
17311 0.9989
17312 0.9989
17313 0.9989
17314 0.9989
17315 0.9989
17316 0.9989
17317 0.9989
17318 0.9989
17319 0.9989
17320 0.9989
17321 0.9989
17322 0.9989
17323 0.9989
17324 0.9989
17325 0.9989
17326 0.9989
17327 0.9989
17328 0.9989
17329 0.9989
17330 0.9989
17331 0.9989
17332 0.9989
17333 0.9989
17334 0.9989
17335 0.9989
17336 0.9989
17337 0.9989
17338 0.9989
17339 0.9989
17340 0.9989
17341 0.9989
17342 0.9989
17343 0.9989
17344 0.9989
17345 0.9989
17346 0.9989
17347 0.9989
17348 0.9989
17349 0.9989
17350 0.9989
17351 0.9989
17352 0.9989
17353 0.9989
17354 0.9989
17355 0.9989
17356 0.9989
17357 0.9989
17358 0.9989
17359 0.9989
17360 0.9989
17361 0.9989
17362 0.9989
17363 0.9989
17364 0.9989
17365 0.9989
17366 0.9989
17367 0.9989
17368 0.9989
17369 0.9989
17370 0.9989
17371 0.9989
17372 0.9989
17373 0.9989
17374 0.9989
17375 0.9989
17376 0.9989
17377 0.9989
17378 0.9989
17379 0.9989
17380 0.9989
17381 0.9989
17382 0.9989
17383 0.9989
17384 0.9989
17385 0.9989
17386 0.9989
17387 0.9989
17388 0.9989
17389 0.9989
17390 0.9989
17391 0.9989
17392 0.9989
17393 0.9989
17394 0.9989
17395 0.9989
17396 0.9989
17397 0.9989
17398 0.9989
17399 0.9989
17400 0.9989
17401 0.9989
17402 0.9989
17403 0.9989
17404 0.9989
17405 0.9989
17406 0.9989
17407 0.9989
17408 0.9989
17409 0.9989
17410 0.9989
17411 0.9989
17412 0.9989
17413 0.9989
17414 0.9989
17415 0.9989
17416 0.9989
17417 0.9989
17418 0.9989
17419 0.9989
17420 0.9989
17421 0.9989
17422 0.9989
17423 0.9989
17424 0.9989
17425 0.9989
17426 0.9989
17427 0.9989
17428 0.9989
17429 0.9989
17430 0.9989
17431 0.9989
17432 0.9989
17433 0.9989
17434 0.9989
17435 0.9989
17436 0.9989
17437 0.9989
17438 0.9989
17439 0.9989
17440 0.9989
17441 0.9989
17442 0.9989
17443 0.9989
17444 0.9989
17445 0.9989
17446 0.9989
17447 0.9989
17448 0.9989
17449 0.9989
17450 0.9989
17451 0.9989
17452 0.9989
17453 0.9989
17454 0.9989
17455 0.9989
17456 0.9989
17457 0.9989
17458 0.9989
17459 0.9989
17460 0.9989
17461 0.9989
17462 0.9989
17463 0.9989
17464 0.9989
17465 0.9989
17466 0.9989
17467 0.9989
17468 0.9989
17469 0.9989
17470 0.9989
17471 0.9989
17472 0.9989
17473 0.9989
17474 0.9989
17475 0.9989
17476 0.9989
17477 0.9989
17478 0.9989
17479 0.9989
17480 0.9989
17481 0.9989
17482 0.9989
17483 0.9989
17484 0.9989
17485 0.9989
17486 0.9989
17487 0.9989
17488 0.9989
17489 0.9989
17490 0.9989
17491 0.9989
17492 0.9989
17493 0.9989
17494 0.9989
17495 0.9989
17496 0.9989
17497 0.9989
17498 0.9989
17499 0.9989
17500 0.9989
17501 0.9989
17502 0.9989
17503 0.9989
17504 0.9989
17505 0.9989
17506 0.9989
17507 0.9989
17508 0.9989
17509 0.9989
17510 0.9989
17511 0.9989
17512 0.9989
17513 0.9989
17514 0.9989
17515 0.9989
17516 0.9989
17517 0.9989
17518 0.9989
17519 0.9989
17520 0.9989
17521 0.9989
17522 0.9989
17523 0.9989
17524 0.9989
17525 0.9989
17526 0.9989
17527 0.9989
17528 0.9989
17529 0.9989
17530 0.9989
17531 0.9989
17532 0.9989
17533 0.9989
17534 0.9989
17535 0.9989
17536 0.9989
17537 0.9989
17538 0.9989
17539 0.9989
17540 0.9989
17541 0.9989
17542 0.9989
17543 0.9989
17544 0.9989
17545 0.9989
17546 0.9989
17547 0.9989
17548 0.9989
17549 0.9989
17550 0.9989
17551 0.9989
17552 0.9989
17553 0.9989
17554 0.9989
17555 0.9989
17556 0.9989
17557 0.9989
17558 0.9989
17559 0.9989
17560 0.9989
17561 0.9989
17562 0.9989
17563 0.9989
17564 0.9989
17565 0.9989
17566 0.9989
17567 0.9989
17568 0.9989
17569 0.9989
17570 0.9989
17571 0.9989
17572 0.9989
17573 0.9989
17574 0.9989
17575 0.9989
17576 0.9989
17577 0.9989
17578 0.9989
17579 0.9989
17580 0.9989
17581 0.9989
17582 0.9989
17583 0.9989
17584 0.9989
17585 0.9989
17586 0.9989
17587 0.9989
17588 0.9989
17589 0.9989
17590 0.9989
17591 0.9989
17592 0.9989
17593 0.9989
17594 0.9989
17595 0.9989
17596 0.9989
17597 0.9989
17598 0.9989
17599 0.9989
17600 0.9989
17601 0.9989
17602 0.9989
17603 0.9989
17604 0.9989
17605 0.9989
17606 0.9989
17607 0.9989
17608 0.9989
17609 0.9989
17610 0.9989
17611 0.9989
17612 0.9989
17613 0.9989
17614 0.9989
17615 0.9989
17616 0.9989
17617 0.9989
17618 0.9989
17619 0.9989
17620 0.9989
17621 0.9989
17622 0.9989
17623 0.9989
17624 0.9989
17625 0.9989
17626 0.9989
17627 0.9989
17628 0.9989
17629 0.9989
17630 0.9989
17631 0.9989
17632 0.9989
17633 0.9989
17634 0.9989
17635 0.9989
17636 0.9989
17637 0.9989
17638 0.9989
17639 0.9989
17640 0.9989
17641 0.9989
17642 0.9989
17643 0.9989
17644 0.9989
17645 0.9989
17646 0.9989
17647 0.9989
17648 0.9989
17649 0.9989
17650 0.9989
17651 0.9989
17652 0.9989
17653 0.9989
17654 0.9989
17655 0.9989
17656 0.9989
17657 0.9989
17658 0.9989
17659 0.9989
17660 0.9989
17661 0.9989
17662 0.9989
17663 0.9989
17664 0.9989
17665 0.9989
17666 0.9989
17667 0.9989
17668 0.9989
17669 0.9989
17670 0.9989
17671 0.9989
17672 0.9989
17673 0.9989
17674 0.9989
17675 0.9989
17676 0.9989
17677 0.9989
17678 0.9989
17679 0.9989
17680 0.9989
17681 0.9989
17682 0.9989
17683 0.9989
17684 0.9989
17685 0.9989
17686 0.9989
17687 0.9989
17688 0.9989
17689 0.9989
17690 0.9989
17691 0.9989
17692 0.9989
17693 0.9989
17694 0.9989
17695 0.9989
17696 0.9989
17697 0.9989
17698 0.9989
17699 0.9989
17700 0.9989
17701 0.9989
17702 0.9989
17703 0.9989
17704 0.9989
17705 0.9989
17706 0.9989
17707 0.9989
17708 0.9989
17709 0.9989
17710 0.9989
17711 0.9989
17712 0.9989
17713 0.9989
17714 0.9989
17715 0.9989
17716 0.9989
17717 0.9989
17718 0.9989
17719 0.9989
17720 0.9989
17721 0.9989
17722 0.9989
17723 0.9989
17724 0.9989
17725 0.9989
17726 0.9989
17727 0.9989
17728 0.9989
17729 0.9989
17730 0.9989
17731 0.9989
17732 0.9989
17733 0.9989
17734 0.9989
17735 0.9989
17736 0.9989
17737 0.9989
17738 0.9989
17739 0.9989
17740 0.9989
17741 0.9989
17742 0.9989
17743 0.9989
17744 0.9989
17745 0.9989
17746 0.9989
17747 0.9989
17748 0.9989
17749 0.9989
17750 0.9989
17751 0.9989
17752 0.9989
17753 0.9989
17754 0.9989
17755 0.9989
17756 0.9989
17757 0.9989
17758 0.9989
17759 0.9989
17760 0.9989
17761 0.9989
17762 0.9989
17763 0.9989
17764 0.9989
17765 0.9989
17766 0.9989
17767 0.9989
17768 0.9989
17769 0.9989
17770 0.9989
17771 0.9989
17772 0.9989
17773 0.9989
17774 0.9989
17775 0.9989
17776 0.9989
17777 0.9989
17778 0.9989
17779 0.9989
17780 0.9989
17781 0.9989
17782 0.9989
17783 0.9989
17784 0.9989
17785 0.9989
17786 0.9989
17787 0.9989
17788 0.9989
17789 0.9989
17790 0.9989
17791 0.9989
17792 0.9989
17793 0.9989
17794 0.9989
17795 0.9989
17796 0.9989
17797 0.9989
17798 0.9989
17799 0.9989
17800 0.9989
17801 0.9989
17802 0.9989
17803 0.9989
17804 0.9989
17805 0.9989
17806 0.9989
17807 0.9989
17808 0.9989
17809 0.9989
17810 0.9989
17811 0.9989
17812 0.9989
17813 0.9989
17814 0.9989
17815 0.9989
17816 0.9989
17817 0.9989
17818 0.9989
17819 0.9989
17820 0.9989
17821 0.9989
17822 0.9989
17823 0.9989
17824 0.9989
17825 0.9989
17826 0.9989
17827 0.9989
17828 0.9989
17829 0.9989
17830 0.9989
17831 0.9989
17832 0.9989
17833 0.9989
17834 0.9989
17835 0.9989
17836 0.9989
17837 0.9989
17838 0.9989
17839 0.9989
17840 0.9989
17841 0.9989
17842 0.9989
17843 0.9989
17844 0.9989
17845 0.9989
17846 0.9989
17847 0.9989
17848 0.9989
17849 0.9989
17850 0.9989
17851 0.9989
17852 0.9989
17853 0.9989
17854 0.9989
17855 0.9989
17856 0.9989
17857 0.9989
17858 0.9989
17859 0.9989
17860 0.9989
17861 0.9989
17862 0.9989
17863 0.9989
17864 0.9989
17865 0.9989
17866 0.9989
17867 0.9989
17868 0.9989
17869 0.9989
17870 0.9989
17871 0.9989
17872 0.9989
17873 0.9989
17874 0.9989
17875 0.9989
17876 0.9989
17877 0.9989
17878 0.9989
17879 0.9989
17880 0.9989
17881 0.9989
17882 0.9989
17883 0.9989
17884 0.9989
17885 0.9989
17886 0.9989
17887 0.9989
17888 0.9989
17889 0.9989
17890 0.9989
17891 0.9989
17892 0.9989
17893 0.9989
17894 0.9989
17895 0.9989
17896 0.9989
17897 0.9989
17898 0.9989
17899 0.9989
17900 0.9989
17901 0.9989
17902 0.9989
17903 0.9989
17904 0.9989
17905 0.9989
17906 0.9989
17907 0.9989
17908 0.9989
17909 0.9989
17910 0.9989
17911 0.9989
17912 0.9989
17913 0.9989
17914 0.9989
17915 0.9989
17916 0.9989
17917 0.9989
17918 0.9989
17919 0.9989
17920 0.9989
17921 0.9989
17922 0.9989
17923 0.9989
17924 0.9989
17925 0.9989
17926 0.9989
17927 0.9989
17928 0.9989
17929 0.9989
17930 0.9989
17931 0.9989
17932 0.9989
17933 0.9989
17934 0.9989
17935 0.9989
17936 0.9989
17937 0.9989
17938 0.9989
17939 0.9989
17940 0.9989
17941 0.9989
17942 0.9989
17943 0.9989
17944 0.9989
17945 0.9989
17946 0.9989
17947 0.9989
17948 0.9989
17949 0.9989
17950 0.9989
17951 0.9989
17952 0.9989
17953 0.9989
17954 0.9989
17955 0.9989
17956 0.9989
17957 0.9989
17958 0.9989
17959 0.9989
17960 0.9989
17961 0.9989
17962 0.9989
17963 0.9989
17964 0.9989
17965 0.9989
17966 0.9989
17967 0.9989
17968 0.9989
17969 0.9989
17970 0.9989
17971 0.9989
17972 0.9989
17973 0.9989
17974 0.9989
17975 0.9989
17976 0.9989
17977 0.9989
17978 0.9989
17979 0.9989
17980 0.9989
17981 0.9989
17982 0.9989
17983 0.9989
17984 0.9989
17985 0.9989
17986 0.9989
17987 0.9989
17988 0.9989
17989 0.9989
17990 0.9989
17991 0.9989
17992 0.9989
17993 0.9989
17994 0.9989
17995 0.9989
17996 0.9989
17997 0.9989
17998 0.9989
17999 0.9989
18000 0.9989
18001 0.9989
18002 0.9989
18003 0.9989
18004 0.9989
18005 0.9989
18006 0.9989
18007 0.9989
18008 0.9989
18009 0.9989
18010 0.9989
18011 0.9989
18012 0.9989
18013 0.9989
18014 0.9989
18015 0.9989
18016 0.9989
18017 0.9989
18018 0.9989
18019 0.9989
18020 0.9989
18021 0.9989
18022 0.9989
18023 0.9989
18024 0.9989
18025 0.9989
18026 0.9989
18027 0.9989
18028 0.9989
18029 0.9989
18030 0.9989
18031 0.9989
18032 0.9989
18033 0.9989
18034 0.9989
18035 0.9989
18036 0.9989
18037 0.9989
18038 0.9989
18039 0.9989
18040 0.9989
18041 0.9989
18042 0.9989
18043 0.9989
18044 0.9989
18045 0.9989
18046 0.9989
18047 0.9989
18048 0.9989
18049 0.9989
18050 0.9989
18051 0.9989
18052 0.9989
18053 0.9989
18054 0.9989
18055 0.9989
18056 0.9989
18057 0.9989
18058 0.9989
18059 0.9989
18060 0.9989
18061 0.9989
18062 0.9989
18063 0.9989
18064 0.9989
18065 0.9989
18066 0.9989
18067 0.9989
18068 0.9989
18069 0.9989
18070 0.9989
18071 0.9989
18072 0.9989
18073 0.9989
18074 0.9989
18075 0.9989
18076 0.9989
18077 0.9989
18078 0.9989
18079 0.9989
18080 0.9989
18081 0.9989
18082 0.9989
18083 0.9989
18084 0.9989
18085 0.9989
18086 0.9989
18087 0.9989
18088 0.9989
18089 0.9989
18090 0.9989
18091 0.9989
18092 0.9989
18093 0.9989
18094 0.9989
18095 0.9989
18096 0.9989
18097 0.9989
18098 0.9989
18099 0.9989
18100 0.9989
18101 0.9989
18102 0.9989
18103 0.9989
18104 0.9989
18105 0.9989
18106 0.9989
18107 0.9989
18108 0.9989
18109 0.9989
18110 0.9989
18111 0.9989
18112 0.9989
18113 0.9989
18114 0.9989
18115 0.9989
18116 0.9989
18117 0.9989
18118 0.9989
18119 0.9989
18120 0.9989
18121 0.9989
18122 0.9989
18123 0.9989
18124 0.9989
18125 0.9989
18126 0.9989
18127 0.9989
18128 0.9989
18129 0.9989
18130 0.9989
18131 0.9989
18132 0.9989
18133 0.9989
18134 0.9989
18135 0.9989
18136 0.9989
18137 0.9989
18138 0.9989
18139 0.9989
18140 0.9989
18141 0.9989
18142 0.9989
18143 0.9989
18144 0.9989
18145 0.9989
18146 0.9989
18147 0.9989
18148 0.9989
18149 0.9989
18150 0.9989
18151 0.9989
18152 0.9989
18153 0.9989
18154 0.9989
18155 0.9989
18156 0.9989
18157 0.9989
18158 0.9989
18159 0.9989
18160 0.9989
18161 0.9989
18162 0.9989
18163 0.9989
18164 0.9989
18165 0.9989
18166 0.9989
18167 0.9989
18168 0.9989
18169 0.9989
18170 0.9989
18171 0.9989
18172 0.9989
18173 0.9989
18174 0.9989
18175 0.9989
18176 0.9989
18177 0.9989
18178 0.9989
18179 0.9989
18180 0.9989
18181 0.9989
18182 0.9989
18183 0.9989
18184 0.9989
18185 0.9989
18186 0.9989
18187 0.9989
18188 0.9989
18189 0.9989
18190 0.9989
18191 0.9989
18192 0.9989
18193 0.9989
18194 0.9989
18195 0.9989
18196 0.9989
18197 0.9989
18198 0.9989
18199 0.9989
18200 0.9989
18201 0.9989
18202 0.9989
18203 0.9989
18204 0.9989
18205 0.9989
18206 0.9989
18207 0.9989
18208 0.9989
18209 0.9989
18210 0.9989
18211 0.9989
18212 0.9989
18213 0.9989
18214 0.9989
18215 0.9989
18216 0.9989
18217 0.9989
18218 0.9989
18219 0.9989
18220 0.9989
18221 0.9989
18222 0.9989
18223 0.9989
18224 0.9989
18225 0.9989
18226 0.9989
18227 0.9989
18228 0.9989
18229 0.9989
18230 0.9989
18231 0.9989
18232 0.9989
18233 0.9989
18234 0.9989
18235 0.9989
18236 0.9989
18237 0.9989
18238 0.9989
18239 0.9989
18240 0.9989
18241 0.9989
18242 0.9989
18243 0.9989
18244 0.9989
18245 0.9989
18246 0.9989
18247 0.9989
18248 0.9989
18249 0.9989
18250 0.9989
18251 0.9989
18252 0.9989
18253 0.9989
18254 0.9989
18255 0.9989
18256 0.9989
18257 0.9989
18258 0.9989
18259 0.9989
18260 0.9989
18261 0.9989
18262 0.9989
18263 0.9989
18264 0.9989
18265 0.9989
18266 0.9989
18267 0.9989
18268 0.9989
18269 0.9989
18270 0.9989
18271 0.9989
18272 0.9989
18273 0.9989
18274 0.9989
18275 0.9989
18276 0.9989
18277 0.9989
18278 0.9989
18279 0.9989
18280 0.9989
18281 0.9989
18282 0.9989
18283 0.9989
18284 0.9989
18285 0.9989
18286 0.9989
18287 0.9989
18288 0.9989
18289 0.9989
18290 0.9989
18291 0.9989
18292 0.9989
18293 0.9989
18294 0.9989
18295 0.9989
18296 0.9989
18297 0.9989
18298 0.9989
18299 0.9989
18300 0.9989
18301 0.9989
18302 0.9989
18303 0.9989
18304 0.9989
18305 0.9989
18306 0.9989
18307 0.9989
18308 0.9989
18309 0.9989
18310 0.9989
18311 0.9989
18312 0.9989
18313 0.9989
18314 0.9989
18315 0.9989
18316 0.9989
18317 0.9989
18318 0.9989
18319 0.9989
18320 0.9989
18321 0.9989
18322 0.9989
18323 0.9989
18324 0.9989
18325 0.9989
18326 0.9989
18327 0.9989
18328 0.9989
18329 0.9989
18330 0.9989
18331 0.9989
18332 0.9989
18333 0.9989
18334 0.9989
18335 0.9989
18336 0.9989
18337 0.9989
18338 0.9989
18339 0.9989
18340 0.9989
18341 0.9989
18342 0.9989
18343 0.9989
18344 0.9989
18345 0.9989
18346 0.9989
18347 0.9989
18348 0.9989
18349 0.9989
18350 0.9989
18351 0.9989
18352 0.9989
18353 0.9989
18354 0.9989
18355 0.9989
18356 0.9989
18357 0.9989
18358 0.9989
18359 0.9989
18360 0.9989
18361 0.9989
18362 0.9989
18363 0.9989
18364 0.9989
18365 0.9989
18366 0.9989
18367 0.9989
18368 0.9989
18369 0.9989
18370 0.9989
18371 0.9989
18372 0.9989
18373 0.9989
18374 0.9989
18375 0.9989
18376 0.9989
18377 0.9989
18378 0.9989
18379 0.9989
18380 0.9989
18381 0.9989
18382 0.9989
18383 0.9989
18384 0.9989
18385 0.9989
18386 0.9989
18387 0.9989
18388 0.9989
18389 0.9989
18390 0.9989
18391 0.9989
18392 0.9989
18393 0.9989
18394 0.9989
18395 0.9989
18396 0.9989
18397 0.9989
18398 0.9989
18399 0.9989
18400 0.9989
18401 0.9989
18402 0.9989
18403 0.9989
18404 0.9989
18405 0.9989
18406 0.9989
18407 0.9989
18408 0.9989
18409 0.9989
18410 0.9989
18411 0.9989
18412 0.9989
18413 0.9989
18414 0.9989
18415 0.9989
18416 0.9989
18417 0.9989
18418 0.9989
18419 0.9989
18420 0.9989
18421 0.9989
18422 0.9989
18423 0.9989
18424 0.9989
18425 0.9989
18426 0.9989
18427 0.9989
18428 0.9989
18429 0.9989
18430 0.9989
18431 0.9989
18432 0.9989
18433 0.9989
18434 0.9989
18435 0.9989
18436 0.9989
18437 0.9989
18438 0.9989
18439 0.9989
18440 0.9989
18441 0.9989
18442 0.9989
18443 0.9989
18444 0.9989
18445 0.9989
18446 0.9989
18447 0.9989
18448 0.9989
18449 0.9989
18450 0.9989
18451 0.9989
18452 0.9989
18453 0.9989
18454 0.9989
18455 0.9989
18456 0.9989
18457 0.9989
18458 0.9989
18459 0.9989
18460 0.9989
18461 0.9989
18462 0.9989
18463 0.9989
18464 0.9989
18465 0.9989
18466 0.9989
18467 0.9989
18468 0.9989
18469 0.9989
18470 0.9989
18471 0.9989
18472 0.9989
18473 0.9989
18474 0.9989
18475 0.9989
18476 0.9989
18477 0.9989
18478 0.9989
18479 0.9989
18480 0.9989
18481 0.9989
18482 0.9989
18483 0.9989
18484 0.9989
18485 0.9989
18486 0.9989
18487 0.9989
18488 0.9989
18489 0.9989
18490 0.9989
18491 0.9989
18492 0.9989
18493 0.9989
18494 0.9989
18495 0.9989
18496 0.9989
18497 0.9989
18498 0.9989
18499 0.9989
18500 0.9989
18501 0.9989
18502 0.9989
18503 0.9989
18504 0.9989
18505 0.9989
18506 0.9989
18507 0.9989
18508 0.9989
18509 0.9989
18510 0.9989
18511 0.9989
18512 0.9989
18513 0.9989
18514 0.9989
18515 0.9989
18516 0.9989
18517 0.9989
18518 0.9989
18519 0.9989
18520 0.9989
18521 0.9989
18522 0.9989
18523 0.9989
18524 0.9989
18525 0.9989
18526 0.9989
18527 0.9989
18528 0.9989
18529 0.9989
18530 0.9989
18531 0.9989
18532 0.9989
18533 0.9989
18534 0.9989
18535 0.9989
18536 0.9989
18537 0.9989
18538 0.9989
18539 0.9989
18540 0.9989
18541 0.9989
18542 0.9989
18543 0.9989
18544 0.9989
18545 0.9989
18546 0.9989
18547 0.9989
18548 0.9989
18549 0.9989
18550 0.9989
18551 0.9989
18552 0.9989
18553 0.9989
18554 0.9989
18555 0.9989
18556 0.9989
18557 0.9989
18558 0.9989
18559 0.9989
18560 0.9989
18561 0.9989
18562 0.9989
18563 0.9989
18564 0.9989
18565 0.9989
18566 0.9989
18567 0.9989
18568 0.9989
18569 0.9989
18570 0.9989
18571 0.9989
18572 0.9989
18573 0.9989
18574 0.9989
18575 0.9989
18576 0.9989
18577 0.9989
18578 0.9989
18579 0.9989
18580 0.9989
18581 0.9989
18582 0.9989
18583 0.9989
18584 0.9989
18585 0.9989
18586 0.9989
18587 0.9989
18588 0.9989
18589 0.9989
18590 0.9989
18591 0.9989
18592 0.9989
18593 0.9989
18594 0.9989
18595 0.9989
18596 0.9989
18597 0.9989
18598 0.9989
18599 0.9989
18600 0.9989
18601 0.9989
18602 0.9989
18603 0.9989
18604 0.9989
18605 0.9989
18606 0.9989
18607 0.9989
18608 0.9989
18609 0.9989
18610 0.9989
18611 0.9989
18612 0.9989
18613 0.9989
18614 0.9989
18615 0.9989
18616 0.9989
18617 0.9989
18618 0.9989
18619 0.9989
18620 0.9989
18621 0.9989
18622 0.9989
18623 0.9989
18624 0.9989
18625 0.9989
18626 0.9989
18627 0.9989
18628 0.9989
18629 0.9989
18630 0.9989
18631 0.9989
18632 0.9989
18633 0.9989
18634 0.9989
18635 0.9989
18636 0.9989
18637 0.9989
18638 0.9989
18639 0.9989
18640 0.9989
18641 0.9989
18642 0.9989
18643 0.9989
18644 0.9989
18645 0.9989
18646 0.9989
18647 0.9989
18648 0.9989
18649 0.9989
18650 0.9989
18651 0.9989
18652 0.9989
18653 0.9989
18654 0.9989
18655 0.9989
18656 0.9989
18657 0.9989
18658 0.9989
18659 0.9989
18660 0.9989
18661 0.9989
18662 0.9989
18663 0.9989
18664 0.9989
18665 0.9989
18666 0.9989
18667 0.9989
18668 0.9989
18669 0.9989
18670 0.9989
18671 0.9989
18672 0.9989
18673 0.9989
18674 0.9989
18675 0.9989
18676 0.9989
18677 0.9989
18678 0.9989
18679 0.9989
18680 0.9989
18681 0.9989
18682 0.9989
18683 0.9989
18684 0.9989
18685 0.9989
18686 0.9989
18687 0.9989
18688 0.9989
18689 0.9989
18690 0.9989
18691 0.9989
18692 0.9989
18693 0.9989
18694 0.9989
18695 0.9989
18696 0.9989
18697 0.9989
18698 0.9989
18699 0.9989
18700 0.9989
18701 0.9989
18702 0.9989
18703 0.9989
18704 0.9989
18705 0.9989
18706 0.9989
18707 0.9989
18708 0.9989
18709 0.9989
18710 0.9989
18711 0.9989
18712 0.9989
18713 0.9989
18714 0.9989
18715 0.9989
18716 0.9989
18717 0.9989
18718 0.9989
18719 0.9989
18720 0.9989
18721 0.9989
18722 0.9989
18723 0.9989
18724 0.9989
18725 0.9989
18726 0.9989
18727 0.9989
18728 0.9989
18729 0.9989
18730 0.9989
18731 0.9989
18732 0.9989
18733 0.9989
18734 0.9989
18735 0.9989
18736 0.9989
18737 0.9989
18738 0.9989
18739 0.9989
18740 0.9989
18741 0.9989
18742 0.9989
18743 0.9989
18744 0.9989
18745 0.9989
18746 0.9989
18747 0.9989
18748 0.9989
18749 0.9989
18750 0.9989
18751 0.9989
18752 0.9989
18753 0.9989
18754 0.9989
18755 0.9989
18756 0.9989
18757 0.9989
18758 0.9989
18759 0.9989
18760 0.9989
18761 0.9989
18762 0.9989
18763 0.9989
18764 0.9989
18765 0.9989
18766 0.9989
18767 0.9989
18768 0.9989
18769 0.9989
18770 0.9989
18771 0.9989
18772 0.9989
18773 0.9989
18774 0.9989
18775 0.9989
18776 0.9989
18777 0.9989
18778 0.9989
18779 0.9989
18780 0.9989
18781 0.9989
18782 0.9989
18783 0.9989
18784 0.9989
18785 0.9989
18786 0.9989
18787 0.9989
18788 0.9989
18789 0.9989
18790 0.9989
18791 0.9989
18792 0.9989
18793 0.9989
18794 0.9989
18795 0.9989
18796 0.9989
18797 0.9989
18798 0.9989
18799 0.9989
18800 0.9989
18801 0.9989
18802 0.9989
18803 0.9989
18804 0.9989
18805 0.9989
18806 0.9989
18807 0.9989
18808 0.9989
18809 0.9989
18810 0.9989
18811 0.9989
18812 0.9989
18813 0.9989
18814 0.9989
18815 0.9989
18816 0.9989
18817 0.9989
18818 0.9989
18819 0.9989
18820 0.9989
18821 0.9989
18822 0.9989
18823 0.9989
18824 0.9989
18825 0.9989
18826 0.9989
18827 0.9989
18828 0.9989
18829 0.9989
18830 0.9989
18831 0.9989
18832 0.9989
18833 0.9989
18834 0.9989
18835 0.9989
18836 0.9989
18837 0.9989
18838 0.9989
18839 0.9989
18840 0.9989
18841 0.9989
18842 0.9989
18843 0.9989
18844 0.9989
18845 0.9989
18846 0.9989
18847 0.9989
18848 0.9989
18849 0.9989
18850 0.9989
18851 0.9989
18852 0.9989
18853 0.9989
18854 0.9989
18855 0.9989
18856 0.9989
18857 0.9989
18858 0.9989
18859 0.9989
18860 0.9989
18861 0.9989
18862 0.9989
18863 0.9989
18864 0.9989
18865 0.9989
18866 0.9989
18867 0.9989
18868 0.9989
18869 0.9989
18870 0.9989
18871 0.9989
18872 0.9989
18873 0.9989
18874 0.9989
18875 0.9989
18876 0.9989
18877 0.9989
18878 0.9989
18879 0.9989
18880 0.9989
18881 0.9989
18882 0.9989
18883 0.9989
18884 0.9989
18885 0.9989
18886 0.9989
18887 0.9989
18888 0.9989
18889 0.9989
18890 0.9989
18891 0.9989
18892 0.9989
18893 0.9989
18894 0.9989
18895 0.9989
18896 0.9989
18897 0.9989
18898 0.9989
18899 0.9989
18900 0.9989
18901 0.9989
18902 0.9989
18903 0.9989
18904 0.9989
18905 0.9989
18906 0.9989
18907 0.9989
18908 0.9989
18909 0.9989
18910 0.9989
18911 0.9989
18912 0.9989
18913 0.9989
18914 0.9989
18915 0.9989
18916 0.9989
18917 0.9989
18918 0.9989
18919 0.9989
18920 0.9989
18921 0.9989
18922 0.9989
18923 0.9989
18924 0.9989
18925 0.9989
18926 0.9989
18927 0.9989
18928 0.9989
18929 0.9989
18930 0.9989
18931 0.9989
18932 0.9989
18933 0.9989
18934 0.9989
18935 0.9989
18936 0.9989
18937 0.9989
18938 0.9989
18939 0.9989
18940 0.9989
18941 0.9989
18942 0.9989
18943 0.9989
18944 0.9989
18945 0.9989
18946 0.9989
18947 0.9989
18948 0.9989
18949 0.9989
18950 0.9989
18951 0.9989
18952 0.9989
18953 0.9989
18954 0.9989
18955 0.9989
18956 0.9989
18957 0.9989
18958 0.9989
18959 0.9989
18960 0.9989
18961 0.9989
18962 0.9989
18963 0.9989
18964 0.9989
18965 0.9989
18966 0.9989
18967 0.9989
18968 0.9989
18969 0.9989
18970 0.9989
18971 0.9989
18972 0.9989
18973 0.9989
18974 0.9989
18975 0.9989
18976 0.9989
18977 0.9989
18978 0.9989
18979 0.9989
18980 0.9989
18981 0.9989
18982 0.9989
18983 0.9989
18984 0.9989
18985 0.9989
18986 0.9989
18987 0.9989
18988 0.9989
18989 0.9989
18990 0.9989
18991 0.9989
18992 0.9989
18993 0.9989
18994 0.9989
18995 0.9989
18996 0.9989
18997 0.9989
18998 0.9989
18999 0.9989
19000 0.9989
19001 0.9989
19002 0.9989
19003 0.9989
19004 0.9989
19005 0.9989
19006 0.9989
19007 0.9989
19008 0.9989
19009 0.9989
19010 0.9989
19011 0.9989
19012 0.9989
19013 0.9989
19014 0.9989
19015 0.9989
19016 0.9989
19017 0.9989
19018 0.9989
19019 0.9989
19020 0.9989
19021 0.9989
19022 0.9989
19023 0.9989
19024 0.9989
19025 0.9989
19026 0.9989
19027 0.9989
19028 0.9989
19029 0.9989
19030 0.9989
19031 0.9989
19032 0.9989
19033 0.9989
19034 0.9989
19035 0.9989
19036 0.9989
19037 0.9989
19038 0.9989
19039 0.9989
19040 0.9989
19041 0.9989
19042 0.9989
19043 0.9989
19044 0.9989
19045 0.9989
19046 0.9989
19047 0.9989
19048 0.9989
19049 0.9989
19050 0.9989
19051 0.9989
19052 0.9989
19053 0.9989
19054 0.9989
19055 0.9989
19056 0.9989
19057 0.9989
19058 0.9989
19059 0.9989
19060 0.9989
19061 0.9989
19062 0.9989
19063 0.9989
19064 0.9989
19065 0.9989
19066 0.9989
19067 0.9989
19068 0.9989
19069 0.9989
19070 0.9989
19071 0.9989
19072 0.9989
19073 0.9989
19074 0.9989
19075 0.9989
19076 0.9989
19077 0.9989
19078 0.9989
19079 0.9989
19080 0.9989
19081 0.9989
19082 0.9989
19083 0.9989
19084 0.9989
19085 0.9989
19086 0.9989
19087 0.9989
19088 0.9989
19089 0.9989
19090 0.9989
19091 0.9989
19092 0.9989
19093 0.9989
19094 0.9989
19095 0.9989
19096 0.9989
19097 0.9989
19098 0.9989
19099 0.9989
19100 0.9989
19101 0.9989
19102 0.9989
19103 0.9989
19104 0.9989
19105 0.9989
19106 0.9989
19107 0.9989
19108 0.9989
19109 0.9989
19110 0.9989
19111 0.9989
19112 0.9989
19113 0.9989
19114 0.9989
19115 0.9989
19116 0.9989
19117 0.9989
19118 0.9989
19119 0.9989
19120 0.9989
19121 0.9989
19122 0.9989
19123 0.9989
19124 0.9989
19125 0.9989
19126 0.9989
19127 0.9989
19128 0.9989
19129 0.9989
19130 0.9989
19131 0.9989
19132 0.9989
19133 0.9989
19134 0.9989
19135 0.9989
19136 0.9989
19137 0.9989
19138 0.9989
19139 0.9989
19140 0.9989
19141 0.9989
19142 0.9989
19143 0.9989
19144 0.9989
19145 0.9989
19146 0.9989
19147 0.9989
19148 0.9989
19149 0.9989
19150 0.9989
19151 0.9989
19152 0.9989
19153 0.9989
19154 0.9989
19155 0.9989
19156 0.9989
19157 0.9989
19158 0.9989
19159 0.9989
19160 0.9989
19161 0.9989
19162 0.9989
19163 0.9989
19164 0.9989
19165 0.9989
19166 0.9989
19167 0.9989
19168 0.9989
19169 0.9989
19170 0.9989
19171 0.9989
19172 0.9989
19173 0.9989
19174 0.9989
19175 0.9989
19176 0.9989
19177 0.9989
19178 0.9989
19179 0.9989
19180 0.9989
19181 0.9989
19182 0.9989
19183 0.9989
19184 0.9989
19185 0.9989
19186 0.9989
19187 0.9989
19188 0.9989
19189 0.9989
19190 0.9989
19191 0.9989
19192 0.9989
19193 0.9989
19194 0.9989
19195 0.9989
19196 0.9989
19197 0.9989
19198 0.9989
19199 0.9989
19200 0.9989
19201 0.9989
19202 0.9989
19203 0.9989
19204 0.9989
19205 0.9989
19206 0.9989
19207 0.9989
19208 0.9989
19209 0.9989
19210 0.9989
19211 0.9989
19212 0.9989
19213 0.9989
19214 0.9989
19215 0.9989
19216 0.9989
19217 0.9989
19218 0.9989
19219 0.9989
19220 0.9989
19221 0.9989
19222 0.9989
19223 0.9989
19224 0.9989
19225 0.9989
19226 0.9989
19227 0.9989
19228 0.9989
19229 0.9989
19230 0.9989
19231 0.9989
19232 0.9989
19233 0.9989
19234 0.9989
19235 0.9989
19236 0.9989
19237 0.9989
19238 0.9989
19239 0.9989
19240 0.9989
19241 0.9989
19242 0.9989
19243 0.9989
19244 0.9989
19245 0.9989
19246 0.9989
19247 0.9989
19248 0.9989
19249 0.9989
19250 0.9989
19251 0.9989
19252 0.9989
19253 0.9989
19254 0.9989
19255 0.9989
19256 0.9989
19257 0.9989
19258 0.9989
19259 0.9989
19260 0.9989
19261 0.9989
19262 0.9989
19263 0.9989
19264 0.9989
19265 0.9989
19266 0.9989
19267 0.9989
19268 0.9989
19269 0.9989
19270 0.9989
19271 0.9989
19272 0.9989
19273 0.9989
19274 0.9989
19275 0.9989
19276 0.9989
19277 0.9989
19278 0.9989
19279 0.9989
19280 0.9989
19281 0.9989
19282 0.9989
19283 0.9989
19284 0.9989
19285 0.9989
19286 0.9989
19287 0.9989
19288 0.9989
19289 0.9989
19290 0.9989
19291 0.9989
19292 0.9989
19293 0.9989
19294 0.9989
19295 0.9989
19296 0.9989
19297 0.9989
19298 0.9989
19299 0.9989
19300 0.9989
19301 0.9989
19302 0.9989
19303 0.9989
19304 0.9989
19305 0.9989
19306 0.9989
19307 0.9989
19308 0.9989
19309 0.9989
19310 0.9989
19311 0.9989
19312 0.9989
19313 0.9989
19314 0.9989
19315 0.9989
19316 0.9989
19317 0.9989
19318 0.9989
19319 0.9989
19320 0.9989
19321 0.9989
19322 0.9989
19323 0.9989
19324 0.9989
19325 0.9989
19326 0.9989
19327 0.9989
19328 0.9989
19329 0.9989
19330 0.9989
19331 0.9989
19332 0.9989
19333 0.9989
19334 0.9989
19335 0.9989
19336 0.9989
19337 0.9989
19338 0.9989
19339 0.9989
19340 0.9989
19341 0.9989
19342 0.9989
19343 0.9989
19344 0.9989
19345 0.9989
19346 0.9989
19347 0.9989
19348 0.9989
19349 0.9989
19350 0.9989
19351 0.9989
19352 0.9989
19353 0.9989
19354 0.9989
19355 0.9989
19356 0.9989
19357 0.9989
19358 0.9989
19359 0.9989
19360 0.9989
19361 0.9989
19362 0.9989
19363 0.9989
19364 0.9989
19365 0.9989
19366 0.9989
19367 0.9989
19368 0.9989
19369 0.9989
19370 0.9989
19371 0.9989
19372 0.9989
19373 0.9989
19374 0.9989
19375 0.9989
19376 0.9989
19377 0.9989
19378 0.9989
19379 0.9989
19380 0.9989
19381 0.9989
19382 0.9989
19383 0.9989
19384 0.9989
19385 0.9989
19386 0.9989
19387 0.9989
19388 0.9989
19389 0.9989
19390 0.9989
19391 0.9989
19392 0.9989
19393 0.9989
19394 0.9989
19395 0.9989
19396 0.9989
19397 0.9989
19398 0.9989
19399 0.9989
19400 0.9989
19401 0.9989
19402 0.9989
19403 0.9989
19404 0.9989
19405 0.9989
19406 0.9989
19407 0.9989
19408 0.9989
19409 0.9989
19410 0.9989
19411 0.9989
19412 0.9989
19413 0.9989
19414 0.9989
19415 0.9989
19416 0.9989
19417 0.9989
19418 0.9989
19419 0.9989
19420 0.9989
19421 0.9989
19422 0.9989
19423 0.9989
19424 0.9989
19425 0.9989
19426 0.9989
19427 0.9989
19428 0.9989
19429 0.9989
19430 0.9989
19431 0.9989
19432 0.9989
19433 0.9989
19434 0.9989
19435 0.9989
19436 0.9989
19437 0.9989
19438 0.9989
19439 0.9989
19440 0.9989
19441 0.9989
19442 0.9989
19443 0.9989
19444 0.9989
19445 0.9989
19446 0.9989
19447 0.9989
19448 0.9989
19449 0.9989
19450 0.9989
19451 0.9989
19452 0.9989
19453 0.9989
19454 0.9989
19455 0.9989
19456 0.9989
19457 0.9989
19458 0.9989
19459 0.9989
19460 0.9989
19461 0.9989
19462 0.9989
19463 0.9989
19464 0.9989
19465 0.9989
19466 0.9989
19467 0.9989
19468 0.9989
19469 0.9989
19470 0.9989
19471 0.9989
19472 0.9989
19473 0.9989
19474 0.9989
19475 0.9989
19476 0.9989
19477 0.9989
19478 0.9989
19479 0.9989
19480 0.9989
19481 0.9989
19482 0.9989
19483 0.9989
19484 0.9989
19485 0.9989
19486 0.9989
19487 0.9989
19488 0.9989
19489 0.9989
19490 0.9989
19491 0.9989
19492 0.9989
19493 0.9989
19494 0.9989
19495 0.9989
19496 0.9989
19497 0.9989
19498 0.9989
19499 0.9989
19500 0.9989
19501 0.9989
19502 0.9989
19503 0.9989
19504 0.9989
19505 0.9989
19506 0.9989
19507 0.9989
19508 0.9989
19509 0.9989
19510 0.9989
19511 0.9989
19512 0.9989
19513 0.9989
19514 0.9989
19515 0.9989
19516 0.9989
19517 0.9989
19518 0.9989
19519 0.9989
19520 0.9989
19521 0.9989
19522 0.9989
19523 0.9989
19524 0.9989
19525 0.9989
19526 0.9989
19527 0.9989
19528 0.9989
19529 0.9989
19530 0.9989
19531 0.9989
19532 0.9989
19533 0.9989
19534 0.9989
19535 0.9989
19536 0.9989
19537 0.9989
19538 0.9989
19539 0.9989
19540 0.9989
19541 0.9989
19542 0.9989
19543 0.9989
19544 0.9989
19545 0.9989
19546 0.9989
19547 0.9989
19548 0.9989
19549 0.9989
19550 0.9989
19551 0.9989
19552 0.9989
19553 0.9989
19554 0.9989
19555 0.9989
19556 0.9989
19557 0.9989
19558 0.9989
19559 0.9989
19560 0.9989
19561 0.9989
19562 0.9989
19563 0.9989
19564 0.9989
19565 0.9989
19566 0.9989
19567 0.9989
19568 0.9989
19569 0.9989
19570 0.9989
19571 0.9989
19572 0.9989
19573 0.9989
19574 0.9989
19575 0.9989
19576 0.9989
19577 0.9989
19578 0.9989
19579 0.9989
19580 0.9989
19581 0.9989
19582 0.9989
19583 0.9989
19584 0.9989
19585 0.9989
19586 0.9989
19587 0.9989
19588 0.9989
19589 0.9989
19590 0.9989
19591 0.9989
19592 0.9989
19593 0.9989
19594 0.9989
19595 0.9989
19596 0.9989
19597 0.9989
19598 0.9989
19599 0.9989
19600 0.9989
19601 0.9989
19602 0.9989
19603 0.9989
19604 0.9989
19605 0.9989
19606 0.9989
19607 0.9989
19608 0.9989
19609 0.9989
19610 0.9989
19611 0.9989
19612 0.9989
19613 0.9989
19614 0.9989
19615 0.9989
19616 0.9989
19617 0.9989
19618 0.9989
19619 0.9989
19620 0.9989
19621 0.9989
19622 0.9989
19623 0.9989
19624 0.9989
19625 0.9989
19626 0.9989
19627 0.9989
19628 0.9989
19629 0.9989
19630 0.9989
19631 0.9989
19632 0.9989
19633 0.9989
19634 0.9989
19635 0.9989
19636 0.9989
19637 0.9989
19638 0.9989
19639 0.9989
19640 0.9989
19641 0.9989
19642 0.9989
19643 0.9989
19644 0.9989
19645 0.9989
19646 0.9989
19647 0.9989
19648 0.9989
19649 0.9989
19650 0.9989
19651 0.9989
19652 0.9989
19653 0.9989
19654 0.9989
19655 0.9989
19656 0.9989
19657 0.9989
19658 0.9989
19659 0.9989
19660 0.9989
19661 0.9989
19662 0.9989
19663 0.9989
19664 0.9989
19665 0.9989
19666 0.9989
19667 0.9989
19668 0.9989
19669 0.9989
19670 0.9989
19671 0.9989
19672 0.9989
19673 0.9989
19674 0.9989
19675 0.9989
19676 0.9989
19677 0.9989
19678 0.9989
19679 0.9989
19680 0.9989
19681 0.9989
19682 0.9989
19683 0.9989
19684 0.9989
19685 0.9989
19686 0.9989
19687 0.9989
19688 0.9989
19689 0.9989
19690 0.9989
19691 0.9989
19692 0.9989
19693 0.9989
19694 0.9989
19695 0.9989
19696 0.9989
19697 0.9989
19698 0.9989
19699 0.9989
19700 0.9989
19701 0.9989
19702 0.9989
19703 0.9989
19704 0.9989
19705 0.9989
19706 0.9989
19707 0.9989
19708 0.9989
19709 0.9989
19710 0.9989
19711 0.9989
19712 0.9989
19713 0.9989
19714 0.9989
19715 0.9989
19716 0.9989
19717 0.9989
19718 0.9989
19719 0.9989
19720 0.9989
19721 0.9989
19722 0.9989
19723 0.9989
19724 0.9989
19725 0.9989
19726 0.9989
19727 0.9989
19728 0.9989
19729 0.9989
19730 0.9989
19731 0.9989
19732 0.9989
19733 0.9989
19734 0.9989
19735 0.9989
19736 0.9989
19737 0.9989
19738 0.9989
19739 0.9989
19740 0.9989
19741 0.9989
19742 0.9989
19743 0.9989
19744 0.9989
19745 0.9989
19746 0.9989
19747 0.9989
19748 0.9989
19749 0.9989
19750 0.9989
19751 0.9989
19752 0.9989
19753 0.9989
19754 0.9989
19755 0.9989
19756 0.9989
19757 0.9989
19758 0.9989
19759 0.9989
19760 0.9989
19761 0.9989
19762 0.9989
19763 0.9989
19764 0.9989
19765 0.9989
19766 0.9989
19767 0.9989
19768 0.9989
19769 0.9989
19770 0.9989
19771 0.9989
19772 0.9989
19773 0.9989
19774 0.9989
19775 0.9989
19776 0.9989
19777 0.9989
19778 0.9989
19779 0.9989
19780 0.9989
19781 0.9989
19782 0.9989
19783 0.9989
19784 0.9989
19785 0.9989
19786 0.9989
19787 0.9989
19788 0.9989
19789 0.9989
19790 0.9989
19791 0.9989
19792 0.9989
19793 0.9989
19794 0.9989
19795 0.9989
19796 0.9989
19797 0.9989
19798 0.9989
19799 0.9989
19800 0.9989
19801 0.9989
19802 0.9989
19803 0.9989
19804 0.9989
19805 0.9989
19806 0.9989
19807 0.9989
19808 0.9989
19809 0.9989
19810 0.9989
19811 0.9989
19812 0.9989
19813 0.9989
19814 0.9989
19815 0.9989
19816 0.9989
19817 0.9989
19818 0.9989
19819 0.9989
19820 0.9989
19821 0.9989
19822 0.9989
19823 0.9989
19824 0.9989
19825 0.9989
19826 0.9989
19827 0.9989
19828 0.9989
19829 0.9989
19830 0.9989
19831 0.9989
19832 0.9989
19833 0.9989
19834 0.9989
19835 0.9989
19836 0.9989
19837 0.9989
19838 0.9989
19839 0.9989
19840 0.9989
19841 0.9989
19842 0.9989
19843 0.9989
19844 0.9989
19845 0.9989
19846 0.9989
19847 0.9989
19848 0.9989
19849 0.9989
19850 0.9989
19851 0.9989
19852 0.9989
19853 0.9989
19854 0.9989
19855 0.9989
19856 0.9989
19857 0.9989
19858 0.9989
19859 0.9989
19860 0.9989
19861 0.9989
19862 0.9989
19863 0.9989
19864 0.9989
19865 0.9989
19866 0.9989
19867 0.9989
19868 0.9989
19869 0.9989
19870 0.9989
19871 0.9989
19872 0.9989
19873 0.9989
19874 0.9989
19875 0.9989
19876 0.9989
19877 0.9989
19878 0.9989
19879 0.9989
19880 0.9989
19881 0.9989
19882 0.9989
19883 0.9989
19884 0.9989
19885 0.9989
19886 0.9989
19887 0.9989
19888 0.9989
19889 0.9989
19890 0.9989
19891 0.9989
19892 0.9989
19893 0.9989
19894 0.9989
19895 0.9989
19896 0.9989
19897 0.9989
19898 0.9989
19899 0.9989
19900 0.9989
19901 0.9989
19902 0.9989
19903 0.9989
19904 0.9989
19905 0.9989
19906 0.9989
19907 0.9989
19908 0.9989
19909 0.9989
19910 0.9989
19911 0.9989
19912 0.9989
19913 0.9989
19914 0.9989
19915 0.9989
19916 0.9989
19917 0.9989
19918 0.9989
19919 0.9989
19920 0.9989
19921 0.9989
19922 1.0000
