0 0.0004
1 0.0008
2 0.0012
3 0.0016
4 0.0020
5 0.0024
6 0.0028
7 0.0032
8 0.0036
9 0.0040
10 0.0044
11 0.0048
12 0.0052
13 0.0056
14 0.0060
15 0.0064
16 0.0068
17 0.0072
18 0.0076
19 0.0080
20 0.0084
21 0.0088
22 0.0092
23 0.0096
24 0.0100
25 0.0104
26 0.0108
27 0.0112
28 0.0116
29 0.0120
30 0.0124
31 0.0128
32 0.0132
33 0.0136
34 0.0140
35 0.0144
36 0.0148
37 0.0152
38 0.0156
39 0.0160
40 0.0164
41 0.0168
42 0.0172
43 0.0176
44 0.0180
45 0.0184
46 0.0188
47 0.0192
48 0.0192
49 0.0196
50 0.0200
51 0.0204
52 0.0208
53 0.0212
54 0.0216
55 0.0220
56 0.0224
57 0.0228
58 0.0232
59 0.0236
60 0.0240
61 0.0244
62 0.0248
63 0.0252
64 0.0256
65 0.0260
66 0.0264
67 0.0268
68 0.0272
69 0.0276
70 0.0280
71 0.0284
72 0.0288
73 0.0292
74 0.0296
75 0.0300
76 0.0304
77 0.0308
78 0.0312
79 0.0316
80 0.0320
81 0.0324
82 0.0328
83 0.0328
84 0.0332
85 0.0336
86 0.0340
87 0.0344
88 0.0348
89 0.0352
90 0.0356
91 0.0360
92 0.0364
93 0.0368
94 0.0372
95 0.0376
96 0.0380
97 0.0384
98 0.0388
99 0.0392
100 0.0396
101 0.0400
102 0.0404
103 0.0408
104 0.0412
105 0.0416
106 0.0420
107 0.0424
108 0.0428
109 0.0432
110 0.0436
111 0.0440
112 0.0444
113 0.0448
114 0.0452
115 0.0456
116 0.0460
117 0.0464
118 0.0468
119 0.0472
120 0.0476
121 0.0480
122 0.0484
123 0.0488
124 0.0492
125 0.0496
126 0.0500
127 0.0504
128 0.0508
129 0.0512
130 0.0516
131 0.0520
132 0.0524
133 0.0528
134 0.0532
135 0.0536
136 0.0540
137 0.0544
138 0.0548
139 0.0552
140 0.0556
141 0.0560
142 0.0564
143 0.0568
144 0.0572
145 0.0576
146 0.0576
147 0.0580
148 0.0580
149 0.0584
150 0.0584
151 0.0588
152 0.0592
153 0.0596
154 0.0600
155 0.0604
156 0.0608
157 0.0612
158 0.0616
159 0.0616
160 0.0620
161 0.0624
162 0.0628
163 0.0628
164 0.0632
165 0.0636
166 0.0640
167 0.0644
168 0.0648
169 0.0652
170 0.0656
171 0.0660
172 0.0664
173 0.0664
174 0.0668
175 0.0672
176 0.0676
177 0.0680
178 0.0684
179 0.0688
180 0.0692
181 0.0696
182 0.0700
183 0.0704
184 0.0708
185 0.0712
186 0.0716
187 0.0720
188 0.0724
189 0.0728
190 0.0732
191 0.0736
192 0.0740
193 0.0744
194 0.0748
195 0.0752
196 0.0756
197 0.0760
198 0.0764
199 0.0768
200 0.0772
201 0.0776
202 0.0780
203 0.0784
204 0.0788
205 0.0792
206 0.0796
207 0.0796
208 0.0800
209 0.0804
210 0.0804
211 0.0808
212 0.0812
213 0.0816
214 0.0820
215 0.0824
216 0.0828
217 0.0832
218 0.0836
219 0.0840
220 0.0844
221 0.0848
222 0.0852
223 0.0856
224 0.0860
225 0.0864
226 0.0868
227 0.0872
228 0.0876
229 0.0880
230 0.0884
231 0.0888
232 0.0888
233 0.0888
234 0.0892
235 0.0896
236 0.0900
237 0.0904
238 0.0908
239 0.0912
240 0.0912
241 0.0916
242 0.0920
243 0.0924
244 0.0928
245 0.0932
246 0.0936
247 0.0936
248 0.0940
249 0.0944
250 0.0948
251 0.0952
252 0.0956
253 0.0960
254 0.0964
255 0.0968
256 0.0968
257 0.0972
258 0.0976
259 0.0976
260 0.0980
261 0.0984
262 0.0988
263 0.0988
264 0.0992
265 0.0996
266 0.1000
267 0.1004
268 0.1008
269 0.1012
270 0.1016
271 0.1020
272 0.1024
273 0.1028
274 0.1032
275 0.1036
276 0.1040
277 0.1044
278 0.1048
279 0.1052
280 0.1056
281 0.1060
282 0.1064
283 0.1068
284 0.1072
285 0.1076
286 0.1080
287 0.1084
288 0.1088
289 0.1092
290 0.1096
291 0.1100
292 0.1100
293 0.1104
294 0.1108
295 0.1112
296 0.1116
297 0.1120
298 0.1124
299 0.1128
300 0.1132
301 0.1136
302 0.1140
303 0.1144
304 0.1148
305 0.1152
306 0.1156
307 0.1160
308 0.1160
309 0.1164
310 0.1168
311 0.1172
312 0.1172
313 0.1176
314 0.1180
315 0.1184
316 0.1188
317 0.1192
318 0.1196
319 0.1200
320 0.1204
321 0.1204
322 0.1208
323 0.1212
324 0.1212
325 0.1216
326 0.1220
327 0.1224
328 0.1228
329 0.1232
330 0.1236
331 0.1240
332 0.1244
333 0.1248
334 0.1252
335 0.1256
336 0.1260
337 0.1264
338 0.1268
339 0.1268
340 0.1272
341 0.1276
342 0.1280
343 0.1284
344 0.1288
345 0.1292
346 0.1296
347 0.1300
348 0.1304
349 0.1308
350 0.1312
351 0.1312
352 0.1316
353 0.1320
354 0.1324
355 0.1328
356 0.1332
357 0.1336
358 0.1340
359 0.1344
360 0.1344
361 0.1348
362 0.1352
363 0.1356
364 0.1360
365 0.1364
366 0.1368
367 0.1368
368 0.1372
369 0.1376
370 0.1380
371 0.1384
372 0.1388
373 0.1392
374 0.1396
375 0.1400
376 0.1404
377 0.1408
378 0.1412
379 0.1412
380 0.1412
381 0.1412
382 0.1416
383 0.1420
384 0.1424
385 0.1428
386 0.1432
387 0.1436
388 0.1440
389 0.1444
390 0.1448
391 0.1452
392 0.1456
393 0.1460
394 0.1460
395 0.1464
396 0.1468
397 0.1472
398 0.1476
399 0.1476
400 0.1480
401 0.1484
402 0.1488
403 0.1492
404 0.1496
405 0.1500
406 0.1504
407 0.1508
408 0.1512
409 0.1516
410 0.1520
411 0.1524
412 0.1528
413 0.1532
414 0.1536
415 0.1540
416 0.1544
417 0.1548
418 0.1548
419 0.1552
420 0.1552
421 0.1556
422 0.1560
423 0.1560
424 0.1564
425 0.1564
426 0.1568
427 0.1568
428 0.1572
429 0.1576
430 0.1580
431 0.1580
432 0.1584
433 0.1588
434 0.1592
435 0.1596
436 0.1596
437 0.1600
438 0.1604
439 0.1608
440 0.1612
441 0.1616
442 0.1620
443 0.1624
444 0.1624
445 0.1628
446 0.1632
447 0.1632
448 0.1636
449 0.1640
450 0.1644
451 0.1648
452 0.1648
453 0.1652
454 0.1656
455 0.1660
456 0.1664
457 0.1664
458 0.1668
459 0.1672
460 0.1676
461 0.1680
462 0.1680
463 0.1684
464 0.1684
465 0.1688
466 0.1692
467 0.1696
468 0.1700
469 0.1704
470 0.1704
471 0.1708
472 0.1712
473 0.1712
474 0.1716
475 0.1720
476 0.1724
477 0.1728
478 0.1732
479 0.1736
480 0.1740
481 0.1744
482 0.1748
483 0.1752
484 0.1756
485 0.1760
486 0.1764
487 0.1764
488 0.1768
489 0.1772
490 0.1776
491 0.1780
492 0.1780
493 0.1784
494 0.1788
495 0.1792
496 0.1796
497 0.1796
498 0.1800
499 0.1804
500 0.1808
501 0.1812
502 0.1812
503 0.1816
504 0.1820
505 0.1824
506 0.1828
507 0.1832
508 0.1832
509 0.1832
510 0.1836
511 0.1840
512 0.1844
513 0.1848
514 0.1852
515 0.1852
516 0.1856
517 0.1860
518 0.1864
519 0.1868
520 0.1872
521 0.1872
522 0.1876
523 0.1880
524 0.1884
525 0.1888
526 0.1892
527 0.1896
528 0.1900
529 0.1904
530 0.1908
531 0.1912
532 0.1916
533 0.1920
534 0.1924
535 0.1928
536 0.1932
537 0.1936
538 0.1936
539 0.1940
540 0.1940
541 0.1944
542 0.1948
543 0.1948
544 0.1952
545 0.1956
546 0.1960
547 0.1964
548 0.1968
549 0.1972
550 0.1976
551 0.1976
552 0.1980
553 0.1984
554 0.1988
555 0.1992
556 0.1996
557 0.2000
558 0.2004
559 0.2008
560 0.2012
561 0.2012
562 0.2012
563 0.2016
564 0.2016
565 0.2016
566 0.2020
567 0.2024
568 0.2028
569 0.2028
570 0.2032
571 0.2032
572 0.2036
573 0.2040
574 0.2044
575 0.2048
576 0.2048
577 0.2048
578 0.2052
579 0.2056
580 0.2056
581 0.2060
582 0.2064
583 0.2068
584 0.2068
585 0.2072
586 0.2076
587 0.2076
588 0.2080
589 0.2084
590 0.2088
591 0.2092
592 0.2096
593 0.2096
594 0.2100
595 0.2104
596 0.2108
597 0.2112
598 0.2112
599 0.2112
600 0.2116
601 0.2120
602 0.2124
603 0.2128
604 0.2128
605 0.2132
606 0.2136
607 0.2136
608 0.2136
609 0.2136
610 0.2140
611 0.2144
612 0.2144
613 0.2148
614 0.2152
615 0.2156
616 0.2160
617 0.2160
618 0.2164
619 0.2168
620 0.2172
621 0.2172
622 0.2172
623 0.2176
624 0.2176
625 0.2180
626 0.2184
627 0.2188
628 0.2188
629 0.2192
630 0.2192
631 0.2196
632 0.2200
633 0.2204
634 0.2208
635 0.2208
636 0.2212
637 0.2216
638 0.2216
639 0.2220
640 0.2220
641 0.2224
642 0.2228
643 0.2232
644 0.2236
645 0.2240
646 0.2240
647 0.2244
648 0.2248
649 0.2252
650 0.2256
651 0.2260
652 0.2264
653 0.2268
654 0.2272
655 0.2276
656 0.2280
657 0.2284
658 0.2288
659 0.2288
660 0.2292
661 0.2296
662 0.2300
663 0.2304
664 0.2304
665 0.2308
666 0.2312
667 0.2316
668 0.2320
669 0.2324
670 0.2328
671 0.2332
672 0.2336
673 0.2336
674 0.2340
675 0.2344
676 0.2348
677 0.2352
678 0.2356
679 0.2360
680 0.2364
681 0.2368
682 0.2372
683 0.2376
684 0.2380
685 0.2384
686 0.2388
687 0.2392
688 0.2396
689 0.2400
690 0.2404
691 0.2408
692 0.2408
693 0.2412
694 0.2416
695 0.2420
696 0.2424
697 0.2428
698 0.2432
699 0.2432
700 0.2436
701 0.2440
702 0.2444
703 0.2448
704 0.2452
705 0.2456
706 0.2460
707 0.2464
708 0.2468
709 0.2472
710 0.2476
711 0.2480
712 0.2480
713 0.2484
714 0.2488
715 0.2488
716 0.2488
717 0.2492
718 0.2496
719 0.2500
720 0.2504
721 0.2508
722 0.2512
723 0.2512
724 0.2516
725 0.2516
726 0.2520
727 0.2520
728 0.2524
729 0.2528
730 0.2532
731 0.2536
732 0.2536
733 0.2540
734 0.2544
735 0.2548
736 0.2552
737 0.2556
738 0.2556
739 0.2560
740 0.2564
741 0.2564
742 0.2568
743 0.2572
744 0.2576
745 0.2576
746 0.2580
747 0.2580
748 0.2584
749 0.2588
750 0.2592
751 0.2592
752 0.2596
753 0.2600
754 0.2604
755 0.2608
756 0.2612
757 0.2616
758 0.2620
759 0.2624
760 0.2624
761 0.2624
762 0.2624
763 0.2628
764 0.2628
765 0.2628
766 0.2628
767 0.2628
768 0.2632
769 0.2632
770 0.2636
771 0.2640
772 0.2640
773 0.2644
774 0.2648
775 0.2652
776 0.2656
777 0.2660
778 0.2664
779 0.2668
780 0.2672
781 0.2676
782 0.2680
783 0.2684
784 0.2688
785 0.2692
786 0.2696
787 0.2696
788 0.2700
789 0.2704
790 0.2708
791 0.2712
792 0.2712
793 0.2712
794 0.2716
795 0.2720
796 0.2724
797 0.2728
798 0.2728
799 0.2728
800 0.2732
801 0.2736
802 0.2740
803 0.2740
804 0.2744
805 0.2748
806 0.2752
807 0.2756
808 0.2760
809 0.2764
810 0.2764
811 0.2768
812 0.2772
813 0.2772
814 0.2772
815 0.2772
816 0.2776
817 0.2776
818 0.2780
819 0.2784
820 0.2784
821 0.2788
822 0.2792
823 0.2796
824 0.2800
825 0.2804
826 0.2808
827 0.2808
828 0.2808
829 0.2812
830 0.2816
831 0.2820
832 0.2824
833 0.2824
834 0.2828
835 0.2832
836 0.2836
837 0.2840
838 0.2844
839 0.2848
840 0.2852
841 0.2856
842 0.2860
843 0.2864
844 0.2864
845 0.2864
846 0.2868
847 0.2872
848 0.2876
849 0.2880
850 0.2884
851 0.2884
852 0.2888
853 0.2888
854 0.2892
855 0.2892
856 0.2892
857 0.2896
858 0.2900
859 0.2904
860 0.2908
861 0.2912
862 0.2916
863 0.2920
864 0.2924
865 0.2928
866 0.2932
867 0.2936
868 0.2940
869 0.2944
870 0.2948
871 0.2952
872 0.2956
873 0.2960
874 0.2964
875 0.2968
876 0.2972
877 0.2976
878 0.2980
879 0.2984
880 0.2988
881 0.2992
882 0.2996
883 0.2996
884 0.3000
885 0.3004
886 0.3008
887 0.3012
888 0.3016
889 0.3020
890 0.3024
891 0.3028
892 0.3032
893 0.3032
894 0.3032
895 0.3036
896 0.3040
897 0.3044
898 0.3048
899 0.3052
900 0.3052
901 0.3052
902 0.3056
903 0.3060
904 0.3060
905 0.3060
906 0.3060
907 0.3064
908 0.3068
909 0.3068
910 0.3072
911 0.3072
912 0.3072
913 0.3076
914 0.3076
915 0.3080
916 0.3084
917 0.3088
918 0.3092
919 0.3096
920 0.3096
921 0.3100
922 0.3104
923 0.3104
924 0.3108
925 0.3112
926 0.3112
927 0.3116
928 0.3120
929 0.3124
930 0.3128
931 0.3132
932 0.3132
933 0.3136
934 0.3140
935 0.3144
936 0.3144
937 0.3148
938 0.3152
939 0.3152
940 0.3156
941 0.3160
942 0.3160
943 0.3160
944 0.3160
945 0.3160
946 0.3164
947 0.3168
948 0.3172
949 0.3176
950 0.3180
951 0.3184
952 0.3188
953 0.3188
954 0.3192
955 0.3196
956 0.3196
957 0.3200
958 0.3200
959 0.3204
960 0.3204
961 0.3208
962 0.3212
963 0.3212
964 0.3212
965 0.3216
966 0.3216
967 0.3220
968 0.3224
969 0.3228
970 0.3232
971 0.3236
972 0.3240
973 0.3244
974 0.3244
975 0.3244
976 0.3248
977 0.3252
978 0.3252
979 0.3252
980 0.3252
981 0.3256
982 0.3260
983 0.3264
984 0.3264
985 0.3264
986 0.3268
987 0.3272
988 0.3276
989 0.3280
990 0.3280
991 0.3284
992 0.3288
993 0.3288
994 0.3292
995 0.3292
996 0.3296
997 0.3296
998 0.3296
999 0.3296
1000 0.3300
1001 0.3304
1002 0.3308
1003 0.3312
1004 0.3312
1005 0.3312
1006 0.3316
1007 0.3320
1008 0.3324
1009 0.3328
1010 0.3332
1011 0.3336
1012 0.3340
1013 0.3340
1014 0.3340
1015 0.3344
1016 0.3344
1017 0.3344
1018 0.3344
1019 0.3348
1020 0.3352
1021 0.3356
1022 0.3356
1023 0.3360
1024 0.3364
1025 0.3368
1026 0.3368
1027 0.3372
1028 0.3376
1029 0.3380
1030 0.3384
1031 0.3384
1032 0.3384
1033 0.3388
1034 0.3392
1035 0.3392
1036 0.3396
1037 0.3396
1038 0.3400
1039 0.3404
1040 0.3408
1041 0.3408
1042 0.3408
1043 0.3412
1044 0.3416
1045 0.3416
1046 0.3416
1047 0.3420
1048 0.3420
1049 0.3424
1050 0.3428
1051 0.3428
1052 0.3428
1053 0.3432
1054 0.3436
1055 0.3440
1056 0.3440
1057 0.3440
1058 0.3444
1059 0.3448
1060 0.3448
1061 0.3448
1062 0.3452
1063 0.3452
1064 0.3456
1065 0.3460
1066 0.3464
1067 0.3464
1068 0.3464
1069 0.3464
1070 0.3464
1071 0.3468
1072 0.3472
1073 0.3476
1074 0.3480
1075 0.3480
1076 0.3484
1077 0.3488
1078 0.3492
1079 0.3496
1080 0.3500
1081 0.3500
1082 0.3504
1083 0.3504
1084 0.3504
1085 0.3508
1086 0.3508
1087 0.3512
1088 0.3516
1089 0.3516
1090 0.3520
1091 0.3524
1092 0.3528
1093 0.3532
1094 0.3536
1095 0.3536
1096 0.3540
1097 0.3544
1098 0.3548
1099 0.3552
1100 0.3556
1101 0.3556
1102 0.3560
1103 0.3560
1104 0.3564
1105 0.3568
1106 0.3568
1107 0.3568
1108 0.3568
1109 0.3572
1110 0.3576
1111 0.3576
1112 0.3580
1113 0.3584
1114 0.3584
1115 0.3588
1116 0.3592
1117 0.3596
1118 0.3600
1119 0.3604
1120 0.3608
1121 0.3612
1122 0.3612
1123 0.3612
1124 0.3612
1125 0.3616
1126 0.3616
1127 0.3620
1128 0.3624
1129 0.3628
1130 0.3632
1131 0.3632
1132 0.3636
1133 0.3640
1134 0.3640
1135 0.3640
1136 0.3644
1137 0.3648
1138 0.3652
1139 0.3656
1140 0.3660
1141 0.3664
1142 0.3668
1143 0.3672
1144 0.3676
1145 0.3676
1146 0.3676
1147 0.3676
1148 0.3680
1149 0.3684
1150 0.3688
1151 0.3692
1152 0.3696
1153 0.3700
1154 0.3704
1155 0.3704
1156 0.3708
1157 0.3712
1158 0.3716
1159 0.3720
1160 0.3720
1161 0.3724
1162 0.3728
1163 0.3728
1164 0.3728
1165 0.3732
1166 0.3736
1167 0.3740
1168 0.3740
1169 0.3744
1170 0.3748
1171 0.3748
1172 0.3748
1173 0.3748
1174 0.3752
1175 0.3752
1176 0.3756
1177 0.3756
1178 0.3760
1179 0.3764
1180 0.3764
1181 0.3768
1182 0.3772
1183 0.3772
1184 0.3776
1185 0.3776
1186 0.3776
1187 0.3780
1188 0.3780
1189 0.3784
1190 0.3788
1191 0.3788
1192 0.3788
1193 0.3792
1194 0.3792
1195 0.3796
1196 0.3800
1197 0.3804
1198 0.3804
1199 0.3808
1200 0.3808
1201 0.3812
1202 0.3812
1203 0.3816
1204 0.3820
1205 0.3820
1206 0.3824
1207 0.3828
1208 0.3828
1209 0.3828
1210 0.3832
1211 0.3836
1212 0.3840
1213 0.3844
1214 0.3848
1215 0.3852
1216 0.3852
1217 0.3856
1218 0.3860
1219 0.3864
1220 0.3864
1221 0.3868
1222 0.3868
1223 0.3872
1224 0.3876
1225 0.3876
1226 0.3880
1227 0.3880
1228 0.3884
1229 0.3888
1230 0.3888
1231 0.3892
1232 0.3892
1233 0.3896
1234 0.3896
1235 0.3896
1236 0.3896
1237 0.3900
1238 0.3904
1239 0.3908
1240 0.3912
1241 0.3916
1242 0.3920
1243 0.3920
1244 0.3920
1245 0.3924
1246 0.3924
1247 0.3924
1248 0.3928
1249 0.3932
1250 0.3936
1251 0.3936
1252 0.3940
1253 0.3940
1254 0.3944
1255 0.3948
1256 0.3952
1257 0.3956
1258 0.3956
1259 0.3960
1260 0.3960
1261 0.3960
1262 0.3964
1263 0.3968
1264 0.3972
1265 0.3972
1266 0.3972
1267 0.3976
1268 0.3980
1269 0.3984
1270 0.3988
1271 0.3992
1272 0.3996
1273 0.3996
1274 0.4000
1275 0.4000
1276 0.4000
1277 0.4004
1278 0.4004
1279 0.4004
1280 0.4008
1281 0.4008
1282 0.4012
1283 0.4016
1284 0.4020
1285 0.4024
1286 0.4024
1287 0.4028
1288 0.4028
1289 0.4028
1290 0.4032
1291 0.4036
1292 0.4036
1293 0.4040
1294 0.4044
1295 0.4048
1296 0.4052
1297 0.4056
1298 0.4060
1299 0.4064
1300 0.4068
1301 0.4072
1302 0.4072
1303 0.4076
1304 0.4080
1305 0.4084
1306 0.4084
1307 0.4088
1308 0.4088
1309 0.4092
1310 0.4092
1311 0.4092
1312 0.4096
1313 0.4100
1314 0.4104
1315 0.4108
1316 0.4112
1317 0.4116
1318 0.4116
1319 0.4120
1320 0.4124
1321 0.4124
1322 0.4128
1323 0.4132
1324 0.4136
1325 0.4140
1326 0.4144
1327 0.4148
1328 0.4148
1329 0.4148
1330 0.4152
1331 0.4156
1332 0.4160
1333 0.4160
1334 0.4164
1335 0.4168
1336 0.4172
1337 0.4172
1338 0.4176
1339 0.4180
1340 0.4184
1341 0.4184
1342 0.4184
1343 0.4188
1344 0.4188
1345 0.4192
1346 0.4196
1347 0.4200
1348 0.4204
1349 0.4208
1350 0.4208
1351 0.4212
1352 0.4216
1353 0.4220
1354 0.4224
1355 0.4228
1356 0.4232
1357 0.4236
1358 0.4240
1359 0.4240
1360 0.4240
1361 0.4244
1362 0.4248
1363 0.4252
1364 0.4256
1365 0.4260
1366 0.4264
1367 0.4264
1368 0.4264
1369 0.4264
1370 0.4268
1371 0.4272
1372 0.4276
1373 0.4276
1374 0.4276
1375 0.4280
1376 0.4284
1377 0.4288
1378 0.4288
1379 0.4288
1380 0.4288
1381 0.4292
1382 0.4296
1383 0.4300
1384 0.4304
1385 0.4304
1386 0.4304
1387 0.4304
1388 0.4308
1389 0.4308
1390 0.4312
1391 0.4312
1392 0.4316
1393 0.4316
1394 0.4316
1395 0.4320
1396 0.4324
1397 0.4328
1398 0.4328
1399 0.4328
1400 0.4332
1401 0.4332
1402 0.4336
1403 0.4340
1404 0.4340
1405 0.4344
1406 0.4348
1407 0.4352
1408 0.4356
1409 0.4356
1410 0.4360
1411 0.4364
1412 0.4368
1413 0.4372
1414 0.4372
1415 0.4376
1416 0.4376
1417 0.4376
1418 0.4380
1419 0.4380
1420 0.4384
1421 0.4384
1422 0.4384
1423 0.4384
1424 0.4388
1425 0.4392
1426 0.4392
1427 0.4392
1428 0.4396
1429 0.4400
1430 0.4404
1431 0.4404
1432 0.4408
1433 0.4408
1434 0.4412
1435 0.4412
1436 0.4412
1437 0.4416
1438 0.4420
1439 0.4420
1440 0.4424
1441 0.4428
1442 0.4428
1443 0.4428
1444 0.4428
1445 0.4428
1446 0.4428
1447 0.4432
1448 0.4436
1449 0.4440
1450 0.4444
1451 0.4444
1452 0.4444
1453 0.4448
1454 0.4448
1455 0.4448
1456 0.4452
1457 0.4452
1458 0.4452
1459 0.4456
1460 0.4456
1461 0.4460
1462 0.4464
1463 0.4464
1464 0.4464
1465 0.4464
1466 0.4464
1467 0.4468
1468 0.4472
1469 0.4472
1470 0.4476
1471 0.4476
1472 0.4476
1473 0.4480
1474 0.4484
1475 0.4484
1476 0.4488
1477 0.4492
1478 0.4496
1479 0.4500
1480 0.4500
1481 0.4500
1482 0.4504
1483 0.4508
1484 0.4508
1485 0.4512
1486 0.4516
1487 0.4516
1488 0.4520
1489 0.4520
1490 0.4524
1491 0.4528
1492 0.4532
1493 0.4536
1494 0.4540
1495 0.4540
1496 0.4540
1497 0.4540
1498 0.4540
1499 0.4540
1500 0.4540
1501 0.4544
1502 0.4548
1503 0.4552
1504 0.4552
1505 0.4552
1506 0.4552
1507 0.4556
1508 0.4556
1509 0.4560
1510 0.4564
1511 0.4564
1512 0.4568
1513 0.4568
1514 0.4568
1515 0.4568
1516 0.4572
1517 0.4576
1518 0.4576
1519 0.4576
1520 0.4576
1521 0.4576
1522 0.4576
1523 0.4576
1524 0.4576
1525 0.4576
1526 0.4580
1527 0.4584
1528 0.4588
1529 0.4588
1530 0.4588
1531 0.4588
1532 0.4588
1533 0.4592
1534 0.4596
1535 0.4600
1536 0.4600
1537 0.4604
1538 0.4608
1539 0.4612
1540 0.4616
1541 0.4620
1542 0.4624
1543 0.4624
1544 0.4624
1545 0.4624
1546 0.4624
1547 0.4628
1548 0.4632
1549 0.4636
1550 0.4640
1551 0.4640
1552 0.4644
1553 0.4644
1554 0.4648
1555 0.4648
1556 0.4652
1557 0.4652
1558 0.4652
1559 0.4652
1560 0.4656
1561 0.4656
1562 0.4656
1563 0.4660
1564 0.4660
1565 0.4660
1566 0.4664
1567 0.4668
1568 0.4668
1569 0.4672
1570 0.4676
1571 0.4676
1572 0.4676
1573 0.4680
1574 0.4684
1575 0.4684
1576 0.4684
1577 0.4688
1578 0.4692
1579 0.4696
1580 0.4700
1581 0.4704
1582 0.4708
1583 0.4712
1584 0.4716
1585 0.4720
1586 0.4724
1587 0.4724
1588 0.4724
1589 0.4728
1590 0.4728
1591 0.4732
1592 0.4732
1593 0.4732
1594 0.4732
1595 0.4732
1596 0.4732
1597 0.4732
1598 0.4732
1599 0.4732
1600 0.4732
1601 0.4736
1602 0.4736
1603 0.4736
1604 0.4740
1605 0.4744
1606 0.4748
1607 0.4752
1608 0.4756
1609 0.4760
1610 0.4764
1611 0.4768
1612 0.4768
1613 0.4768
1614 0.4772
1615 0.4776
1616 0.4780
1617 0.4780
1618 0.4784
1619 0.4788
1620 0.4788
1621 0.4788
1622 0.4792
1623 0.4792
1624 0.4796
1625 0.4796
1626 0.4796
1627 0.4796
1628 0.4796
1629 0.4796
1630 0.4796
1631 0.4796
1632 0.4796
1633 0.4796
1634 0.4800
1635 0.4800
1636 0.4804
1637 0.4808
1638 0.4808
1639 0.4808
1640 0.4808
1641 0.4808
1642 0.4812
1643 0.4812
1644 0.4812
1645 0.4816
1646 0.4816
1647 0.4816
1648 0.4816
1649 0.4816
1650 0.4820
1651 0.4824
1652 0.4828
1653 0.4828
1654 0.4828
1655 0.4828
1656 0.4832
1657 0.4836
1658 0.4836
1659 0.4840
1660 0.4840
1661 0.4840
1662 0.4840
1663 0.4840
1664 0.4844
1665 0.4848
1666 0.4852
1667 0.4856
1668 0.4860
1669 0.4864
1670 0.4864
1671 0.4864
1672 0.4868
1673 0.4872
1674 0.4876
1675 0.4876
1676 0.4880
1677 0.4884
1678 0.4888
1679 0.4888
1680 0.4888
1681 0.4888
1682 0.4892
1683 0.4896
1684 0.4896
1685 0.4896
1686 0.4900
1687 0.4900
1688 0.4900
1689 0.4900
1690 0.4900
1691 0.4904
1692 0.4904
1693 0.4908
1694 0.4908
1695 0.4912
1696 0.4912
1697 0.4916
1698 0.4916
1699 0.4920
1700 0.4920
1701 0.4924
1702 0.4928
1703 0.4928
1704 0.4928
1705 0.4932
1706 0.4936
1707 0.4936
1708 0.4936
1709 0.4936
1710 0.4940
1711 0.4940
1712 0.4940
1713 0.4940
1714 0.4944
1715 0.4944
1716 0.4948
1717 0.4952
1718 0.4952
1719 0.4956
1720 0.4960
1721 0.4964
1722 0.4968
1723 0.4972
1724 0.4972
1725 0.4976
1726 0.4976
1727 0.4976
1728 0.4976
1729 0.4976
1730 0.4976
1731 0.4980
1732 0.4984
1733 0.4988
1734 0.4992
1735 0.4996
1736 0.5000
1737 0.5004
1738 0.5008
1739 0.5008
1740 0.5008
1741 0.5008
1742 0.5012
1743 0.5016
1744 0.5016
1745 0.5020
1746 0.5020
1747 0.5020
1748 0.5020
1749 0.5020
1750 0.5020
1751 0.5024
1752 0.5028
1753 0.5028
1754 0.5032
1755 0.5032
1756 0.5032
1757 0.5036
1758 0.5036
1759 0.5036
1760 0.5040
1761 0.5040
1762 0.5044
1763 0.5044
1764 0.5048
1765 0.5048
1766 0.5052
1767 0.5056
1768 0.5060
1769 0.5060
1770 0.5060
1771 0.5064
1772 0.5068
1773 0.5068
1774 0.5072
1775 0.5072
1776 0.5076
1777 0.5080
1778 0.5080
1779 0.5080
1780 0.5080
1781 0.5084
1782 0.5088
1783 0.5088
1784 0.5088
1785 0.5088
1786 0.5088
1787 0.5088
1788 0.5088
1789 0.5092
1790 0.5092
1791 0.5092
1792 0.5092
1793 0.5092
1794 0.5096
1795 0.5096
1796 0.5096
1797 0.5100
1798 0.5100
1799 0.5104
1800 0.5108
1801 0.5112
1802 0.5116
1803 0.5116
1804 0.5120
1805 0.5120
1806 0.5120
1807 0.5120
1808 0.5120
1809 0.5124
1810 0.5124
1811 0.5128
1812 0.5132
1813 0.5132
1814 0.5132
1815 0.5136
1816 0.5136
1817 0.5136
1818 0.5140
1819 0.5140
1820 0.5144
1821 0.5144
1822 0.5148
1823 0.5148
1824 0.5152
1825 0.5156
1826 0.5160
1827 0.5164
1828 0.5168
1829 0.5172
1830 0.5172
1831 0.5176
1832 0.5176
1833 0.5180
1834 0.5184
1835 0.5188
1836 0.5192
1837 0.5196
1838 0.5200
1839 0.5204
1840 0.5208
1841 0.5212
1842 0.5212
1843 0.5212
1844 0.5212
1845 0.5216
1846 0.5216
1847 0.5220
1848 0.5224
1849 0.5228
1850 0.5228
1851 0.5232
1852 0.5232
1853 0.5236
1854 0.5240
1855 0.5240
1856 0.5240
1857 0.5240
1858 0.5244
1859 0.5248
1860 0.5252
1861 0.5252
1862 0.5256
1863 0.5260
1864 0.5264
1865 0.5264
1866 0.5264
1867 0.5268
1868 0.5272
1869 0.5276
1870 0.5280
1871 0.5280
1872 0.5284
1873 0.5288
1874 0.5288
1875 0.5292
1876 0.5292
1877 0.5296
1878 0.5300
1879 0.5304
1880 0.5308
1881 0.5312
1882 0.5312
1883 0.5312
1884 0.5312
1885 0.5312
1886 0.5316
1887 0.5320
1888 0.5320
1889 0.5320
1890 0.5320
1891 0.5324
1892 0.5328
1893 0.5332
1894 0.5332
1895 0.5332
1896 0.5336
1897 0.5336
1898 0.5340
1899 0.5340
1900 0.5340
1901 0.5344
1902 0.5348
1903 0.5352
1904 0.5356
1905 0.5360
1906 0.5360
1907 0.5360
1908 0.5364
1909 0.5368
1910 0.5372
1911 0.5376
1912 0.5380
1913 0.5384
1914 0.5384
1915 0.5384
1916 0.5388
1917 0.5392
1918 0.5396
1919 0.5400
1920 0.5404
1921 0.5408
1922 0.5408
1923 0.5412
1924 0.5416
1925 0.5416
1926 0.5416
1927 0.5416
1928 0.5416
1929 0.5420
1930 0.5424
1931 0.5424
1932 0.5424
1933 0.5428
1934 0.5432
1935 0.5432
1936 0.5432
1937 0.5436
1938 0.5440
1939 0.5444
1940 0.5448
1941 0.5448
1942 0.5452
1943 0.5452
1944 0.5456
1945 0.5456
1946 0.5460
1947 0.5464
1948 0.5464
1949 0.5464
1950 0.5464
1951 0.5464
1952 0.5468
1953 0.5468
1954 0.5472
1955 0.5476
1956 0.5476
1957 0.5480
1958 0.5480
1959 0.5480
1960 0.5484
1961 0.5488
1962 0.5488
1963 0.5488
1964 0.5488
1965 0.5492
1966 0.5496
1967 0.5500
1968 0.5504
1969 0.5504
1970 0.5508
1971 0.5512
1972 0.5516
1973 0.5516
1974 0.5516
1975 0.5516
1976 0.5520
1977 0.5520
1978 0.5520
1979 0.5524
1980 0.5528
1981 0.5528
1982 0.5528
1983 0.5532
1984 0.5532
1985 0.5532
1986 0.5536
1987 0.5536
1988 0.5536
1989 0.5540
1990 0.5540
1991 0.5544
1992 0.5544
1993 0.5544
1994 0.5548
1995 0.5552
1996 0.5556
1997 0.5556
1998 0.5560
1999 0.5560
2000 0.5564
2001 0.5564
2002 0.5568
2003 0.5568
2004 0.5572
2005 0.5576
2006 0.5580
2007 0.5584
2008 0.5584
2009 0.5584
2010 0.5584
2011 0.5588
2012 0.5592
2013 0.5596
2014 0.5600
2015 0.5600
2016 0.5600
2017 0.5600
2018 0.5604
2019 0.5604
2020 0.5608
2021 0.5608
2022 0.5612
2023 0.5612
2024 0.5616
2025 0.5616
2026 0.5616
2027 0.5616
2028 0.5616
2029 0.5616
2030 0.5616
2031 0.5620
2032 0.5620
2033 0.5624
2034 0.5624
2035 0.5628
2036 0.5632
2037 0.5632
2038 0.5636
2039 0.5636
2040 0.5640
2041 0.5640
2042 0.5644
2043 0.5644
2044 0.5648
2045 0.5652
2046 0.5652
2047 0.5652
2048 0.5656
2049 0.5660
2050 0.5660
2051 0.5660
2052 0.5660
2053 0.5664
2054 0.5664
2055 0.5664
2056 0.5664
2057 0.5664
2058 0.5664
2059 0.5664
2060 0.5664
2061 0.5664
2062 0.5668
2063 0.5668
2064 0.5668
2065 0.5672
2066 0.5672
2067 0.5676
2068 0.5676
2069 0.5676
2070 0.5680
2071 0.5680
2072 0.5684
2073 0.5684
2074 0.5684
2075 0.5688
2076 0.5688
2077 0.5692
2078 0.5692
2079 0.5696
2080 0.5696
2081 0.5696
2082 0.5696
2083 0.5696
2084 0.5696
2085 0.5696
2086 0.5700
2087 0.5700
2088 0.5700
2089 0.5700
2090 0.5700
2091 0.5700
2092 0.5700
2093 0.5704
2094 0.5704
2095 0.5704
2096 0.5704
2097 0.5708
2098 0.5712
2099 0.5712
2100 0.5716
2101 0.5720
2102 0.5724
2103 0.5724
2104 0.5724
2105 0.5728
2106 0.5728
2107 0.5732
2108 0.5736
2109 0.5740
2110 0.5744
2111 0.5748
2112 0.5752
2113 0.5756
2114 0.5760
2115 0.5764
2116 0.5764
2117 0.5764
2118 0.5764
2119 0.5764
2120 0.5768
2121 0.5768
2122 0.5772
2123 0.5772
2124 0.5776
2125 0.5780
2126 0.5780
2127 0.5780
2128 0.5780
2129 0.5780
2130 0.5780
2131 0.5780
2132 0.5784
2133 0.5784
2134 0.5784
2135 0.5784
2136 0.5784
2137 0.5784
2138 0.5784
2139 0.5784
2140 0.5784
2141 0.5784
2142 0.5788
2143 0.5792
2144 0.5792
2145 0.5792
2146 0.5792
2147 0.5796
2148 0.5800
2149 0.5804
2150 0.5804
2151 0.5804
2152 0.5808
2153 0.5808
2154 0.5812
2155 0.5812
2156 0.5812
2157 0.5812
2158 0.5816
2159 0.5816
2160 0.5820
2161 0.5820
2162 0.5820
2163 0.5820
2164 0.5820
2165 0.5824
2166 0.5828
2167 0.5828
2168 0.5828
2169 0.5832
2170 0.5832
2171 0.5832
2172 0.5836
2173 0.5836
2174 0.5840
2175 0.5844
2176 0.5844
2177 0.5844
2178 0.5848
2179 0.5848
2180 0.5852
2181 0.5856
2182 0.5860
2183 0.5860
2184 0.5860
2185 0.5860
2186 0.5860
2187 0.5860
2188 0.5860
2189 0.5864
2190 0.5868
2191 0.5868
2192 0.5872
2193 0.5876
2194 0.5876
2195 0.5880
2196 0.5884
2197 0.5884
2198 0.5884
2199 0.5884
2200 0.5884
2201 0.5888
2202 0.5892
2203 0.5892
2204 0.5892
2205 0.5892
2206 0.5892
2207 0.5892
2208 0.5896
2209 0.5900
2210 0.5900
2211 0.5900
2212 0.5904
2213 0.5908
2214 0.5908
2215 0.5908
2216 0.5908
2217 0.5908
2218 0.5912
2219 0.5916
2220 0.5920
2221 0.5924
2222 0.5928
2223 0.5932
2224 0.5936
2225 0.5940
2226 0.5944
2227 0.5948
2228 0.5952
2229 0.5952
2230 0.5952
2231 0.5952
2232 0.5952
2233 0.5956
2234 0.5956
2235 0.5960
2236 0.5960
2237 0.5960
2238 0.5960
2239 0.5964
2240 0.5964
2241 0.5964
2242 0.5968
2243 0.5972
2244 0.5972
2245 0.5976
2246 0.5976
2247 0.5976
2248 0.5976
2249 0.5976
2250 0.5980
2251 0.5984
2252 0.5988
2253 0.5992
2254 0.5992
2255 0.5992
2256 0.5996
2257 0.5996
2258 0.6000
2259 0.6004
2260 0.6004
2261 0.6004
2262 0.6008
2263 0.6008
2264 0.6012
2265 0.6012
2266 0.6012
2267 0.6016
2268 0.6016
2269 0.6016
2270 0.6020
2271 0.6024
2272 0.6028
2273 0.6028
2274 0.6028
2275 0.6032
2276 0.6036
2277 0.6036
2278 0.6040
2279 0.6040
2280 0.6040
2281 0.6044
2282 0.6044
2283 0.6048
2284 0.6052
2285 0.6052
2286 0.6052
2287 0.6052
2288 0.6056
2289 0.6056
2290 0.6060
2291 0.6060
2292 0.6060
2293 0.6060
2294 0.6064
2295 0.6068
2296 0.6068
2297 0.6068
2298 0.6068
2299 0.6072
2300 0.6072
2301 0.6072
2302 0.6072
2303 0.6072
2304 0.6076
2305 0.6080
2306 0.6080
2307 0.6080
2308 0.6080
2309 0.6084
2310 0.6084
2311 0.6084
2312 0.6084
2313 0.6088
2314 0.6088
2315 0.6092
2316 0.6092
2317 0.6096
2318 0.6096
2319 0.6096
2320 0.6100
2321 0.6100
2322 0.6100
2323 0.6104
2324 0.6108
2325 0.6112
2326 0.6112
2327 0.6116
2328 0.6120
2329 0.6124
2330 0.6128
2331 0.6128
2332 0.6128
2333 0.6132
2334 0.6136
2335 0.6140
2336 0.6140
2337 0.6140
2338 0.6140
2339 0.6140
2340 0.6140
2341 0.6140
2342 0.6140
2343 0.6140
2344 0.6140
2345 0.6144
2346 0.6144
2347 0.6148
2348 0.6148
2349 0.6148
2350 0.6152
2351 0.6152
2352 0.6156
2353 0.6160
2354 0.6160
2355 0.6160
2356 0.6160
2357 0.6160
2358 0.6164
2359 0.6168
2360 0.6168
2361 0.6172
2362 0.6176
2363 0.6180
2364 0.6184
2365 0.6184
2366 0.6184
2367 0.6188
2368 0.6188
2369 0.6188
2370 0.6188
2371 0.6188
2372 0.6188
2373 0.6188
2374 0.6188
2375 0.6188
2376 0.6192
2377 0.6196
2378 0.6196
2379 0.6200
2380 0.6204
2381 0.6204
2382 0.6204
2383 0.6204
2384 0.6208
2385 0.6208
2386 0.6208
2387 0.6212
2388 0.6212
2389 0.6216
2390 0.6216
2391 0.6216
2392 0.6216
2393 0.6220
2394 0.6220
2395 0.6224
2396 0.6224
2397 0.6228
2398 0.6232
2399 0.6232
2400 0.6232
2401 0.6232
2402 0.6232
2403 0.6236
2404 0.6236
2405 0.6240
2406 0.6240
2407 0.6240
2408 0.6240
2409 0.6240
2410 0.6240
2411 0.6240
2412 0.6244
2413 0.6244
2414 0.6248
2415 0.6248
2416 0.6252
2417 0.6252
2418 0.6256
2419 0.6260
2420 0.6264
2421 0.6264
2422 0.6264
2423 0.6264
2424 0.6264
2425 0.6268
2426 0.6268
2427 0.6272
2428 0.6272
2429 0.6276
2430 0.6280
2431 0.6280
2432 0.6280
2433 0.6280
2434 0.6280
2435 0.6284
2436 0.6288
2437 0.6292
2438 0.6292
2439 0.6292
2440 0.6292
2441 0.6292
2442 0.6296
2443 0.6296
2444 0.6296
2445 0.6300
2446 0.6300
2447 0.6300
2448 0.6304
2449 0.6304
2450 0.6308
2451 0.6308
2452 0.6308
2453 0.6308
2454 0.6308
2455 0.6312
2456 0.6316
2457 0.6316
2458 0.6316
2459 0.6320
2460 0.6320
2461 0.6324
2462 0.6324
2463 0.6324
2464 0.6324
2465 0.6324
2466 0.6328
2467 0.6328
2468 0.6328
2469 0.6328
2470 0.6328
2471 0.6332
2472 0.6336
2473 0.6336
2474 0.6340
2475 0.6344
2476 0.6344
2477 0.6344
2478 0.6348
2479 0.6348
2480 0.6352
2481 0.6352
2482 0.6356
2483 0.6356
2484 0.6360
2485 0.6364
2486 0.6368
2487 0.6368
2488 0.6368
2489 0.6368
2490 0.6368
2491 0.6368
2492 0.6368
2493 0.6372
2494 0.6372
2495 0.6376
2496 0.6380
2497 0.6380
2498 0.6384
2499 0.6388
2500 0.6388
2501 0.6388
2502 0.6392
2503 0.6392
2504 0.6392
2505 0.6392
2506 0.6392
2507 0.6396
2508 0.6400
2509 0.6400
2510 0.6400
2511 0.6400
2512 0.6400
2513 0.6400
2514 0.6400
2515 0.6400
2516 0.6404
2517 0.6404
2518 0.6404
2519 0.6408
2520 0.6408
2521 0.6408
2522 0.6408
2523 0.6412
2524 0.6412
2525 0.6416
2526 0.6416
2527 0.6416
2528 0.6416
2529 0.6416
2530 0.6416
2531 0.6416
2532 0.6420
2533 0.6420
2534 0.6424
2535 0.6428
2536 0.6432
2537 0.6432
2538 0.6436
2539 0.6436
2540 0.6436
2541 0.6436
2542 0.6436
2543 0.6436
2544 0.6440
2545 0.6440
2546 0.6440
2547 0.6440
2548 0.6444
2549 0.6448
2550 0.6448
2551 0.6448
2552 0.6448
2553 0.6452
2554 0.6452
2555 0.6456
2556 0.6460
2557 0.6460
2558 0.6460
2559 0.6464
2560 0.6464
2561 0.6464
2562 0.6468
2563 0.6468
2564 0.6472
2565 0.6472
2566 0.6472
2567 0.6476
2568 0.6476
2569 0.6480
2570 0.6484
2571 0.6488
2572 0.6488
2573 0.6488
2574 0.6492
2575 0.6492
2576 0.6492
2577 0.6496
2578 0.6496
2579 0.6496
2580 0.6496
2581 0.6496
2582 0.6500
2583 0.6500
2584 0.6504
2585 0.6504
2586 0.6504
2587 0.6508
2588 0.6508
2589 0.6508
2590 0.6508
2591 0.6508
2592 0.6512
2593 0.6512
2594 0.6516
2595 0.6520
2596 0.6520
2597 0.6520
2598 0.6520
2599 0.6520
2600 0.6520
2601 0.6520
2602 0.6520
2603 0.6520
2604 0.6520
2605 0.6524
2606 0.6524
2607 0.6524
2608 0.6524
2609 0.6524
2610 0.6528
2611 0.6532
2612 0.6536
2613 0.6536
2614 0.6540
2615 0.6540
2616 0.6544
2617 0.6544
2618 0.6544
2619 0.6544
2620 0.6548
2621 0.6548
2622 0.6552
2623 0.6556
2624 0.6560
2625 0.6560
2626 0.6564
2627 0.6568
2628 0.6572
2629 0.6572
2630 0.6572
2631 0.6572
2632 0.6576
2633 0.6576
2634 0.6580
2635 0.6580
2636 0.6580
2637 0.6580
2638 0.6584
2639 0.6588
2640 0.6588
2641 0.6588
2642 0.6592
2643 0.6592
2644 0.6592
2645 0.6592
2646 0.6596
2647 0.6596
2648 0.6600
2649 0.6600
2650 0.6600
2651 0.6600
2652 0.6600
2653 0.6604
2654 0.6604
2655 0.6604
2656 0.6604
2657 0.6604
2658 0.6608
2659 0.6608
2660 0.6608
2661 0.6608
2662 0.6612
2663 0.6612
2664 0.6616
2665 0.6616
2666 0.6616
2667 0.6616
2668 0.6616
2669 0.6616
2670 0.6616
2671 0.6620
2672 0.6620
2673 0.6624
2674 0.6624
2675 0.6628
2676 0.6632
2677 0.6632
2678 0.6632
2679 0.6632
2680 0.6636
2681 0.6640
2682 0.6640
2683 0.6640
2684 0.6644
2685 0.6648
2686 0.6652
2687 0.6656
2688 0.6660
2689 0.6660
2690 0.6660
2691 0.6664
2692 0.6664
2693 0.6668
2694 0.6668
2695 0.6668
2696 0.6668
2697 0.6672
2698 0.6672
2699 0.6672
2700 0.6672
2701 0.6676
2702 0.6676
2703 0.6676
2704 0.6676
2705 0.6676
2706 0.6676
2707 0.6676
2708 0.6676
2709 0.6680
2710 0.6680
2711 0.6684
2712 0.6688
2713 0.6688
2714 0.6692
2715 0.6692
2716 0.6692
2717 0.6692
2718 0.6692
2719 0.6692
2720 0.6692
2721 0.6696
2722 0.6700
2723 0.6704
2724 0.6704
2725 0.6704
2726 0.6704
2727 0.6708
2728 0.6708
2729 0.6708
2730 0.6708
2731 0.6708
2732 0.6708
2733 0.6708
2734 0.6708
2735 0.6708
2736 0.6708
2737 0.6712
2738 0.6712
2739 0.6712
2740 0.6712
2741 0.6712
2742 0.6712
2743 0.6712
2744 0.6712
2745 0.6712
2746 0.6716
2747 0.6720
2748 0.6720
2749 0.6720
2750 0.6720
2751 0.6724
2752 0.6724
2753 0.6728
2754 0.6732
2755 0.6732
2756 0.6732
2757 0.6732
2758 0.6732
2759 0.6732
2760 0.6732
2761 0.6732
2762 0.6736
2763 0.6736
2764 0.6736
2765 0.6736
2766 0.6740
2767 0.6744
2768 0.6744
2769 0.6748
2770 0.6748
2771 0.6748
2772 0.6752
2773 0.6756
2774 0.6756
2775 0.6760
2776 0.6764
2777 0.6764
2778 0.6764
2779 0.6768
2780 0.6772
2781 0.6776
2782 0.6776
2783 0.6780
2784 0.6780
2785 0.6780
2786 0.6780
2787 0.6780
2788 0.6784
2789 0.6784
2790 0.6784
2791 0.6784
2792 0.6784
2793 0.6784
2794 0.6784
2795 0.6788
2796 0.6792
2797 0.6792
2798 0.6792
2799 0.6792
2800 0.6796
2801 0.6800
2802 0.6800
2803 0.6800
2804 0.6804
2805 0.6808
2806 0.6812
2807 0.6816
2808 0.6820
2809 0.6820
2810 0.6820
2811 0.6820
2812 0.6820
2813 0.6820
2814 0.6820
2815 0.6820
2816 0.6820
2817 0.6820
2818 0.6820
2819 0.6820
2820 0.6820
2821 0.6824
2822 0.6828
2823 0.6828
2824 0.6832
2825 0.6832
2826 0.6832
2827 0.6832
2828 0.6832
2829 0.6832
2830 0.6832
2831 0.6836
2832 0.6836
2833 0.6840
2834 0.6844
2835 0.6848
2836 0.6852
2837 0.6852
2838 0.6852
2839 0.6852
2840 0.6856
2841 0.6856
2842 0.6860
2843 0.6864
2844 0.6864
2845 0.6864
2846 0.6864
2847 0.6864
2848 0.6864
2849 0.6864
2850 0.6864
2851 0.6864
2852 0.6864
2853 0.6868
2854 0.6868
2855 0.6868
2856 0.6868
2857 0.6868
2858 0.6868
2859 0.6868
2860 0.6872
2861 0.6872
2862 0.6872
2863 0.6872
2864 0.6872
2865 0.6872
2866 0.6872
2867 0.6872
2868 0.6872
2869 0.6876
2870 0.6876
2871 0.6876
2872 0.6876
2873 0.6876
2874 0.6876
2875 0.6876
2876 0.6880
2877 0.6880
2878 0.6880
2879 0.6880
2880 0.6880
2881 0.6880
2882 0.6884
2883 0.6884
2884 0.6884
2885 0.6884
2886 0.6884
2887 0.6888
2888 0.6888
2889 0.6888
2890 0.6888
2891 0.6888
2892 0.6892
2893 0.6896
2894 0.6900
2895 0.6904
2896 0.6908
2897 0.6908
2898 0.6912
2899 0.6916
2900 0.6916
2901 0.6916
2902 0.6920
2903 0.6920
2904 0.6924
2905 0.6928
2906 0.6928
2907 0.6932
2908 0.6932
2909 0.6936
2910 0.6936
2911 0.6940
2912 0.6944
2913 0.6944
2914 0.6944
2915 0.6944
2916 0.6944
2917 0.6948
2918 0.6948
2919 0.6948
2920 0.6948
2921 0.6948
2922 0.6948
2923 0.6948
2924 0.6948
2925 0.6952
2926 0.6952
2927 0.6952
2928 0.6952
2929 0.6952
2930 0.6952
2931 0.6956
2932 0.6956
2933 0.6956
2934 0.6956
2935 0.6956
2936 0.6956
2937 0.6960
2938 0.6960
2939 0.6960
2940 0.6964
2941 0.6964
2942 0.6964
2943 0.6964
2944 0.6964
2945 0.6964
2946 0.6968
2947 0.6968
2948 0.6968
2949 0.6972
2950 0.6976
2951 0.6980
2952 0.6980
2953 0.6984
2954 0.6984
2955 0.6984
2956 0.6984
2957 0.6984
2958 0.6988
2959 0.6992
2960 0.6996
2961 0.6996
2962 0.7000
2963 0.7000
2964 0.7000
2965 0.7004
2966 0.7004
2967 0.7008
2968 0.7012
2969 0.7016
2970 0.7016
2971 0.7016
2972 0.7016
2973 0.7016
2974 0.7020
2975 0.7020
2976 0.7020
2977 0.7020
2978 0.7020
2979 0.7020
2980 0.7020
2981 0.7024
2982 0.7024
2983 0.7024
2984 0.7024
2985 0.7024
2986 0.7024
2987 0.7028
2988 0.7032
2989 0.7032
2990 0.7036
2991 0.7036
2992 0.7036
2993 0.7040
2994 0.7044
2995 0.7048
2996 0.7048
2997 0.7048
2998 0.7048
2999 0.7048
3000 0.7052
3001 0.7056
3002 0.7060
3003 0.7060
3004 0.7060
3005 0.7060
3006 0.7064
3007 0.7064
3008 0.7064
3009 0.7064
3010 0.7064
3011 0.7064
3012 0.7068
3013 0.7072
3014 0.7072
3015 0.7072
3016 0.7072
3017 0.7072
3018 0.7076
3019 0.7076
3020 0.7076
3021 0.7076
3022 0.7080
3023 0.7084
3024 0.7084
3025 0.7084
3026 0.7084
3027 0.7084
3028 0.7088
3029 0.7088
3030 0.7092
3031 0.7092
3032 0.7096
3033 0.7096
3034 0.7100
3035 0.7104
3036 0.7104
3037 0.7104
3038 0.7108
3039 0.7108
3040 0.7108
3041 0.7108
3042 0.7108
3043 0.7108
3044 0.7108
3045 0.7108
3046 0.7108
3047 0.7108
3048 0.7112
3049 0.7112
3050 0.7112
3051 0.7112
3052 0.7112
3053 0.7112
3054 0.7112
3055 0.7112
3056 0.7116
3057 0.7116
3058 0.7120
3059 0.7124
3060 0.7124
3061 0.7124
3062 0.7128
3063 0.7128
3064 0.7128
3065 0.7128
3066 0.7128
3067 0.7128
3068 0.7132
3069 0.7136
3070 0.7136
3071 0.7140
3072 0.7140
3073 0.7140
3074 0.7140
3075 0.7144
3076 0.7144
3077 0.7148
3078 0.7148
3079 0.7148
3080 0.7148
3081 0.7152
3082 0.7152
3083 0.7156
3084 0.7160
3085 0.7160
3086 0.7160
3087 0.7160
3088 0.7164
3089 0.7164
3090 0.7164
3091 0.7164
3092 0.7164
3093 0.7168
3094 0.7168
3095 0.7168
3096 0.7168
3097 0.7168
3098 0.7168
3099 0.7172
3100 0.7172
3101 0.7172
3102 0.7176
3103 0.7180
3104 0.7180
3105 0.7180
3106 0.7184
3107 0.7184
3108 0.7184
3109 0.7184
3110 0.7184
3111 0.7184
3112 0.7184
3113 0.7184
3114 0.7184
3115 0.7184
3116 0.7184
3117 0.7184
3118 0.7184
3119 0.7184
3120 0.7184
3121 0.7188
3122 0.7188
3123 0.7188
3124 0.7188
3125 0.7188
3126 0.7192
3127 0.7192
3128 0.7196
3129 0.7196
3130 0.7196
3131 0.7196
3132 0.7200
3133 0.7200
3134 0.7200
3135 0.7200
3136 0.7200
3137 0.7204
3138 0.7204
3139 0.7204
3140 0.7204
3141 0.7204
3142 0.7208
3143 0.7212
3144 0.7212
3145 0.7216
3146 0.7220
3147 0.7220
3148 0.7224
3149 0.7228
3150 0.7232
3151 0.7232
3152 0.7232
3153 0.7236
3154 0.7240
3155 0.7244
3156 0.7244
3157 0.7248
3158 0.7248
3159 0.7248
3160 0.7248
3161 0.7248
3162 0.7252
3163 0.7252
3164 0.7252
3165 0.7252
3166 0.7252
3167 0.7252
3168 0.7256
3169 0.7256
3170 0.7260
3171 0.7260
3172 0.7264
3173 0.7264
3174 0.7264
3175 0.7268
3176 0.7272
3177 0.7272
3178 0.7272
3179 0.7272
3180 0.7276
3181 0.7276
3182 0.7276
3183 0.7280
3184 0.7280
3185 0.7284
3186 0.7284
3187 0.7284
3188 0.7284
3189 0.7284
3190 0.7284
3191 0.7284
3192 0.7284
3193 0.7284
3194 0.7284
3195 0.7284
3196 0.7284
3197 0.7284
3198 0.7284
3199 0.7284
3200 0.7288
3201 0.7292
3202 0.7296
3203 0.7296
3204 0.7296
3205 0.7296
3206 0.7296
3207 0.7300
3208 0.7300
3209 0.7300
3210 0.7300
3211 0.7300
3212 0.7304
3213 0.7304
3214 0.7308
3215 0.7312
3216 0.7316
3217 0.7316
3218 0.7316
3219 0.7320
3220 0.7320
3221 0.7324
3222 0.7324
3223 0.7324
3224 0.7324
3225 0.7324
3226 0.7324
3227 0.7324
3228 0.7328
3229 0.7328
3230 0.7332
3231 0.7336
3232 0.7336
3233 0.7336
3234 0.7336
3235 0.7336
3236 0.7336
3237 0.7336
3238 0.7340
3239 0.7340
3240 0.7340
3241 0.7340
3242 0.7340
3243 0.7340
3244 0.7340
3245 0.7340
3246 0.7340
3247 0.7344
3248 0.7348
3249 0.7352
3250 0.7352
3251 0.7352
3252 0.7352
3253 0.7352
3254 0.7356
3255 0.7356
3256 0.7356
3257 0.7356
3258 0.7356
3259 0.7356
3260 0.7356
3261 0.7360
3262 0.7364
3263 0.7364
3264 0.7364
3265 0.7364
3266 0.7364
3267 0.7368
3268 0.7372
3269 0.7376
3270 0.7380
3271 0.7380
3272 0.7384
3273 0.7384
3274 0.7384
3275 0.7384
3276 0.7384
3277 0.7388
3278 0.7388
3279 0.7388
3280 0.7388
3281 0.7388
3282 0.7388
3283 0.7388
3284 0.7388
3285 0.7392
3286 0.7392
3287 0.7392
3288 0.7392
3289 0.7392
3290 0.7392
3291 0.7396
3292 0.7400
3293 0.7400
3294 0.7400
3295 0.7400
3296 0.7404
3297 0.7404
3298 0.7404
3299 0.7404
3300 0.7408
3301 0.7412
3302 0.7412
3303 0.7412
3304 0.7412
3305 0.7416
3306 0.7416
3307 0.7416
3308 0.7416
3309 0.7416
3310 0.7416
3311 0.7416
3312 0.7416
3313 0.7416
3314 0.7416
3315 0.7420
3316 0.7420
3317 0.7424
3318 0.7424
3319 0.7428
3320 0.7428
3321 0.7428
3322 0.7428
3323 0.7432
3324 0.7432
3325 0.7432
3326 0.7432
3327 0.7436
3328 0.7436
3329 0.7436
3330 0.7436
3331 0.7436
3332 0.7436
3333 0.7436
3334 0.7440
3335 0.7440
3336 0.7444
3337 0.7444
3338 0.7444
3339 0.7444
3340 0.7444
3341 0.7448
3342 0.7448
3343 0.7448
3344 0.7448
3345 0.7448
3346 0.7448
3347 0.7448
3348 0.7448
3349 0.7448
3350 0.7452
3351 0.7452
3352 0.7452
3353 0.7452
3354 0.7452
3355 0.7452
3356 0.7456
3357 0.7456
3358 0.7456
3359 0.7460
3360 0.7460
3361 0.7460
3362 0.7464
3363 0.7464
3364 0.7464
3365 0.7464
3366 0.7468
3367 0.7468
3368 0.7468
3369 0.7468
3370 0.7468
3371 0.7468
3372 0.7468
3373 0.7468
3374 0.7472
3375 0.7472
3376 0.7476
3377 0.7476
3378 0.7476
3379 0.7476
3380 0.7480
3381 0.7480
3382 0.7480
3383 0.7484
3384 0.7488
3385 0.7492
3386 0.7492
3387 0.7496
3388 0.7496
3389 0.7496
3390 0.7496
3391 0.7496
3392 0.7496
3393 0.7496
3394 0.7500
3395 0.7504
3396 0.7504
3397 0.7504
3398 0.7504
3399 0.7504
3400 0.7508
3401 0.7508
3402 0.7508
3403 0.7508
3404 0.7508
3405 0.7508
3406 0.7512
3407 0.7512
3408 0.7512
3409 0.7516
3410 0.7516
3411 0.7516
3412 0.7516
3413 0.7520
3414 0.7524
3415 0.7528
3416 0.7528
3417 0.7528
3418 0.7528
3419 0.7532
3420 0.7536
3421 0.7536
3422 0.7536
3423 0.7536
3424 0.7536
3425 0.7540
3426 0.7540
3427 0.7540
3428 0.7544
3429 0.7544
3430 0.7544
3431 0.7544
3432 0.7544
3433 0.7544
3434 0.7544
3435 0.7544
3436 0.7544
3437 0.7544
3438 0.7544
3439 0.7548
3440 0.7552
3441 0.7556
3442 0.7556
3443 0.7556
3444 0.7556
3445 0.7556
3446 0.7556
3447 0.7556
3448 0.7556
3449 0.7556
3450 0.7556
3451 0.7556
3452 0.7556
3453 0.7560
3454 0.7560
3455 0.7560
3456 0.7564
3457 0.7564
3458 0.7564
3459 0.7568
3460 0.7572
3461 0.7576
3462 0.7576
3463 0.7576
3464 0.7576
3465 0.7576
3466 0.7576
3467 0.7576
3468 0.7580
3469 0.7580
3470 0.7580
3471 0.7584
3472 0.7584
3473 0.7584
3474 0.7584
3475 0.7584
3476 0.7584
3477 0.7584
3478 0.7584
3479 0.7584
3480 0.7588
3481 0.7588
3482 0.7588
3483 0.7592
3484 0.7592
3485 0.7596
3486 0.7600
3487 0.7600
3488 0.7600
3489 0.7600
3490 0.7600
3491 0.7600
3492 0.7600
3493 0.7600
3494 0.7600
3495 0.7600
3496 0.7600
3497 0.7600
3498 0.7604
3499 0.7604
3500 0.7608
3501 0.7608
3502 0.7612
3503 0.7616
3504 0.7616
3505 0.7616
3506 0.7616
3507 0.7616
3508 0.7620
3509 0.7620
3510 0.7624
3511 0.7624
3512 0.7624
3513 0.7628
3514 0.7628
3515 0.7628
3516 0.7628
3517 0.7632
3518 0.7632
3519 0.7636
3520 0.7640
3521 0.7640
3522 0.7640
3523 0.7640
3524 0.7644
3525 0.7644
3526 0.7648
3527 0.7648
3528 0.7648
3529 0.7648
3530 0.7648
3531 0.7648
3532 0.7648
3533 0.7648
3534 0.7648
3535 0.7652
3536 0.7652
3537 0.7656
3538 0.7656
3539 0.7656
3540 0.7656
3541 0.7656
3542 0.7656
3543 0.7656
3544 0.7660
3545 0.7660
3546 0.7660
3547 0.7660
3548 0.7660
3549 0.7660
3550 0.7660
3551 0.7660
3552 0.7660
3553 0.7660
3554 0.7660
3555 0.7660
3556 0.7664
3557 0.7664
3558 0.7668
3559 0.7668
3560 0.7668
3561 0.7668
3562 0.7668
3563 0.7668
3564 0.7672
3565 0.7672
3566 0.7672
3567 0.7672
3568 0.7672
3569 0.7672
3570 0.7672
3571 0.7672
3572 0.7672
3573 0.7672
3574 0.7676
3575 0.7676
3576 0.7680
3577 0.7680
3578 0.7684
3579 0.7684
3580 0.7688
3581 0.7688
3582 0.7688
3583 0.7688
3584 0.7688
3585 0.7692
3586 0.7696
3587 0.7700
3588 0.7704
3589 0.7704
3590 0.7704
3591 0.7704
3592 0.7704
3593 0.7708
3594 0.7712
3595 0.7712
3596 0.7712
3597 0.7712
3598 0.7716
3599 0.7716
3600 0.7716
3601 0.7716
3602 0.7716
3603 0.7720
3604 0.7720
3605 0.7720
3606 0.7720
3607 0.7724
3608 0.7724
3609 0.7728
3610 0.7728
3611 0.7732
3612 0.7732
3613 0.7732
3614 0.7732
3615 0.7736
3616 0.7740
3617 0.7740
3618 0.7740
3619 0.7744
3620 0.7744
3621 0.7744
3622 0.7744
3623 0.7744
3624 0.7744
3625 0.7744
3626 0.7744
3627 0.7748
3628 0.7748
3629 0.7748
3630 0.7748
3631 0.7748
3632 0.7748
3633 0.7748
3634 0.7748
3635 0.7748
3636 0.7752
3637 0.7752
3638 0.7752
3639 0.7752
3640 0.7756
3641 0.7760
3642 0.7760
3643 0.7760
3644 0.7760
3645 0.7760
3646 0.7760
3647 0.7760
3648 0.7760
3649 0.7760
3650 0.7760
3651 0.7764
3652 0.7768
3653 0.7768
3654 0.7768
3655 0.7768
3656 0.7768
3657 0.7768
3658 0.7768
3659 0.7768
3660 0.7772
3661 0.7772
3662 0.7776
3663 0.7780
3664 0.7780
3665 0.7780
3666 0.7780
3667 0.7784
3668 0.7784
3669 0.7784
3670 0.7784
3671 0.7788
3672 0.7788
3673 0.7788
3674 0.7788
3675 0.7788
3676 0.7788
3677 0.7788
3678 0.7788
3679 0.7788
3680 0.7788
3681 0.7788
3682 0.7788
3683 0.7788
3684 0.7788
3685 0.7788
3686 0.7788
3687 0.7788
3688 0.7788
3689 0.7792
3690 0.7796
3691 0.7796
3692 0.7796
3693 0.7796
3694 0.7796
3695 0.7800
3696 0.7800
3697 0.7804
3698 0.7808
3699 0.7808
3700 0.7812
3701 0.7816
3702 0.7816
3703 0.7816
3704 0.7816
3705 0.7820
3706 0.7820
3707 0.7820
3708 0.7820
3709 0.7824
3710 0.7824
3711 0.7828
3712 0.7828
3713 0.7828
3714 0.7828
3715 0.7828
3716 0.7828
3717 0.7828
3718 0.7828
3719 0.7832
3720 0.7836
3721 0.7836
3722 0.7836
3723 0.7836
3724 0.7836
3725 0.7836
3726 0.7836
3727 0.7840
3728 0.7840
3729 0.7840
3730 0.7840
3731 0.7844
3732 0.7844
3733 0.7844
3734 0.7844
3735 0.7848
3736 0.7848
3737 0.7848
3738 0.7848
3739 0.7848
3740 0.7848
3741 0.7852
3742 0.7852
3743 0.7852
3744 0.7856
3745 0.7860
3746 0.7860
3747 0.7860
3748 0.7860
3749 0.7860
3750 0.7860
3751 0.7864
3752 0.7864
3753 0.7864
3754 0.7864
3755 0.7868
3756 0.7868
3757 0.7868
3758 0.7868
3759 0.7868
3760 0.7868
3761 0.7868
3762 0.7868
3763 0.7868
3764 0.7868
3765 0.7868
3766 0.7868
3767 0.7872
3768 0.7872
3769 0.7872
3770 0.7876
3771 0.7876
3772 0.7876
3773 0.7876
3774 0.7876
3775 0.7876
3776 0.7880
3777 0.7880
3778 0.7884
3779 0.7884
3780 0.7884
3781 0.7884
3782 0.7884
3783 0.7884
3784 0.7884
3785 0.7884
3786 0.7888
3787 0.7888
3788 0.7888
3789 0.7888
3790 0.7888
3791 0.7892
3792 0.7892
3793 0.7896
3794 0.7900
3795 0.7904
3796 0.7904
3797 0.7904
3798 0.7904
3799 0.7904
3800 0.7904
3801 0.7904
3802 0.7904
3803 0.7904
3804 0.7904
3805 0.7904
3806 0.7904
3807 0.7904
3808 0.7908
3809 0.7908
3810 0.7908
3811 0.7908
3812 0.7908
3813 0.7912
3814 0.7912
3815 0.7912
3816 0.7916
3817 0.7916
3818 0.7920
3819 0.7920
3820 0.7920
3821 0.7920
3822 0.7920
3823 0.7920
3824 0.7920
3825 0.7920
3826 0.7924
3827 0.7928
3828 0.7928
3829 0.7928
3830 0.7928
3831 0.7932
3832 0.7936
3833 0.7936
3834 0.7936
3835 0.7936
3836 0.7936
3837 0.7936
3838 0.7936
3839 0.7940
3840 0.7944
3841 0.7944
3842 0.7944
3843 0.7944
3844 0.7944
3845 0.7944
3846 0.7944
3847 0.7944
3848 0.7944
3849 0.7948
3850 0.7948
3851 0.7952
3852 0.7952
3853 0.7952
3854 0.7952
3855 0.7952
3856 0.7952
3857 0.7952
3858 0.7952
3859 0.7952
3860 0.7952
3861 0.7952
3862 0.7952
3863 0.7952
3864 0.7952
3865 0.7952
3866 0.7952
3867 0.7956
3868 0.7956
3869 0.7960
3870 0.7960
3871 0.7960
3872 0.7964
3873 0.7964
3874 0.7964
3875 0.7964
3876 0.7964
3877 0.7964
3878 0.7964
3879 0.7964
3880 0.7968
3881 0.7968
3882 0.7972
3883 0.7972
3884 0.7972
3885 0.7972
3886 0.7972
3887 0.7972
3888 0.7972
3889 0.7972
3890 0.7972
3891 0.7972
3892 0.7976
3893 0.7976
3894 0.7976
3895 0.7976
3896 0.7976
3897 0.7976
3898 0.7976
3899 0.7976
3900 0.7976
3901 0.7976
3902 0.7976
3903 0.7976
3904 0.7976
3905 0.7980
3906 0.7980
3907 0.7980
3908 0.7980
3909 0.7980
3910 0.7984
3911 0.7984
3912 0.7984
3913 0.7988
3914 0.7988
3915 0.7992
3916 0.7992
3917 0.7992
3918 0.7992
3919 0.7992
3920 0.7992
3921 0.7992
3922 0.7992
3923 0.7992
3924 0.7992
3925 0.7996
3926 0.7996
3927 0.8000
3928 0.8000
3929 0.8004
3930 0.8004
3931 0.8004
3932 0.8004
3933 0.8004
3934 0.8008
3935 0.8012
3936 0.8012
3937 0.8012
3938 0.8012
3939 0.8012
3940 0.8012
3941 0.8012
3942 0.8012
3943 0.8012
3944 0.8012
3945 0.8012
3946 0.8012
3947 0.8012
3948 0.8012
3949 0.8012
3950 0.8012
3951 0.8012
3952 0.8012
3953 0.8012
3954 0.8012
3955 0.8012
3956 0.8012
3957 0.8012
3958 0.8012
3959 0.8012
3960 0.8012
3961 0.8016
3962 0.8016
3963 0.8016
3964 0.8016
3965 0.8016
3966 0.8016
3967 0.8020
3968 0.8020
3969 0.8020
3970 0.8020
3971 0.8020
3972 0.8020
3973 0.8020
3974 0.8024
3975 0.8028
3976 0.8028
3977 0.8028
3978 0.8028
3979 0.8028
3980 0.8032
3981 0.8036
3982 0.8036
3983 0.8040
3984 0.8044
3985 0.8048
3986 0.8052
3987 0.8052
3988 0.8052
3989 0.8052
3990 0.8052
3991 0.8052
3992 0.8056
3993 0.8056
3994 0.8056
3995 0.8056
3996 0.8056
3997 0.8056
3998 0.8056
3999 0.8056
4000 0.8056
4001 0.8056
4002 0.8056
4003 0.8056
4004 0.8060
4005 0.8060
4006 0.8064
4007 0.8064
4008 0.8064
4009 0.8064
4010 0.8064
4011 0.8064
4012 0.8064
4013 0.8064
4014 0.8068
4015 0.8068
4016 0.8072
4017 0.8072
4018 0.8072
4019 0.8072
4020 0.8072
4021 0.8072
4022 0.8072
4023 0.8072
4024 0.8072
4025 0.8072
4026 0.8072
4027 0.8072
4028 0.8072
4029 0.8072
4030 0.8072
4031 0.8072
4032 0.8072
4033 0.8072
4034 0.8076
4035 0.8080
4036 0.8080
4037 0.8080
4038 0.8080
4039 0.8080
4040 0.8080
4041 0.8080
4042 0.8080
4043 0.8080
4044 0.8080
4045 0.8084
4046 0.8084
4047 0.8084
4048 0.8084
4049 0.8084
4050 0.8084
4051 0.8084
4052 0.8088
4053 0.8088
4054 0.8092
4055 0.8092
4056 0.8096
4057 0.8096
4058 0.8100
4059 0.8100
4060 0.8104
4061 0.8104
4062 0.8104
4063 0.8104
4064 0.8108
4065 0.8108
4066 0.8108
4067 0.8108
4068 0.8108
4069 0.8108
4070 0.8108
4071 0.8108
4072 0.8112
4073 0.8112
4074 0.8112
4075 0.8112
4076 0.8112
4077 0.8112
4078 0.8112
4079 0.8112
4080 0.8116
4081 0.8116
4082 0.8116
4083 0.8116
4084 0.8116
4085 0.8116
4086 0.8116
4087 0.8120
4088 0.8120
4089 0.8120
4090 0.8120
4091 0.8120
4092 0.8124
4093 0.8124
4094 0.8124
4095 0.8128
4096 0.8128
4097 0.8132
4098 0.8132
4099 0.8132
4100 0.8132
4101 0.8132
4102 0.8132
4103 0.8132
4104 0.8132
4105 0.8132
4106 0.8132
4107 0.8132
4108 0.8136
4109 0.8136
4110 0.8136
4111 0.8140
4112 0.8144
4113 0.8144
4114 0.8144
4115 0.8144
4116 0.8144
4117 0.8148
4118 0.8148
4119 0.8148
4120 0.8148
4121 0.8148
4122 0.8148
4123 0.8152
4124 0.8152
4125 0.8156
4126 0.8160
4127 0.8160
4128 0.8160
4129 0.8160
4130 0.8160
4131 0.8160
4132 0.8160
4133 0.8160
4134 0.8160
4135 0.8160
4136 0.8160
4137 0.8160
4138 0.8164
4139 0.8164
4140 0.8164
4141 0.8164
4142 0.8164
4143 0.8164
4144 0.8164
4145 0.8164
4146 0.8164
4147 0.8164
4148 0.8164
4149 0.8168
4150 0.8168
4151 0.8168
4152 0.8168
4153 0.8168
4154 0.8172
4155 0.8176
4156 0.8176
4157 0.8176
4158 0.8180
4159 0.8180
4160 0.8184
4161 0.8184
4162 0.8184
4163 0.8184
4164 0.8184
4165 0.8184
4166 0.8184
4167 0.8184
4168 0.8184
4169 0.8184
4170 0.8184
4171 0.8184
4172 0.8184
4173 0.8188
4174 0.8188
4175 0.8188
4176 0.8192
4177 0.8192
4178 0.8196
4179 0.8196
4180 0.8196
4181 0.8196
4182 0.8200
4183 0.8200
4184 0.8200
4185 0.8200
4186 0.8200
4187 0.8200
4188 0.8200
4189 0.8200
4190 0.8200
4191 0.8204
4192 0.8208
4193 0.8212
4194 0.8212
4195 0.8212
4196 0.8212
4197 0.8212
4198 0.8212
4199 0.8212
4200 0.8216
4201 0.8216
4202 0.8216
4203 0.8220
4204 0.8220
4205 0.8220
4206 0.8224
4207 0.8228
4208 0.8228
4209 0.8228
4210 0.8228
4211 0.8228
4212 0.8228
4213 0.8228
4214 0.8228
4215 0.8228
4216 0.8228
4217 0.8228
4218 0.8228
4219 0.8228
4220 0.8228
4221 0.8228
4222 0.8228
4223 0.8228
4224 0.8232
4225 0.8232
4226 0.8232
4227 0.8232
4228 0.8232
4229 0.8232
4230 0.8232
4231 0.8232
4232 0.8232
4233 0.8232
4234 0.8236
4235 0.8236
4236 0.8236
4237 0.8236
4238 0.8236
4239 0.8236
4240 0.8236
4241 0.8236
4242 0.8240
4243 0.8240
4244 0.8244
4245 0.8244
4246 0.8244
4247 0.8244
4248 0.8244
4249 0.8244
4250 0.8244
4251 0.8244
4252 0.8248
4253 0.8248
4254 0.8248
4255 0.8248
4256 0.8252
4257 0.8252
4258 0.8252
4259 0.8252
4260 0.8252
4261 0.8252
4262 0.8252
4263 0.8256
4264 0.8256
4265 0.8256
4266 0.8256
4267 0.8256
4268 0.8256
4269 0.8260
4270 0.8260
4271 0.8260
4272 0.8260
4273 0.8264
4274 0.8264
4275 0.8264
4276 0.8264
4277 0.8264
4278 0.8264
4279 0.8264
4280 0.8264
4281 0.8264
4282 0.8268
4283 0.8268
4284 0.8272
4285 0.8276
4286 0.8276
4287 0.8276
4288 0.8276
4289 0.8276
4290 0.8276
4291 0.8276
4292 0.8276
4293 0.8276
4294 0.8276
4295 0.8276
4296 0.8276
4297 0.8280
4298 0.8280
4299 0.8284
4300 0.8284
4301 0.8284
4302 0.8288
4303 0.8288
4304 0.8292
4305 0.8292
4306 0.8292
4307 0.8292
4308 0.8292
4309 0.8292
4310 0.8292
4311 0.8296
4312 0.8296
4313 0.8300
4314 0.8300
4315 0.8304
4316 0.8304
4317 0.8304
4318 0.8304
4319 0.8308
4320 0.8308
4321 0.8308
4322 0.8308
4323 0.8308
4324 0.8308
4325 0.8308
4326 0.8308
4327 0.8308
4328 0.8308
4329 0.8308
4330 0.8308
4331 0.8312
4332 0.8312
4333 0.8312
4334 0.8312
4335 0.8312
4336 0.8312
4337 0.8312
4338 0.8312
4339 0.8312
4340 0.8312
4341 0.8312
4342 0.8312
4343 0.8312
4344 0.8312
4345 0.8312
4346 0.8312
4347 0.8312
4348 0.8312
4349 0.8316
4350 0.8316
4351 0.8316
4352 0.8316
4353 0.8316
4354 0.8316
4355 0.8316
4356 0.8316
4357 0.8316
4358 0.8316
4359 0.8316
4360 0.8316
4361 0.8316
4362 0.8316
4363 0.8316
4364 0.8316
4365 0.8316
4366 0.8316
4367 0.8316
4368 0.8320
4369 0.8320
4370 0.8320
4371 0.8320
4372 0.8324
4373 0.8328
4374 0.8328
4375 0.8328
4376 0.8328
4377 0.8328
4378 0.8328
4379 0.8328
4380 0.8328
4381 0.8332
4382 0.8332
4383 0.8332
4384 0.8332
4385 0.8332
4386 0.8332
4387 0.8332
4388 0.8332
4389 0.8332
4390 0.8332
4391 0.8332
4392 0.8332
4393 0.8332
4394 0.8332
4395 0.8332
4396 0.8332
4397 0.8332
4398 0.8336
4399 0.8336
4400 0.8336
4401 0.8336
4402 0.8336
4403 0.8336
4404 0.8336
4405 0.8340
4406 0.8340
4407 0.8340
4408 0.8340
4409 0.8340
4410 0.8344
4411 0.8344
4412 0.8344
4413 0.8344
4414 0.8344
4415 0.8344
4416 0.8344
4417 0.8344
4418 0.8348
4419 0.8348
4420 0.8348
4421 0.8348
4422 0.8348
4423 0.8348
4424 0.8352
4425 0.8356
4426 0.8356
4427 0.8360
4428 0.8360
4429 0.8364
4430 0.8364
4431 0.8364
4432 0.8364
4433 0.8364
4434 0.8364
4435 0.8364
4436 0.8364
4437 0.8364
4438 0.8364
4439 0.8364
4440 0.8364
4441 0.8364
4442 0.8364
4443 0.8364
4444 0.8368
4445 0.8372
4446 0.8372
4447 0.8372
4448 0.8372
4449 0.8376
4450 0.8380
4451 0.8380
4452 0.8380
4453 0.8380
4454 0.8380
4455 0.8380
4456 0.8380
4457 0.8380
4458 0.8380
4459 0.8380
4460 0.8384
4461 0.8384
4462 0.8388
4463 0.8388
4464 0.8388
4465 0.8388
4466 0.8392
4467 0.8392
4468 0.8392
4469 0.8396
4470 0.8396
4471 0.8396
4472 0.8400
4473 0.8404
4474 0.8404
4475 0.8404
4476 0.8404
4477 0.8404
4478 0.8404
4479 0.8404
4480 0.8408
4481 0.8412
4482 0.8412
4483 0.8412
4484 0.8412
4485 0.8416
4486 0.8416
4487 0.8416
4488 0.8416
4489 0.8420
4490 0.8420
4491 0.8420
4492 0.8420
4493 0.8420
4494 0.8420
4495 0.8420
4496 0.8420
4497 0.8420
4498 0.8420
4499 0.8420
4500 0.8420
4501 0.8420
4502 0.8420
4503 0.8420
4504 0.8420
4505 0.8424
4506 0.8424
4507 0.8424
4508 0.8424
4509 0.8428
4510 0.8428
4511 0.8428
4512 0.8428
4513 0.8428
4514 0.8428
4515 0.8428
4516 0.8428
4517 0.8428
4518 0.8428
4519 0.8428
4520 0.8428
4521 0.8432
4522 0.8432
4523 0.8432
4524 0.8432
4525 0.8432
4526 0.8432
4527 0.8432
4528 0.8432
4529 0.8436
4530 0.8436
4531 0.8440
4532 0.8440
4533 0.8444
4534 0.8448
4535 0.8448
4536 0.8448
4537 0.8448
4538 0.8448
4539 0.8448
4540 0.8448
4541 0.8448
4542 0.8448
4543 0.8448
4544 0.8448
4545 0.8448
4546 0.8452
4547 0.8452
4548 0.8452
4549 0.8452
4550 0.8452
4551 0.8452
4552 0.8452
4553 0.8452
4554 0.8452
4555 0.8452
4556 0.8456
4557 0.8456
4558 0.8456
4559 0.8456
4560 0.8456
4561 0.8460
4562 0.8460
4563 0.8460
4564 0.8460
4565 0.8460
4566 0.8460
4567 0.8460
4568 0.8460
4569 0.8460
4570 0.8460
4571 0.8460
4572 0.8460
4573 0.8460
4574 0.8460
4575 0.8464
4576 0.8464
4577 0.8464
4578 0.8468
4579 0.8468
4580 0.8472
4581 0.8472
4582 0.8472
4583 0.8472
4584 0.8472
4585 0.8476
4586 0.8476
4587 0.8476
4588 0.8476
4589 0.8476
4590 0.8476
4591 0.8476
4592 0.8476
4593 0.8480
4594 0.8480
4595 0.8484
4596 0.8488
4597 0.8488
4598 0.8488
4599 0.8488
4600 0.8488
4601 0.8488
4602 0.8488
4603 0.8488
4604 0.8488
4605 0.8488
4606 0.8492
4607 0.8496
4608 0.8496
4609 0.8496
4610 0.8496
4611 0.8496
4612 0.8496
4613 0.8496
4614 0.8496
4615 0.8500
4616 0.8500
4617 0.8500
4618 0.8500
4619 0.8500
4620 0.8504
4621 0.8504
4622 0.8504
4623 0.8504
4624 0.8504
4625 0.8508
4626 0.8508
4627 0.8508
4628 0.8508
4629 0.8508
4630 0.8508
4631 0.8508
4632 0.8508
4633 0.8508
4634 0.8508
4635 0.8508
4636 0.8512
4637 0.8512
4638 0.8512
4639 0.8512
4640 0.8512
4641 0.8512
4642 0.8512
4643 0.8512
4644 0.8516
4645 0.8516
4646 0.8516
4647 0.8516
4648 0.8516
4649 0.8516
4650 0.8516
4651 0.8516
4652 0.8516
4653 0.8520
4654 0.8520
4655 0.8520
4656 0.8520
4657 0.8524
4658 0.8528
4659 0.8528
4660 0.8528
4661 0.8528
4662 0.8532
4663 0.8536
4664 0.8540
4665 0.8544
4666 0.8544
4667 0.8544
4668 0.8544
4669 0.8548
4670 0.8548
4671 0.8552
4672 0.8552
4673 0.8552
4674 0.8552
4675 0.8552
4676 0.8552
4677 0.8552
4678 0.8552
4679 0.8552
4680 0.8552
4681 0.8556
4682 0.8556
4683 0.8556
4684 0.8556
4685 0.8556
4686 0.8556
4687 0.8556
4688 0.8556
4689 0.8556
4690 0.8556
4691 0.8556
4692 0.8556
4693 0.8560
4694 0.8560
4695 0.8560
4696 0.8560
4697 0.8560
4698 0.8564
4699 0.8564
4700 0.8564
4701 0.8564
4702 0.8564
4703 0.8564
4704 0.8564
4705 0.8564
4706 0.8564
4707 0.8564
4708 0.8564
4709 0.8564
4710 0.8568
4711 0.8568
4712 0.8568
4713 0.8572
4714 0.8572
4715 0.8576
4716 0.8576
4717 0.8576
4718 0.8576
4719 0.8580
4720 0.8580
4721 0.8580
4722 0.8580
4723 0.8584
4724 0.8584
4725 0.8584
4726 0.8584
4727 0.8584
4728 0.8588
4729 0.8588
4730 0.8588
4731 0.8588
4732 0.8588
4733 0.8588
4734 0.8588
4735 0.8588
4736 0.8588
4737 0.8588
4738 0.8588
4739 0.8588
4740 0.8592
4741 0.8592
4742 0.8596
4743 0.8600
4744 0.8600
4745 0.8604
4746 0.8604
4747 0.8604
4748 0.8604
4749 0.8604
4750 0.8608
4751 0.8608
4752 0.8608
4753 0.8608
4754 0.8608
4755 0.8608
4756 0.8608
4757 0.8612
4758 0.8612
4759 0.8612
4760 0.8616
4761 0.8616
4762 0.8620
4763 0.8624
4764 0.8624
4765 0.8628
4766 0.8628
4767 0.8628
4768 0.8632
4769 0.8632
4770 0.8632
4771 0.8636
4772 0.8636
4773 0.8636
4774 0.8640
4775 0.8644
4776 0.8644
4777 0.8644
4778 0.8644
4779 0.8648
4780 0.8648
4781 0.8648
4782 0.8648
4783 0.8648
4784 0.8648
4785 0.8648
4786 0.8648
4787 0.8652
4788 0.8652
4789 0.8652
4790 0.8652
4791 0.8652
4792 0.8652
4793 0.8652
4794 0.8652
4795 0.8652
4796 0.8652
4797 0.8652
4798 0.8652
4799 0.8652
4800 0.8652
4801 0.8652
4802 0.8652
4803 0.8656
4804 0.8656
4805 0.8656
4806 0.8660
4807 0.8660
4808 0.8660
4809 0.8660
4810 0.8660
4811 0.8660
4812 0.8660
4813 0.8660
4814 0.8660
4815 0.8660
4816 0.8660
4817 0.8664
4818 0.8668
4819 0.8672
4820 0.8672
4821 0.8672
4822 0.8672
4823 0.8672
4824 0.8672
4825 0.8672
4826 0.8672
4827 0.8676
4828 0.8676
4829 0.8676
4830 0.8676
4831 0.8676
4832 0.8676
4833 0.8676
4834 0.8680
4835 0.8680
4836 0.8680
4837 0.8680
4838 0.8684
4839 0.8688
4840 0.8688
4841 0.8688
4842 0.8688
4843 0.8688
4844 0.8688
4845 0.8688
4846 0.8688
4847 0.8688
4848 0.8688
4849 0.8692
4850 0.8692
4851 0.8696
4852 0.8696
4853 0.8700
4854 0.8700
4855 0.8700
4856 0.8700
4857 0.8700
4858 0.8700
4859 0.8700
4860 0.8700
4861 0.8700
4862 0.8700
4863 0.8700
4864 0.8700
4865 0.8700
4866 0.8700
4867 0.8700
4868 0.8700
4869 0.8700
4870 0.8700
4871 0.8700
4872 0.8700
4873 0.8700
4874 0.8700
4875 0.8700
4876 0.8700
4877 0.8700
4878 0.8700
4879 0.8704
4880 0.8704
4881 0.8704
4882 0.8704
4883 0.8704
4884 0.8708
4885 0.8708
4886 0.8712
4887 0.8712
4888 0.8712
4889 0.8712
4890 0.8712
4891 0.8712
4892 0.8712
4893 0.8716
4894 0.8716
4895 0.8716
4896 0.8720
4897 0.8720
4898 0.8720
4899 0.8724
4900 0.8724
4901 0.8728
4902 0.8728
4903 0.8728
4904 0.8728
4905 0.8728
4906 0.8728
4907 0.8732
4908 0.8732
4909 0.8732
4910 0.8732
4911 0.8732
4912 0.8732
4913 0.8732
4914 0.8736
4915 0.8736
4916 0.8740
4917 0.8740
4918 0.8744
4919 0.8744
4920 0.8744
4921 0.8744
4922 0.8744
4923 0.8744
4924 0.8744
4925 0.8744
4926 0.8748
4927 0.8748
4928 0.8748
4929 0.8748
4930 0.8748
4931 0.8748
4932 0.8748
4933 0.8748
4934 0.8748
4935 0.8748
4936 0.8748
4937 0.8748
4938 0.8748
4939 0.8748
4940 0.8748
4941 0.8748
4942 0.8748
4943 0.8752
4944 0.8756
4945 0.8756
4946 0.8756
4947 0.8756
4948 0.8756
4949 0.8756
4950 0.8756
4951 0.8756
4952 0.8756
4953 0.8756
4954 0.8756
4955 0.8756
4956 0.8756
4957 0.8756
4958 0.8756
4959 0.8760
4960 0.8760
4961 0.8764
4962 0.8764
4963 0.8764
4964 0.8764
4965 0.8768
4966 0.8768
4967 0.8768
4968 0.8768
4969 0.8768
4970 0.8772
4971 0.8772
4972 0.8772
4973 0.8772
4974 0.8772
4975 0.8772
4976 0.8772
4977 0.8772
4978 0.8772
4979 0.8772
4980 0.8772
4981 0.8772
4982 0.8772
4983 0.8772
4984 0.8772
4985 0.8772
4986 0.8772
4987 0.8772
4988 0.8772
4989 0.8772
4990 0.8772
4991 0.8772
4992 0.8772
4993 0.8772
4994 0.8772
4995 0.8772
4996 0.8772
4997 0.8772
4998 0.8772
4999 0.8772
5000 0.8772
5001 0.8772
5002 0.8772
5003 0.8772
5004 0.8772
5005 0.8776
5006 0.8776
5007 0.8776
5008 0.8780
5009 0.8780
5010 0.8784
5011 0.8784
5012 0.8784
5013 0.8784
5014 0.8784
5015 0.8788
5016 0.8788
5017 0.8792
5018 0.8792
5019 0.8792
5020 0.8796
5021 0.8796
5022 0.8796
5023 0.8796
5024 0.8796
5025 0.8796
5026 0.8796
5027 0.8796
5028 0.8796
5029 0.8796
5030 0.8796
5031 0.8800
5032 0.8800
5033 0.8800
5034 0.8804
5035 0.8804
5036 0.8804
5037 0.8804
5038 0.8804
5039 0.8804
5040 0.8804
5041 0.8808
5042 0.8808
5043 0.8808
5044 0.8808
5045 0.8808
5046 0.8808
5047 0.8808
5048 0.8808
5049 0.8808
5050 0.8812
5051 0.8812
5052 0.8812
5053 0.8812
5054 0.8812
5055 0.8812
5056 0.8812
5057 0.8812
5058 0.8812
5059 0.8812
5060 0.8812
5061 0.8812
5062 0.8812
5063 0.8812
5064 0.8816
5065 0.8820
5066 0.8820
5067 0.8820
5068 0.8820
5069 0.8820
5070 0.8820
5071 0.8820
5072 0.8820
5073 0.8820
5074 0.8820
5075 0.8820
5076 0.8820
5077 0.8824
5078 0.8828
5079 0.8828
5080 0.8828
5081 0.8828
5082 0.8828
5083 0.8828
5084 0.8828
5085 0.8832
5086 0.8832
5087 0.8832
5088 0.8832
5089 0.8832
5090 0.8832
5091 0.8832
5092 0.8832
5093 0.8836
5094 0.8836
5095 0.8840
5096 0.8840
5097 0.8844
5098 0.8844
5099 0.8844
5100 0.8844
5101 0.8848
5102 0.8848
5103 0.8848
5104 0.8848
5105 0.8848
5106 0.8848
5107 0.8848
5108 0.8848
5109 0.8848
5110 0.8848
5111 0.8848
5112 0.8848
5113 0.8848
5114 0.8848
5115 0.8848
5116 0.8848
5117 0.8848
5118 0.8848
5119 0.8852
5120 0.8852
5121 0.8852
5122 0.8852
5123 0.8852
5124 0.8852
5125 0.8852
5126 0.8856
5127 0.8860
5128 0.8860
5129 0.8860
5130 0.8860
5131 0.8860
5132 0.8860
5133 0.8864
5134 0.8864
5135 0.8864
5136 0.8864
5137 0.8864
5138 0.8864
5139 0.8864
5140 0.8864
5141 0.8864
5142 0.8864
5143 0.8868
5144 0.8868
5145 0.8868
5146 0.8868
5147 0.8868
5148 0.8868
5149 0.8868
5150 0.8868
5151 0.8868
5152 0.8868
5153 0.8868
5154 0.8868
5155 0.8868
5156 0.8872
5157 0.8876
5158 0.8876
5159 0.8876
5160 0.8876
5161 0.8876
5162 0.8876
5163 0.8876
5164 0.8876
5165 0.8876
5166 0.8876
5167 0.8876
5168 0.8876
5169 0.8876
5170 0.8876
5171 0.8876
5172 0.8876
5173 0.8876
5174 0.8876
5175 0.8876
5176 0.8876
5177 0.8876
5178 0.8880
5179 0.8880
5180 0.8880
5181 0.8884
5182 0.8884
5183 0.8884
5184 0.8884
5185 0.8884
5186 0.8884
5187 0.8884
5188 0.8884
5189 0.8884
5190 0.8884
5191 0.8888
5192 0.8888
5193 0.8888
5194 0.8888
5195 0.8888
5196 0.8888
5197 0.8888
5198 0.8888
5199 0.8888
5200 0.8892
5201 0.8892
5202 0.8892
5203 0.8892
5204 0.8892
5205 0.8892
5206 0.8892
5207 0.8892
5208 0.8892
5209 0.8892
5210 0.8892
5211 0.8892
5212 0.8892
5213 0.8892
5214 0.8892
5215 0.8892
5216 0.8892
5217 0.8896
5218 0.8896
5219 0.8896
5220 0.8896
5221 0.8896
5222 0.8896
5223 0.8900
5224 0.8900
5225 0.8900
5226 0.8900
5227 0.8900
5228 0.8900
5229 0.8900
5230 0.8900
5231 0.8900
5232 0.8900
5233 0.8900
5234 0.8900
5235 0.8900
5236 0.8900
5237 0.8900
5238 0.8900
5239 0.8900
5240 0.8900
5241 0.8900
5242 0.8900
5243 0.8900
5244 0.8900
5245 0.8904
5246 0.8904
5247 0.8904
5248 0.8904
5249 0.8908
5250 0.8912
5251 0.8912
5252 0.8912
5253 0.8912
5254 0.8916
5255 0.8916
5256 0.8916
5257 0.8916
5258 0.8916
5259 0.8916
5260 0.8920
5261 0.8924
5262 0.8924
5263 0.8924
5264 0.8924
5265 0.8924
5266 0.8924
5267 0.8924
5268 0.8924
5269 0.8924
5270 0.8924
5271 0.8924
5272 0.8924
5273 0.8924
5274 0.8924
5275 0.8924
5276 0.8924
5277 0.8924
5278 0.8924
5279 0.8924
5280 0.8924
5281 0.8924
5282 0.8924
5283 0.8924
5284 0.8924
5285 0.8924
5286 0.8924
5287 0.8928
5288 0.8928
5289 0.8928
5290 0.8928
5291 0.8928
5292 0.8928
5293 0.8928
5294 0.8928
5295 0.8928
5296 0.8928
5297 0.8928
5298 0.8928
5299 0.8928
5300 0.8928
5301 0.8928
5302 0.8928
5303 0.8928
5304 0.8928
5305 0.8928
5306 0.8928
5307 0.8928
5308 0.8928
5309 0.8928
5310 0.8928
5311 0.8928
5312 0.8928
5313 0.8928
5314 0.8928
5315 0.8928
5316 0.8928
5317 0.8928
5318 0.8928
5319 0.8928
5320 0.8928
5321 0.8928
5322 0.8928
5323 0.8928
5324 0.8932
5325 0.8932
5326 0.8932
5327 0.8932
5328 0.8936
5329 0.8936
5330 0.8936
5331 0.8936
5332 0.8936
5333 0.8936
5334 0.8936
5335 0.8936
5336 0.8936
5337 0.8936
5338 0.8936
5339 0.8936
5340 0.8936
5341 0.8936
5342 0.8936
5343 0.8936
5344 0.8936
5345 0.8936
5346 0.8940
5347 0.8940
5348 0.8944
5349 0.8944
5350 0.8944
5351 0.8944
5352 0.8944
5353 0.8944
5354 0.8944
5355 0.8944
5356 0.8944
5357 0.8944
5358 0.8944
5359 0.8944
5360 0.8948
5361 0.8948
5362 0.8948
5363 0.8948
5364 0.8948
5365 0.8952
5366 0.8952
5367 0.8952
5368 0.8952
5369 0.8952
5370 0.8952
5371 0.8952
5372 0.8956
5373 0.8956
5374 0.8956
5375 0.8956
5376 0.8960
5377 0.8964
5378 0.8964
5379 0.8964
5380 0.8964
5381 0.8964
5382 0.8964
5383 0.8964
5384 0.8964
5385 0.8964
5386 0.8964
5387 0.8964
5388 0.8964
5389 0.8968
5390 0.8968
5391 0.8968
5392 0.8968
5393 0.8968
5394 0.8968
5395 0.8968
5396 0.8968
5397 0.8968
5398 0.8968
5399 0.8968
5400 0.8968
5401 0.8968
5402 0.8968
5403 0.8972
5404 0.8972
5405 0.8972
5406 0.8972
5407 0.8972
5408 0.8972
5409 0.8972
5410 0.8972
5411 0.8976
5412 0.8976
5413 0.8976
5414 0.8980
5415 0.8980
5416 0.8980
5417 0.8980
5418 0.8980
5419 0.8980
5420 0.8980
5421 0.8980
5422 0.8980
5423 0.8980
5424 0.8980
5425 0.8984
5426 0.8984
5427 0.8984
5428 0.8984
5429 0.8984
5430 0.8984
5431 0.8988
5432 0.8988
5433 0.8988
5434 0.8988
5435 0.8988
5436 0.8988
5437 0.8988
5438 0.8988
5439 0.8988
5440 0.8988
5441 0.8988
5442 0.8988
5443 0.8988
5444 0.8988
5445 0.8988
5446 0.8988
5447 0.8988
5448 0.8988
5449 0.8988
5450 0.8988
5451 0.8992
5452 0.8996
5453 0.8996
5454 0.8996
5455 0.8996
5456 0.8996
5457 0.8996
5458 0.8996
5459 0.8996
5460 0.9000
5461 0.9000
5462 0.9000
5463 0.9000
5464 0.9000
5465 0.9000
5466 0.9000
5467 0.9004
5468 0.9004
5469 0.9004
5470 0.9004
5471 0.9004
5472 0.9004
5473 0.9004
5474 0.9004
5475 0.9004
5476 0.9004
5477 0.9004
5478 0.9004
5479 0.9004
5480 0.9004
5481 0.9004
5482 0.9004
5483 0.9004
5484 0.9004
5485 0.9004
5486 0.9004
5487 0.9004
5488 0.9004
5489 0.9004
5490 0.9004
5491 0.9004
5492 0.9004
5493 0.9004
5494 0.9004
5495 0.9008
5496 0.9012
5497 0.9012
5498 0.9012
5499 0.9016
5500 0.9016
5501 0.9016
5502 0.9016
5503 0.9016
5504 0.9016
5505 0.9016
5506 0.9016
5507 0.9016
5508 0.9016
5509 0.9016
5510 0.9016
5511 0.9016
5512 0.9016
5513 0.9016
5514 0.9016
5515 0.9016
5516 0.9016
5517 0.9016
5518 0.9016
5519 0.9016
5520 0.9016
5521 0.9016
5522 0.9016
5523 0.9016
5524 0.9016
5525 0.9016
5526 0.9016
5527 0.9016
5528 0.9016
5529 0.9016
5530 0.9016
5531 0.9020
5532 0.9020
5533 0.9020
5534 0.9020
5535 0.9020
5536 0.9020
5537 0.9020
5538 0.9020
5539 0.9020
5540 0.9020
5541 0.9020
5542 0.9020
5543 0.9020
5544 0.9020
5545 0.9020
5546 0.9020
5547 0.9020
5548 0.9020
5549 0.9020
5550 0.9020
5551 0.9020
5552 0.9020
5553 0.9020
5554 0.9020
5555 0.9020
5556 0.9020
5557 0.9020
5558 0.9020
5559 0.9020
5560 0.9020
5561 0.9020
5562 0.9024
5563 0.9024
5564 0.9024
5565 0.9024
5566 0.9024
5567 0.9024
5568 0.9028
5569 0.9032
5570 0.9032
5571 0.9032
5572 0.9032
5573 0.9032
5574 0.9036
5575 0.9036
5576 0.9040
5577 0.9040
5578 0.9040
5579 0.9040
5580 0.9044
5581 0.9044
5582 0.9044
5583 0.9044
5584 0.9044
5585 0.9044
5586 0.9044
5587 0.9044
5588 0.9044
5589 0.9044
5590 0.9044
5591 0.9048
5592 0.9048
5593 0.9048
5594 0.9048
5595 0.9048
5596 0.9048
5597 0.9052
5598 0.9052
5599 0.9052
5600 0.9052
5601 0.9052
5602 0.9052
5603 0.9052
5604 0.9052
5605 0.9052
5606 0.9052
5607 0.9052
5608 0.9052
5609 0.9052
5610 0.9056
5611 0.9056
5612 0.9056
5613 0.9056
5614 0.9056
5615 0.9056
5616 0.9056
5617 0.9056
5618 0.9056
5619 0.9056
5620 0.9056
5621 0.9056
5622 0.9056
5623 0.9056
5624 0.9056
5625 0.9056
5626 0.9056
5627 0.9056
5628 0.9056
5629 0.9056
5630 0.9056
5631 0.9060
5632 0.9060
5633 0.9060
5634 0.9060
5635 0.9060
5636 0.9060
5637 0.9060
5638 0.9060
5639 0.9060
5640 0.9060
5641 0.9060
5642 0.9060
5643 0.9064
5644 0.9064
5645 0.9064
5646 0.9064
5647 0.9064
5648 0.9064
5649 0.9068
5650 0.9068
5651 0.9068
5652 0.9068
5653 0.9068
5654 0.9068
5655 0.9068
5656 0.9068
5657 0.9068
5658 0.9068
5659 0.9068
5660 0.9072
5661 0.9072
5662 0.9072
5663 0.9072
5664 0.9072
5665 0.9072
5666 0.9072
5667 0.9072
5668 0.9072
5669 0.9072
5670 0.9072
5671 0.9072
5672 0.9072
5673 0.9072
5674 0.9072
5675 0.9072
5676 0.9072
5677 0.9072
5678 0.9072
5679 0.9072
5680 0.9072
5681 0.9072
5682 0.9072
5683 0.9072
5684 0.9072
5685 0.9072
5686 0.9072
5687 0.9076
5688 0.9076
5689 0.9076
5690 0.9076
5691 0.9076
5692 0.9076
5693 0.9076
5694 0.9076
5695 0.9076
5696 0.9076
5697 0.9076
5698 0.9076
5699 0.9076
5700 0.9076
5701 0.9076
5702 0.9076
5703 0.9076
5704 0.9076
5705 0.9080
5706 0.9080
5707 0.9080
5708 0.9080
5709 0.9084
5710 0.9084
5711 0.9084
5712 0.9084
5713 0.9084
5714 0.9084
5715 0.9084
5716 0.9084
5717 0.9084
5718 0.9084
5719 0.9084
5720 0.9084
5721 0.9084
5722 0.9084
5723 0.9084
5724 0.9084
5725 0.9084
5726 0.9084
5727 0.9084
5728 0.9084
5729 0.9084
5730 0.9084
5731 0.9084
5732 0.9084
5733 0.9084
5734 0.9084
5735 0.9084
5736 0.9084
5737 0.9084
5738 0.9084
5739 0.9084
5740 0.9084
5741 0.9088
5742 0.9088
5743 0.9092
5744 0.9092
5745 0.9092
5746 0.9096
5747 0.9096
5748 0.9096
5749 0.9096
5750 0.9096
5751 0.9096
5752 0.9100
5753 0.9100
5754 0.9104
5755 0.9104
5756 0.9104
5757 0.9104
5758 0.9104
5759 0.9104
5760 0.9104
5761 0.9104
5762 0.9104
5763 0.9104
5764 0.9104
5765 0.9108
5766 0.9108
5767 0.9108
5768 0.9112
5769 0.9112
5770 0.9112
5771 0.9112
5772 0.9112
5773 0.9112
5774 0.9112
5775 0.9112
5776 0.9112
5777 0.9112
5778 0.9112
5779 0.9112
5780 0.9112
5781 0.9112
5782 0.9112
5783 0.9112
5784 0.9116
5785 0.9116
5786 0.9116
5787 0.9116
5788 0.9116
5789 0.9116
5790 0.9116
5791 0.9116
5792 0.9116
5793 0.9116
5794 0.9116
5795 0.9116
5796 0.9116
5797 0.9116
5798 0.9116
5799 0.9116
5800 0.9116
5801 0.9116
5802 0.9116
5803 0.9116
5804 0.9116
5805 0.9116
5806 0.9116
5807 0.9116
5808 0.9116
5809 0.9116
5810 0.9116
5811 0.9116
5812 0.9116
5813 0.9116
5814 0.9116
5815 0.9116
5816 0.9116
5817 0.9116
5818 0.9116
5819 0.9116
5820 0.9116
5821 0.9116
5822 0.9120
5823 0.9120
5824 0.9120
5825 0.9120
5826 0.9120
5827 0.9120
5828 0.9120
5829 0.9120
5830 0.9120
5831 0.9120
5832 0.9120
5833 0.9120
5834 0.9120
5835 0.9120
5836 0.9120
5837 0.9120
5838 0.9124
5839 0.9128
5840 0.9128
5841 0.9128
5842 0.9128
5843 0.9128
5844 0.9128
5845 0.9132
5846 0.9132
5847 0.9132
5848 0.9132
5849 0.9132
5850 0.9132
5851 0.9132
5852 0.9136
5853 0.9136
5854 0.9136
5855 0.9136
5856 0.9136
5857 0.9136
5858 0.9136
5859 0.9136
5860 0.9136
5861 0.9136
5862 0.9136
5863 0.9136
5864 0.9136
5865 0.9136
5866 0.9136
5867 0.9136
5868 0.9136
5869 0.9136
5870 0.9136
5871 0.9136
5872 0.9136
5873 0.9136
5874 0.9136
5875 0.9136
5876 0.9136
5877 0.9136
5878 0.9136
5879 0.9136
5880 0.9136
5881 0.9136
5882 0.9136
5883 0.9136
5884 0.9136
5885 0.9136
5886 0.9136
5887 0.9136
5888 0.9136
5889 0.9136
5890 0.9136
5891 0.9136
5892 0.9136
5893 0.9136
5894 0.9136
5895 0.9136
5896 0.9136
5897 0.9140
5898 0.9140
5899 0.9144
5900 0.9144
5901 0.9144
5902 0.9144
5903 0.9144
5904 0.9144
5905 0.9144
5906 0.9144
5907 0.9144
5908 0.9144
5909 0.9144
5910 0.9144
5911 0.9144
5912 0.9144
5913 0.9144
5914 0.9148
5915 0.9148
5916 0.9148
5917 0.9148
5918 0.9148
5919 0.9148
5920 0.9148
5921 0.9152
5922 0.9156
5923 0.9160
5924 0.9160
5925 0.9160
5926 0.9160
5927 0.9160
5928 0.9164
5929 0.9164
5930 0.9164
5931 0.9164
5932 0.9164
5933 0.9164
5934 0.9164
5935 0.9168
5936 0.9168
5937 0.9168
5938 0.9168
5939 0.9168
5940 0.9168
5941 0.9168
5942 0.9168
5943 0.9168
5944 0.9168
5945 0.9168
5946 0.9172
5947 0.9172
5948 0.9172
5949 0.9172
5950 0.9172
5951 0.9172
5952 0.9172
5953 0.9172
5954 0.9172
5955 0.9172
5956 0.9172
5957 0.9172
5958 0.9172
5959 0.9172
5960 0.9172
5961 0.9172
5962 0.9172
5963 0.9172
5964 0.9172
5965 0.9172
5966 0.9172
5967 0.9172
5968 0.9172
5969 0.9172
5970 0.9172
5971 0.9172
5972 0.9176
5973 0.9176
5974 0.9176
5975 0.9176
5976 0.9180
5977 0.9180
5978 0.9184
5979 0.9184
5980 0.9184
5981 0.9184
5982 0.9184
5983 0.9184
5984 0.9184
5985 0.9184
5986 0.9184
5987 0.9184
5988 0.9184
5989 0.9184
5990 0.9184
5991 0.9188
5992 0.9188
5993 0.9188
5994 0.9188
5995 0.9188
5996 0.9192
5997 0.9192
5998 0.9192
5999 0.9192
6000 0.9192
6001 0.9192
6002 0.9192
6003 0.9192
6004 0.9192
6005 0.9192
6006 0.9196
6007 0.9196
6008 0.9196
6009 0.9196
6010 0.9196
6011 0.9196
6012 0.9196
6013 0.9200
6014 0.9200
6015 0.9200
6016 0.9200
6017 0.9200
6018 0.9200
6019 0.9200
6020 0.9200
6021 0.9200
6022 0.9200
6023 0.9200
6024 0.9200
6025 0.9200
6026 0.9200
6027 0.9200
6028 0.9200
6029 0.9200
6030 0.9200
6031 0.9200
6032 0.9200
6033 0.9200
6034 0.9200
6035 0.9200
6036 0.9200
6037 0.9200
6038 0.9204
6039 0.9204
6040 0.9204
6041 0.9204
6042 0.9204
6043 0.9204
6044 0.9204
6045 0.9204
6046 0.9204
6047 0.9204
6048 0.9204
6049 0.9204
6050 0.9204
6051 0.9204
6052 0.9208
6053 0.9212
6054 0.9212
6055 0.9212
6056 0.9212
6057 0.9212
6058 0.9212
6059 0.9212
6060 0.9212
6061 0.9212
6062 0.9212
6063 0.9212
6064 0.9212
6065 0.9212
6066 0.9212
6067 0.9212
6068 0.9212
6069 0.9212
6070 0.9212
6071 0.9212
6072 0.9212
6073 0.9212
6074 0.9212
6075 0.9212
6076 0.9212
6077 0.9212
6078 0.9212
6079 0.9212
6080 0.9212
6081 0.9212
6082 0.9212
6083 0.9212
6084 0.9212
6085 0.9212
6086 0.9212
6087 0.9212
6088 0.9212
6089 0.9212
6090 0.9212
6091 0.9212
6092 0.9212
6093 0.9212
6094 0.9212
6095 0.9212
6096 0.9212
6097 0.9212
6098 0.9212
6099 0.9212
6100 0.9212
6101 0.9212
6102 0.9212
6103 0.9212
6104 0.9212
6105 0.9212
6106 0.9212
6107 0.9212
6108 0.9212
6109 0.9212
6110 0.9212
6111 0.9212
6112 0.9212
6113 0.9212
6114 0.9212
6115 0.9212
6116 0.9212
6117 0.9212
6118 0.9212
6119 0.9212
6120 0.9212
6121 0.9216
6122 0.9216
6123 0.9216
6124 0.9220
6125 0.9224
6126 0.9224
6127 0.9224
6128 0.9224
6129 0.9224
6130 0.9224
6131 0.9224
6132 0.9224
6133 0.9224
6134 0.9224
6135 0.9224
6136 0.9224
6137 0.9224
6138 0.9228
6139 0.9228
6140 0.9228
6141 0.9228
6142 0.9228
6143 0.9228
6144 0.9228
6145 0.9228
6146 0.9228
6147 0.9228
6148 0.9228
6149 0.9228
6150 0.9228
6151 0.9228
6152 0.9228
6153 0.9228
6154 0.9228
6155 0.9228
6156 0.9228
6157 0.9228
6158 0.9228
6159 0.9228
6160 0.9228
6161 0.9228
6162 0.9228
6163 0.9228
6164 0.9228
6165 0.9228
6166 0.9228
6167 0.9228
6168 0.9232
6169 0.9232
6170 0.9232
6171 0.9232
6172 0.9232
6173 0.9236
6174 0.9236
6175 0.9236
6176 0.9236
6177 0.9236
6178 0.9236
6179 0.9236
6180 0.9236
6181 0.9236
6182 0.9236
6183 0.9236
6184 0.9236
6185 0.9236
6186 0.9236
6187 0.9236
6188 0.9236
6189 0.9236
6190 0.9236
6191 0.9236
6192 0.9236
6193 0.9236
6194 0.9236
6195 0.9236
6196 0.9236
6197 0.9236
6198 0.9236
6199 0.9236
6200 0.9236
6201 0.9236
6202 0.9236
6203 0.9236
6204 0.9236
6205 0.9236
6206 0.9236
6207 0.9236
6208 0.9236
6209 0.9236
6210 0.9236
6211 0.9236
6212 0.9236
6213 0.9236
6214 0.9236
6215 0.9236
6216 0.9236
6217 0.9236
6218 0.9236
6219 0.9236
6220 0.9236
6221 0.9236
6222 0.9236
6223 0.9236
6224 0.9236
6225 0.9236
6226 0.9236
6227 0.9236
6228 0.9236
6229 0.9240
6230 0.9240
6231 0.9240
6232 0.9240
6233 0.9240
6234 0.9240
6235 0.9244
6236 0.9244
6237 0.9244
6238 0.9244
6239 0.9244
6240 0.9244
6241 0.9244
6242 0.9244
6243 0.9244
6244 0.9244
6245 0.9244
6246 0.9244
6247 0.9244
6248 0.9244
6249 0.9244
6250 0.9248
6251 0.9248
6252 0.9248
6253 0.9248
6254 0.9252
6255 0.9252
6256 0.9252
6257 0.9252
6258 0.9252
6259 0.9252
6260 0.9252
6261 0.9252
6262 0.9252
6263 0.9252
6264 0.9252
6265 0.9252
6266 0.9252
6267 0.9252
6268 0.9256
6269 0.9256
6270 0.9256
6271 0.9256
6272 0.9256
6273 0.9256
6274 0.9256
6275 0.9260
6276 0.9264
6277 0.9264
6278 0.9264
6279 0.9264
6280 0.9264
6281 0.9264
6282 0.9264
6283 0.9264
6284 0.9264
6285 0.9264
6286 0.9264
6287 0.9264
6288 0.9264
6289 0.9264
6290 0.9264
6291 0.9264
6292 0.9264
6293 0.9264
6294 0.9264
6295 0.9264
6296 0.9264
6297 0.9264
6298 0.9264
6299 0.9264
6300 0.9264
6301 0.9264
6302 0.9264
6303 0.9264
6304 0.9264
6305 0.9264
6306 0.9264
6307 0.9264
6308 0.9264
6309 0.9264
6310 0.9264
6311 0.9264
6312 0.9264
6313 0.9264
6314 0.9264
6315 0.9264
6316 0.9264
6317 0.9264
6318 0.9264
6319 0.9264
6320 0.9264
6321 0.9264
6322 0.9264
6323 0.9264
6324 0.9264
6325 0.9264
6326 0.9264
6327 0.9264
6328 0.9264
6329 0.9264
6330 0.9264
6331 0.9264
6332 0.9264
6333 0.9264
6334 0.9264
6335 0.9264
6336 0.9264
6337 0.9264
6338 0.9264
6339 0.9268
6340 0.9268
6341 0.9268
6342 0.9268
6343 0.9268
6344 0.9268
6345 0.9268
6346 0.9268
6347 0.9268
6348 0.9268
6349 0.9268
6350 0.9268
6351 0.9268
6352 0.9272
6353 0.9272
6354 0.9272
6355 0.9272
6356 0.9272
6357 0.9272
6358 0.9272
6359 0.9272
6360 0.9272
6361 0.9272
6362 0.9272
6363 0.9272
6364 0.9272
6365 0.9272
6366 0.9276
6367 0.9276
6368 0.9276
6369 0.9276
6370 0.9276
6371 0.9276
6372 0.9276
6373 0.9276
6374 0.9276
6375 0.9276
6376 0.9276
6377 0.9276
6378 0.9276
6379 0.9276
6380 0.9276
6381 0.9276
6382 0.9276
6383 0.9276
6384 0.9276
6385 0.9276
6386 0.9276
6387 0.9276
6388 0.9276
6389 0.9276
6390 0.9276
6391 0.9276
6392 0.9276
6393 0.9276
6394 0.9276
6395 0.9276
6396 0.9276
6397 0.9276
6398 0.9276
6399 0.9276
6400 0.9276
6401 0.9276
6402 0.9276
6403 0.9276
6404 0.9276
6405 0.9276
6406 0.9276
6407 0.9276
6408 0.9276
6409 0.9276
6410 0.9276
6411 0.9276
6412 0.9276
6413 0.9276
6414 0.9276
6415 0.9276
6416 0.9276
6417 0.9276
6418 0.9276
6419 0.9276
6420 0.9276
6421 0.9276
6422 0.9276
6423 0.9276
6424 0.9276
6425 0.9276
6426 0.9276
6427 0.9276
6428 0.9276
6429 0.9276
6430 0.9276
6431 0.9276
6432 0.9276
6433 0.9276
6434 0.9276
6435 0.9276
6436 0.9276
6437 0.9276
6438 0.9276
6439 0.9276
6440 0.9276
6441 0.9276
6442 0.9276
6443 0.9276
6444 0.9276
6445 0.9280
6446 0.9280
6447 0.9280
6448 0.9280
6449 0.9280
6450 0.9280
6451 0.9280
6452 0.9280
6453 0.9280
6454 0.9280
6455 0.9284
6456 0.9284
6457 0.9284
6458 0.9284
6459 0.9284
6460 0.9284
6461 0.9284
6462 0.9284
6463 0.9284
6464 0.9284
6465 0.9284
6466 0.9284
6467 0.9284
6468 0.9284
6469 0.9284
6470 0.9284
6471 0.9284
6472 0.9284
6473 0.9284
6474 0.9284
6475 0.9284
6476 0.9284
6477 0.9284
6478 0.9284
6479 0.9284
6480 0.9284
6481 0.9284
6482 0.9284
6483 0.9284
6484 0.9284
6485 0.9284
6486 0.9284
6487 0.9284
6488 0.9284
6489 0.9284
6490 0.9284
6491 0.9284
6492 0.9284
6493 0.9284
6494 0.9288
6495 0.9288
6496 0.9288
6497 0.9292
6498 0.9292
6499 0.9292
6500 0.9292
6501 0.9292
6502 0.9292
6503 0.9292
6504 0.9292
6505 0.9292
6506 0.9292
6507 0.9292
6508 0.9292
6509 0.9292
6510 0.9292
6511 0.9292
6512 0.9292
6513 0.9292
6514 0.9292
6515 0.9292
6516 0.9292
6517 0.9292
6518 0.9292
6519 0.9296
6520 0.9296
6521 0.9296
6522 0.9296
6523 0.9296
6524 0.9296
6525 0.9296
6526 0.9296
6527 0.9296
6528 0.9296
6529 0.9296
6530 0.9296
6531 0.9296
6532 0.9296
6533 0.9296
6534 0.9296
6535 0.9296
6536 0.9296
6537 0.9296
6538 0.9296
6539 0.9296
6540 0.9300
6541 0.9300
6542 0.9300
6543 0.9300
6544 0.9300
6545 0.9300
6546 0.9300
6547 0.9300
6548 0.9300
6549 0.9300
6550 0.9300
6551 0.9300
6552 0.9300
6553 0.9300
6554 0.9304
6555 0.9304
6556 0.9304
6557 0.9304
6558 0.9304
6559 0.9304
6560 0.9304
6561 0.9304
6562 0.9304
6563 0.9304
6564 0.9304
6565 0.9308
6566 0.9308
6567 0.9308
6568 0.9308
6569 0.9308
6570 0.9308
6571 0.9308
6572 0.9308
6573 0.9312
6574 0.9316
6575 0.9316
6576 0.9316
6577 0.9316
6578 0.9316
6579 0.9316
6580 0.9316
6581 0.9316
6582 0.9316
6583 0.9316
6584 0.9316
6585 0.9316
6586 0.9316
6587 0.9316
6588 0.9316
6589 0.9316
6590 0.9316
6591 0.9316
6592 0.9316
6593 0.9316
6594 0.9316
6595 0.9316
6596 0.9316
6597 0.9320
6598 0.9320
6599 0.9320
6600 0.9320
6601 0.9320
6602 0.9320
6603 0.9320
6604 0.9324
6605 0.9324
6606 0.9324
6607 0.9324
6608 0.9324
6609 0.9324
6610 0.9324
6611 0.9324
6612 0.9324
6613 0.9324
6614 0.9324
6615 0.9324
6616 0.9324
6617 0.9328
6618 0.9328
6619 0.9328
6620 0.9332
6621 0.9332
6622 0.9332
6623 0.9332
6624 0.9332
6625 0.9332
6626 0.9332
6627 0.9332
6628 0.9332
6629 0.9332
6630 0.9332
6631 0.9332
6632 0.9332
6633 0.9332
6634 0.9332
6635 0.9332
6636 0.9332
6637 0.9332
6638 0.9332
6639 0.9332
6640 0.9332
6641 0.9332
6642 0.9332
6643 0.9332
6644 0.9332
6645 0.9332
6646 0.9332
6647 0.9336
6648 0.9336
6649 0.9336
6650 0.9336
6651 0.9336
6652 0.9336
6653 0.9336
6654 0.9336
6655 0.9336
6656 0.9336
6657 0.9336
6658 0.9336
6659 0.9336
6660 0.9336
6661 0.9336
6662 0.9336
6663 0.9336
6664 0.9336
6665 0.9340
6666 0.9340
6667 0.9344
6668 0.9344
6669 0.9344
6670 0.9344
6671 0.9344
6672 0.9344
6673 0.9344
6674 0.9348
6675 0.9352
6676 0.9352
6677 0.9352
6678 0.9352
6679 0.9352
6680 0.9352
6681 0.9352
6682 0.9352
6683 0.9352
6684 0.9352
6685 0.9356
6686 0.9356
6687 0.9360
6688 0.9360
6689 0.9360
6690 0.9360
6691 0.9360
6692 0.9360
6693 0.9360
6694 0.9360
6695 0.9360
6696 0.9360
6697 0.9360
6698 0.9360
6699 0.9360
6700 0.9360
6701 0.9360
6702 0.9360
6703 0.9364
6704 0.9364
6705 0.9364
6706 0.9368
6707 0.9368
6708 0.9368
6709 0.9368
6710 0.9368
6711 0.9368
6712 0.9368
6713 0.9372
6714 0.9372
6715 0.9372
6716 0.9372
6717 0.9372
6718 0.9372
6719 0.9372
6720 0.9372
6721 0.9372
6722 0.9372
6723 0.9372
6724 0.9372
6725 0.9372
6726 0.9372
6727 0.9372
6728 0.9372
6729 0.9372
6730 0.9372
6731 0.9372
6732 0.9372
6733 0.9372
6734 0.9372
6735 0.9372
6736 0.9372
6737 0.9372
6738 0.9372
6739 0.9372
6740 0.9372
6741 0.9372
6742 0.9372
6743 0.9372
6744 0.9372
6745 0.9372
6746 0.9372
6747 0.9372
6748 0.9372
6749 0.9372
6750 0.9372
6751 0.9372
6752 0.9372
6753 0.9376
6754 0.9376
6755 0.9376
6756 0.9376
6757 0.9376
6758 0.9376
6759 0.9376
6760 0.9376
6761 0.9376
6762 0.9376
6763 0.9376
6764 0.9376
6765 0.9376
6766 0.9376
6767 0.9376
6768 0.9376
6769 0.9376
6770 0.9376
6771 0.9376
6772 0.9376
6773 0.9376
6774 0.9376
6775 0.9376
6776 0.9376
6777 0.9376
6778 0.9380
6779 0.9380
6780 0.9380
6781 0.9380
6782 0.9380
6783 0.9380
6784 0.9380
6785 0.9380
6786 0.9380
6787 0.9380
6788 0.9380
6789 0.9380
6790 0.9384
6791 0.9384
6792 0.9384
6793 0.9384
6794 0.9384
6795 0.9384
6796 0.9384
6797 0.9384
6798 0.9384
6799 0.9384
6800 0.9384
6801 0.9384
6802 0.9384
6803 0.9384
6804 0.9384
6805 0.9384
6806 0.9384
6807 0.9384
6808 0.9384
6809 0.9384
6810 0.9384
6811 0.9384
6812 0.9384
6813 0.9384
6814 0.9384
6815 0.9384
6816 0.9384
6817 0.9384
6818 0.9384
6819 0.9384
6820 0.9384
6821 0.9384
6822 0.9384
6823 0.9384
6824 0.9384
6825 0.9384
6826 0.9384
6827 0.9384
6828 0.9384
6829 0.9384
6830 0.9384
6831 0.9384
6832 0.9384
6833 0.9384
6834 0.9384
6835 0.9384
6836 0.9384
6837 0.9384
6838 0.9384
6839 0.9384
6840 0.9384
6841 0.9384
6842 0.9384
6843 0.9384
6844 0.9384
6845 0.9384
6846 0.9384
6847 0.9384
6848 0.9384
6849 0.9384
6850 0.9384
6851 0.9384
6852 0.9384
6853 0.9384
6854 0.9384
6855 0.9384
6856 0.9384
6857 0.9388
6858 0.9388
6859 0.9388
6860 0.9388
6861 0.9388
6862 0.9388
6863 0.9392
6864 0.9392
6865 0.9392
6866 0.9392
6867 0.9392
6868 0.9392
6869 0.9392
6870 0.9392
6871 0.9392
6872 0.9392
6873 0.9392
6874 0.9392
6875 0.9392
6876 0.9392
6877 0.9392
6878 0.9392
6879 0.9392
6880 0.9392
6881 0.9392
6882 0.9392
6883 0.9392
6884 0.9392
6885 0.9392
6886 0.9396
6887 0.9396
6888 0.9396
6889 0.9396
6890 0.9396
6891 0.9396
6892 0.9396
6893 0.9396
6894 0.9396
6895 0.9396
6896 0.9396
6897 0.9396
6898 0.9400
6899 0.9400
6900 0.9400
6901 0.9400
6902 0.9400
6903 0.9400
6904 0.9404
6905 0.9404
6906 0.9404
6907 0.9404
6908 0.9408
6909 0.9408
6910 0.9408
6911 0.9408
6912 0.9408
6913 0.9408
6914 0.9408
6915 0.9408
6916 0.9408
6917 0.9408
6918 0.9412
6919 0.9412
6920 0.9412
6921 0.9412
6922 0.9412
6923 0.9412
6924 0.9412
6925 0.9416
6926 0.9416
6927 0.9420
6928 0.9420
6929 0.9420
6930 0.9420
6931 0.9420
6932 0.9420
6933 0.9424
6934 0.9424
6935 0.9424
6936 0.9424
6937 0.9424
6938 0.9424
6939 0.9424
6940 0.9424
6941 0.9424
6942 0.9424
6943 0.9424
6944 0.9424
6945 0.9424
6946 0.9424
6947 0.9424
6948 0.9424
6949 0.9424
6950 0.9424
6951 0.9424
6952 0.9424
6953 0.9424
6954 0.9424
6955 0.9424
6956 0.9424
6957 0.9424
6958 0.9428
6959 0.9428
6960 0.9428
6961 0.9432
6962 0.9432
6963 0.9432
6964 0.9432
6965 0.9432
6966 0.9432
6967 0.9432
6968 0.9432
6969 0.9432
6970 0.9432
6971 0.9432
6972 0.9432
6973 0.9432
6974 0.9432
6975 0.9432
6976 0.9432
6977 0.9432
6978 0.9432
6979 0.9432
6980 0.9432
6981 0.9432
6982 0.9432
6983 0.9432
6984 0.9432
6985 0.9432
6986 0.9432
6987 0.9432
6988 0.9432
6989 0.9432
6990 0.9432
6991 0.9432
6992 0.9432
6993 0.9432
6994 0.9432
6995 0.9432
6996 0.9432
6997 0.9432
6998 0.9432
6999 0.9432
7000 0.9432
7001 0.9432
7002 0.9432
7003 0.9432
7004 0.9432
7005 0.9432
7006 0.9432
7007 0.9432
7008 0.9432
7009 0.9436
7010 0.9436
7011 0.9436
7012 0.9436
7013 0.9436
7014 0.9436
7015 0.9436
7016 0.9436
7017 0.9436
7018 0.9436
7019 0.9436
7020 0.9436
7021 0.9436
7022 0.9436
7023 0.9436
7024 0.9436
7025 0.9436
7026 0.9436
7027 0.9436
7028 0.9436
7029 0.9436
7030 0.9436
7031 0.9436
7032 0.9436
7033 0.9436
7034 0.9436
7035 0.9436
7036 0.9436
7037 0.9436
7038 0.9436
7039 0.9436
7040 0.9436
7041 0.9436
7042 0.9436
7043 0.9436
7044 0.9436
7045 0.9436
7046 0.9436
7047 0.9436
7048 0.9436
7049 0.9436
7050 0.9436
7051 0.9436
7052 0.9436
7053 0.9436
7054 0.9436
7055 0.9436
7056 0.9440
7057 0.9440
7058 0.9440
7059 0.9440
7060 0.9440
7061 0.9440
7062 0.9440
7063 0.9440
7064 0.9440
7065 0.9440
7066 0.9440
7067 0.9440
7068 0.9440
7069 0.9444
7070 0.9448
7071 0.9448
7072 0.9448
7073 0.9452
7074 0.9452
7075 0.9452
7076 0.9452
7077 0.9452
7078 0.9452
7079 0.9452
7080 0.9452
7081 0.9452
7082 0.9452
7083 0.9452
7084 0.9452
7085 0.9452
7086 0.9452
7087 0.9452
7088 0.9452
7089 0.9452
7090 0.9452
7091 0.9452
7092 0.9452
7093 0.9456
7094 0.9456
7095 0.9456
7096 0.9456
7097 0.9456
7098 0.9456
7099 0.9456
7100 0.9460
7101 0.9460
7102 0.9460
7103 0.9460
7104 0.9460
7105 0.9460
7106 0.9460
7107 0.9460
7108 0.9460
7109 0.9460
7110 0.9460
7111 0.9460
7112 0.9460
7113 0.9460
7114 0.9460
7115 0.9460
7116 0.9460
7117 0.9460
7118 0.9460
7119 0.9464
7120 0.9464
7121 0.9464
7122 0.9464
7123 0.9464
7124 0.9464
7125 0.9464
7126 0.9464
7127 0.9464
7128 0.9468
7129 0.9468
7130 0.9468
7131 0.9468
7132 0.9468
7133 0.9468
7134 0.9468
7135 0.9468
7136 0.9468
7137 0.9468
7138 0.9472
7139 0.9472
7140 0.9472
7141 0.9472
7142 0.9472
7143 0.9472
7144 0.9472
7145 0.9472
7146 0.9472
7147 0.9472
7148 0.9472
7149 0.9472
7150 0.9472
7151 0.9472
7152 0.9472
7153 0.9476
7154 0.9476
7155 0.9476
7156 0.9476
7157 0.9476
7158 0.9476
7159 0.9476
7160 0.9476
7161 0.9476
7162 0.9476
7163 0.9476
7164 0.9476
7165 0.9476
7166 0.9476
7167 0.9476
7168 0.9476
7169 0.9476
7170 0.9476
7171 0.9476
7172 0.9476
7173 0.9476
7174 0.9476
7175 0.9476
7176 0.9476
7177 0.9476
7178 0.9476
7179 0.9480
7180 0.9480
7181 0.9480
7182 0.9480
7183 0.9480
7184 0.9480
7185 0.9480
7186 0.9480
7187 0.9480
7188 0.9480
7189 0.9484
7190 0.9484
7191 0.9484
7192 0.9484
7193 0.9484
7194 0.9484
7195 0.9484
7196 0.9484
7197 0.9484
7198 0.9484
7199 0.9488
7200 0.9488
7201 0.9488
7202 0.9488
7203 0.9488
7204 0.9488
7205 0.9488
7206 0.9488
7207 0.9488
7208 0.9492
7209 0.9492
7210 0.9492
7211 0.9492
7212 0.9492
7213 0.9492
7214 0.9492
7215 0.9492
7216 0.9492
7217 0.9492
7218 0.9492
7219 0.9492
7220 0.9492
7221 0.9492
7222 0.9492
7223 0.9492
7224 0.9492
7225 0.9492
7226 0.9492
7227 0.9492
7228 0.9492
7229 0.9492
7230 0.9496
7231 0.9496
7232 0.9496
7233 0.9496
7234 0.9496
7235 0.9496
7236 0.9496
7237 0.9496
7238 0.9496
7239 0.9496
7240 0.9496
7241 0.9500
7242 0.9500
7243 0.9500
7244 0.9500
7245 0.9500
7246 0.9500
7247 0.9500
7248 0.9500
7249 0.9504
7250 0.9504
7251 0.9504
7252 0.9504
7253 0.9504
7254 0.9504
7255 0.9504
7256 0.9504
7257 0.9504
7258 0.9504
7259 0.9504
7260 0.9504
7261 0.9504
7262 0.9504
7263 0.9504
7264 0.9504
7265 0.9504
7266 0.9504
7267 0.9504
7268 0.9504
7269 0.9504
7270 0.9504
7271 0.9504
7272 0.9504
7273 0.9504
7274 0.9504
7275 0.9504
7276 0.9504
7277 0.9504
7278 0.9504
7279 0.9504
7280 0.9504
7281 0.9504
7282 0.9504
7283 0.9504
7284 0.9508
7285 0.9508
7286 0.9508
7287 0.9508
7288 0.9508
7289 0.9508
7290 0.9508
7291 0.9508
7292 0.9508
7293 0.9508
7294 0.9508
7295 0.9508
7296 0.9508
7297 0.9508
7298 0.9508
7299 0.9508
7300 0.9508
7301 0.9508
7302 0.9508
7303 0.9508
7304 0.9512
7305 0.9512
7306 0.9512
7307 0.9512
7308 0.9512
7309 0.9512
7310 0.9512
7311 0.9512
7312 0.9512
7313 0.9512
7314 0.9512
7315 0.9512
7316 0.9512
7317 0.9512
7318 0.9512
7319 0.9512
7320 0.9516
7321 0.9516
7322 0.9516
7323 0.9516
7324 0.9516
7325 0.9516
7326 0.9516
7327 0.9520
7328 0.9520
7329 0.9520
7330 0.9520
7331 0.9520
7332 0.9520
7333 0.9520
7334 0.9520
7335 0.9520
7336 0.9520
7337 0.9520
7338 0.9520
7339 0.9520
7340 0.9520
7341 0.9520
7342 0.9520
7343 0.9520
7344 0.9520
7345 0.9520
7346 0.9520
7347 0.9520
7348 0.9520
7349 0.9520
7350 0.9520
7351 0.9520
7352 0.9520
7353 0.9520
7354 0.9520
7355 0.9520
7356 0.9520
7357 0.9520
7358 0.9520
7359 0.9520
7360 0.9520
7361 0.9520
7362 0.9520
7363 0.9520
7364 0.9520
7365 0.9520
7366 0.9520
7367 0.9520
7368 0.9520
7369 0.9520
7370 0.9520
7371 0.9520
7372 0.9520
7373 0.9520
7374 0.9520
7375 0.9524
7376 0.9524
7377 0.9524
7378 0.9528
7379 0.9528
7380 0.9528
7381 0.9528
7382 0.9528
7383 0.9528
7384 0.9528
7385 0.9528
7386 0.9528
7387 0.9528
7388 0.9528
7389 0.9528
7390 0.9528
7391 0.9528
7392 0.9528
7393 0.9528
7394 0.9528
7395 0.9528
7396 0.9528
7397 0.9528
7398 0.9528
7399 0.9528
7400 0.9528
7401 0.9528
7402 0.9528
7403 0.9532
7404 0.9532
7405 0.9532
7406 0.9532
7407 0.9532
7408 0.9532
7409 0.9532
7410 0.9532
7411 0.9532
7412 0.9532
7413 0.9532
7414 0.9532
7415 0.9536
7416 0.9536
7417 0.9536
7418 0.9536
7419 0.9536
7420 0.9536
7421 0.9536
7422 0.9536
7423 0.9536
7424 0.9536
7425 0.9536
7426 0.9536
7427 0.9536
7428 0.9536
7429 0.9536
7430 0.9536
7431 0.9536
7432 0.9536
7433 0.9536
7434 0.9536
7435 0.9536
7436 0.9536
7437 0.9536
7438 0.9536
7439 0.9536
7440 0.9536
7441 0.9536
7442 0.9536
7443 0.9536
7444 0.9536
7445 0.9536
7446 0.9536
7447 0.9540
7448 0.9540
7449 0.9540
7450 0.9540
7451 0.9540
7452 0.9540
7453 0.9540
7454 0.9540
7455 0.9544
7456 0.9544
7457 0.9544
7458 0.9544
7459 0.9544
7460 0.9544
7461 0.9544
7462 0.9544
7463 0.9544
7464 0.9544
7465 0.9544
7466 0.9544
7467 0.9544
7468 0.9544
7469 0.9544
7470 0.9544
7471 0.9544
7472 0.9544
7473 0.9544
7474 0.9544
7475 0.9544
7476 0.9544
7477 0.9544
7478 0.9544
7479 0.9544
7480 0.9544
7481 0.9548
7482 0.9548
7483 0.9548
7484 0.9548
7485 0.9548
7486 0.9548
7487 0.9548
7488 0.9548
7489 0.9548
7490 0.9548
7491 0.9548
7492 0.9548
7493 0.9548
7494 0.9548
7495 0.9548
7496 0.9548
7497 0.9548
7498 0.9548
7499 0.9548
7500 0.9548
7501 0.9548
7502 0.9548
7503 0.9552
7504 0.9552
7505 0.9552
7506 0.9552
7507 0.9552
7508 0.9552
7509 0.9556
7510 0.9556
7511 0.9556
7512 0.9556
7513 0.9556
7514 0.9556
7515 0.9556
7516 0.9556
7517 0.9556
7518 0.9556
7519 0.9556
7520 0.9556
7521 0.9556
7522 0.9556
7523 0.9556
7524 0.9556
7525 0.9556
7526 0.9556
7527 0.9556
7528 0.9556
7529 0.9556
7530 0.9556
7531 0.9556
7532 0.9556
7533 0.9556
7534 0.9556
7535 0.9556
7536 0.9556
7537 0.9556
7538 0.9556
7539 0.9556
7540 0.9556
7541 0.9556
7542 0.9556
7543 0.9556
7544 0.9556
7545 0.9556
7546 0.9556
7547 0.9556
7548 0.9556
7549 0.9556
7550 0.9556
7551 0.9556
7552 0.9556
7553 0.9556
7554 0.9556
7555 0.9556
7556 0.9556
7557 0.9556
7558 0.9556
7559 0.9560
7560 0.9564
7561 0.9564
7562 0.9564
7563 0.9564
7564 0.9564
7565 0.9564
7566 0.9564
7567 0.9564
7568 0.9564
7569 0.9564
7570 0.9564
7571 0.9564
7572 0.9564
7573 0.9568
7574 0.9568
7575 0.9568
7576 0.9568
7577 0.9568
7578 0.9568
7579 0.9572
7580 0.9572
7581 0.9572
7582 0.9572
7583 0.9572
7584 0.9572
7585 0.9572
7586 0.9572
7587 0.9572
7588 0.9572
7589 0.9572
7590 0.9572
7591 0.9572
7592 0.9572
7593 0.9572
7594 0.9572
7595 0.9572
7596 0.9572
7597 0.9572
7598 0.9572
7599 0.9572
7600 0.9572
7601 0.9572
7602 0.9572
7603 0.9572
7604 0.9572
7605 0.9572
7606 0.9572
7607 0.9572
7608 0.9572
7609 0.9572
7610 0.9572
7611 0.9572
7612 0.9572
7613 0.9572
7614 0.9572
7615 0.9572
7616 0.9572
7617 0.9572
7618 0.9572
7619 0.9572
7620 0.9572
7621 0.9572
7622 0.9572
7623 0.9572
7624 0.9572
7625 0.9572
7626 0.9572
7627 0.9572
7628 0.9572
7629 0.9572
7630 0.9572
7631 0.9576
7632 0.9576
7633 0.9576
7634 0.9576
7635 0.9576
7636 0.9576
7637 0.9576
7638 0.9576
7639 0.9580
7640 0.9580
7641 0.9580
7642 0.9580
7643 0.9580
7644 0.9580
7645 0.9580
7646 0.9580
7647 0.9580
7648 0.9580
7649 0.9580
7650 0.9580
7651 0.9580
7652 0.9580
7653 0.9580
7654 0.9580
7655 0.9580
7656 0.9580
7657 0.9580
7658 0.9580
7659 0.9580
7660 0.9580
7661 0.9580
7662 0.9580
7663 0.9580
7664 0.9580
7665 0.9580
7666 0.9580
7667 0.9580
7668 0.9580
7669 0.9580
7670 0.9580
7671 0.9580
7672 0.9580
7673 0.9580
7674 0.9580
7675 0.9580
7676 0.9580
7677 0.9580
7678 0.9580
7679 0.9580
7680 0.9580
7681 0.9580
7682 0.9580
7683 0.9580
7684 0.9580
7685 0.9580
7686 0.9580
7687 0.9580
7688 0.9580
7689 0.9580
7690 0.9580
7691 0.9580
7692 0.9580
7693 0.9580
7694 0.9580
7695 0.9580
7696 0.9580
7697 0.9580
7698 0.9580
7699 0.9580
7700 0.9580
7701 0.9580
7702 0.9584
7703 0.9584
7704 0.9584
7705 0.9584
7706 0.9584
7707 0.9584
7708 0.9584
7709 0.9584
7710 0.9584
7711 0.9584
7712 0.9584
7713 0.9584
7714 0.9584
7715 0.9584
7716 0.9584
7717 0.9584
7718 0.9584
7719 0.9584
7720 0.9584
7721 0.9584
7722 0.9584
7723 0.9584
7724 0.9584
7725 0.9584
7726 0.9584
7727 0.9584
7728 0.9588
7729 0.9588
7730 0.9588
7731 0.9588
7732 0.9592
7733 0.9592
7734 0.9592
7735 0.9592
7736 0.9592
7737 0.9592
7738 0.9592
7739 0.9592
7740 0.9592
7741 0.9592
7742 0.9596
7743 0.9596
7744 0.9596
7745 0.9596
7746 0.9596
7747 0.9596
7748 0.9596
7749 0.9596
7750 0.9596
7751 0.9596
7752 0.9596
7753 0.9596
7754 0.9596
7755 0.9596
7756 0.9596
7757 0.9596
7758 0.9596
7759 0.9596
7760 0.9600
7761 0.9600
7762 0.9600
7763 0.9600
7764 0.9600
7765 0.9600
7766 0.9600
7767 0.9600
7768 0.9600
7769 0.9600
7770 0.9600
7771 0.9604
7772 0.9604
7773 0.9604
7774 0.9604
7775 0.9604
7776 0.9604
7777 0.9604
7778 0.9604
7779 0.9604
7780 0.9604
7781 0.9604
7782 0.9604
7783 0.9604
7784 0.9604
7785 0.9604
7786 0.9604
7787 0.9604
7788 0.9604
7789 0.9604
7790 0.9604
7791 0.9604
7792 0.9604
7793 0.9608
7794 0.9608
7795 0.9608
7796 0.9608
7797 0.9608
7798 0.9608
7799 0.9608
7800 0.9608
7801 0.9608
7802 0.9608
7803 0.9608
7804 0.9608
7805 0.9608
7806 0.9608
7807 0.9608
7808 0.9608
7809 0.9608
7810 0.9608
7811 0.9608
7812 0.9608
7813 0.9608
7814 0.9608
7815 0.9608
7816 0.9608
7817 0.9608
7818 0.9608
7819 0.9608
7820 0.9608
7821 0.9608
7822 0.9608
7823 0.9608
7824 0.9612
7825 0.9612
7826 0.9612
7827 0.9612
7828 0.9612
7829 0.9612
7830 0.9612
7831 0.9612
7832 0.9612
7833 0.9612
7834 0.9612
7835 0.9612
7836 0.9612
7837 0.9612
7838 0.9612
7839 0.9612
7840 0.9612
7841 0.9612
7842 0.9612
7843 0.9612
7844 0.9612
7845 0.9612
7846 0.9612
7847 0.9612
7848 0.9612
7849 0.9612
7850 0.9612
7851 0.9612
7852 0.9612
7853 0.9612
7854 0.9616
7855 0.9616
7856 0.9616
7857 0.9616
7858 0.9616
7859 0.9616
7860 0.9616
7861 0.9616
7862 0.9616
7863 0.9616
7864 0.9616
7865 0.9616
7866 0.9616
7867 0.9616
7868 0.9616
7869 0.9616
7870 0.9616
7871 0.9616
7872 0.9616
7873 0.9616
7874 0.9616
7875 0.9616
7876 0.9616
7877 0.9616
7878 0.9616
7879 0.9616
7880 0.9616
7881 0.9616
7882 0.9616
7883 0.9616
7884 0.9616
7885 0.9616
7886 0.9616
7887 0.9616
7888 0.9616
7889 0.9616
7890 0.9616
7891 0.9616
7892 0.9616
7893 0.9616
7894 0.9616
7895 0.9616
7896 0.9616
7897 0.9616
7898 0.9616
7899 0.9616
7900 0.9616
7901 0.9616
7902 0.9616
7903 0.9616
7904 0.9616
7905 0.9616
7906 0.9620
7907 0.9620
7908 0.9620
7909 0.9620
7910 0.9620
7911 0.9620
7912 0.9620
7913 0.9620
7914 0.9620
7915 0.9620
7916 0.9620
7917 0.9620
7918 0.9620
7919 0.9620
7920 0.9620
7921 0.9620
7922 0.9620
7923 0.9620
7924 0.9620
7925 0.9620
7926 0.9620
7927 0.9620
7928 0.9620
7929 0.9620
7930 0.9620
7931 0.9620
7932 0.9620
7933 0.9620
7934 0.9620
7935 0.9624
7936 0.9624
7937 0.9624
7938 0.9624
7939 0.9624
7940 0.9624
7941 0.9628
7942 0.9628
7943 0.9628
7944 0.9628
7945 0.9632
7946 0.9632
7947 0.9632
7948 0.9632
7949 0.9632
7950 0.9632
7951 0.9632
7952 0.9632
7953 0.9632
7954 0.9632
7955 0.9632
7956 0.9632
7957 0.9632
7958 0.9632
7959 0.9632
7960 0.9632
7961 0.9632
7962 0.9632
7963 0.9632
7964 0.9632
7965 0.9632
7966 0.9632
7967 0.9632
7968 0.9632
7969 0.9632
7970 0.9632
7971 0.9632
7972 0.9632
7973 0.9632
7974 0.9632
7975 0.9632
7976 0.9632
7977 0.9632
7978 0.9632
7979 0.9632
7980 0.9632
7981 0.9632
7982 0.9632
7983 0.9632
7984 0.9632
7985 0.9632
7986 0.9632
7987 0.9632
7988 0.9632
7989 0.9636
7990 0.9636
7991 0.9636
7992 0.9636
7993 0.9636
7994 0.9636
7995 0.9636
7996 0.9636
7997 0.9636
7998 0.9636
7999 0.9636
8000 0.9636
8001 0.9636
8002 0.9636
8003 0.9636
8004 0.9636
8005 0.9636
8006 0.9636
8007 0.9636
8008 0.9636
8009 0.9636
8010 0.9640
8011 0.9640
8012 0.9640
8013 0.9640
8014 0.9640
8015 0.9640
8016 0.9640
8017 0.9644
8018 0.9644
8019 0.9644
8020 0.9644
8021 0.9644
8022 0.9644
8023 0.9644
8024 0.9644
8025 0.9644
8026 0.9644
8027 0.9644
8028 0.9644
8029 0.9644
8030 0.9644
8031 0.9644
8032 0.9644
8033 0.9644
8034 0.9644
8035 0.9644
8036 0.9644
8037 0.9644
8038 0.9644
8039 0.9644
8040 0.9644
8041 0.9644
8042 0.9648
8043 0.9648
8044 0.9648
8045 0.9648
8046 0.9648
8047 0.9648
8048 0.9648
8049 0.9648
8050 0.9648
8051 0.9648
8052 0.9648
8053 0.9652
8054 0.9652
8055 0.9652
8056 0.9652
8057 0.9652
8058 0.9652
8059 0.9652
8060 0.9652
8061 0.9652
8062 0.9652
8063 0.9652
8064 0.9652
8065 0.9652
8066 0.9652
8067 0.9652
8068 0.9652
8069 0.9652
8070 0.9652
8071 0.9652
8072 0.9652
8073 0.9652
8074 0.9652
8075 0.9652
8076 0.9652
8077 0.9652
8078 0.9652
8079 0.9656
8080 0.9656
8081 0.9656
8082 0.9656
8083 0.9656
8084 0.9656
8085 0.9656
8086 0.9656
8087 0.9656
8088 0.9656
8089 0.9656
8090 0.9656
8091 0.9656
8092 0.9656
8093 0.9656
8094 0.9656
8095 0.9656
8096 0.9660
8097 0.9660
8098 0.9660
8099 0.9660
8100 0.9660
8101 0.9660
8102 0.9660
8103 0.9660
8104 0.9660
8105 0.9660
8106 0.9660
8107 0.9664
8108 0.9664
8109 0.9664
8110 0.9664
8111 0.9664
8112 0.9664
8113 0.9664
8114 0.9664
8115 0.9664
8116 0.9664
8117 0.9668
8118 0.9668
8119 0.9668
8120 0.9668
8121 0.9668
8122 0.9668
8123 0.9668
8124 0.9668
8125 0.9668
8126 0.9668
8127 0.9668
8128 0.9668
8129 0.9668
8130 0.9668
8131 0.9668
8132 0.9668
8133 0.9668
8134 0.9668
8135 0.9668
8136 0.9668
8137 0.9668
8138 0.9668
8139 0.9668
8140 0.9668
8141 0.9668
8142 0.9668
8143 0.9668
8144 0.9668
8145 0.9668
8146 0.9668
8147 0.9672
8148 0.9672
8149 0.9672
8150 0.9672
8151 0.9672
8152 0.9672
8153 0.9672
8154 0.9672
8155 0.9672
8156 0.9672
8157 0.9672
8158 0.9672
8159 0.9672
8160 0.9672
8161 0.9672
8162 0.9672
8163 0.9672
8164 0.9672
8165 0.9672
8166 0.9672
8167 0.9672
8168 0.9672
8169 0.9672
8170 0.9672
8171 0.9672
8172 0.9672
8173 0.9672
8174 0.9672
8175 0.9676
8176 0.9676
8177 0.9676
8178 0.9676
8179 0.9676
8180 0.9676
8181 0.9676
8182 0.9676
8183 0.9676
8184 0.9676
8185 0.9676
8186 0.9676
8187 0.9676
8188 0.9680
8189 0.9680
8190 0.9680
8191 0.9680
8192 0.9680
8193 0.9684
8194 0.9684
8195 0.9684
8196 0.9684
8197 0.9684
8198 0.9684
8199 0.9688
8200 0.9692
8201 0.9692
8202 0.9692
8203 0.9692
8204 0.9692
8205 0.9692
8206 0.9692
8207 0.9692
8208 0.9692
8209 0.9692
8210 0.9692
8211 0.9692
8212 0.9692
8213 0.9692
8214 0.9692
8215 0.9692
8216 0.9692
8217 0.9692
8218 0.9692
8219 0.9692
8220 0.9692
8221 0.9692
8222 0.9692
8223 0.9692
8224 0.9692
8225 0.9692
8226 0.9692
8227 0.9692
8228 0.9692
8229 0.9692
8230 0.9692
8231 0.9692
8232 0.9692
8233 0.9692
8234 0.9692
8235 0.9692
8236 0.9692
8237 0.9692
8238 0.9692
8239 0.9692
8240 0.9692
8241 0.9692
8242 0.9692
8243 0.9692
8244 0.9692
8245 0.9692
8246 0.9692
8247 0.9692
8248 0.9692
8249 0.9692
8250 0.9692
8251 0.9692
8252 0.9692
8253 0.9692
8254 0.9692
8255 0.9692
8256 0.9692
8257 0.9692
8258 0.9692
8259 0.9692
8260 0.9692
8261 0.9692
8262 0.9692
8263 0.9692
8264 0.9692
8265 0.9692
8266 0.9692
8267 0.9696
8268 0.9696
8269 0.9696
8270 0.9696
8271 0.9696
8272 0.9696
8273 0.9696
8274 0.9696
8275 0.9696
8276 0.9696
8277 0.9696
8278 0.9696
8279 0.9696
8280 0.9696
8281 0.9696
8282 0.9696
8283 0.9700
8284 0.9700
8285 0.9700
8286 0.9700
8287 0.9700
8288 0.9700
8289 0.9700
8290 0.9700
8291 0.9700
8292 0.9704
8293 0.9704
8294 0.9704
8295 0.9704
8296 0.9704
8297 0.9704
8298 0.9704
8299 0.9708
8300 0.9708
8301 0.9708
8302 0.9708
8303 0.9708
8304 0.9708
8305 0.9708
8306 0.9708
8307 0.9708
8308 0.9708
8309 0.9708
8310 0.9708
8311 0.9708
8312 0.9708
8313 0.9708
8314 0.9708
8315 0.9708
8316 0.9708
8317 0.9708
8318 0.9708
8319 0.9708
8320 0.9708
8321 0.9708
8322 0.9708
8323 0.9708
8324 0.9708
8325 0.9708
8326 0.9708
8327 0.9708
8328 0.9708
8329 0.9708
8330 0.9712
8331 0.9712
8332 0.9712
8333 0.9712
8334 0.9712
8335 0.9712
8336 0.9712
8337 0.9712
8338 0.9712
8339 0.9712
8340 0.9712
8341 0.9712
8342 0.9712
8343 0.9712
8344 0.9712
8345 0.9712
8346 0.9712
8347 0.9712
8348 0.9712
8349 0.9712
8350 0.9712
8351 0.9712
8352 0.9712
8353 0.9712
8354 0.9712
8355 0.9712
8356 0.9712
8357 0.9712
8358 0.9712
8359 0.9712
8360 0.9712
8361 0.9712
8362 0.9712
8363 0.9712
8364 0.9712
8365 0.9712
8366 0.9712
8367 0.9712
8368 0.9712
8369 0.9712
8370 0.9712
8371 0.9712
8372 0.9712
8373 0.9712
8374 0.9712
8375 0.9712
8376 0.9712
8377 0.9712
8378 0.9712
8379 0.9712
8380 0.9712
8381 0.9712
8382 0.9712
8383 0.9712
8384 0.9712
8385 0.9712
8386 0.9712
8387 0.9712
8388 0.9712
8389 0.9712
8390 0.9712
8391 0.9712
8392 0.9712
8393 0.9712
8394 0.9712
8395 0.9712
8396 0.9712
8397 0.9712
8398 0.9712
8399 0.9712
8400 0.9712
8401 0.9712
8402 0.9712
8403 0.9712
8404 0.9712
8405 0.9712
8406 0.9712
8407 0.9712
8408 0.9712
8409 0.9712
8410 0.9712
8411 0.9712
8412 0.9712
8413 0.9712
8414 0.9712
8415 0.9712
8416 0.9712
8417 0.9712
8418 0.9712
8419 0.9712
8420 0.9712
8421 0.9712
8422 0.9712
8423 0.9712
8424 0.9712
8425 0.9712
8426 0.9712
8427 0.9712
8428 0.9712
8429 0.9712
8430 0.9712
8431 0.9712
8432 0.9712
8433 0.9712
8434 0.9712
8435 0.9712
8436 0.9712
8437 0.9712
8438 0.9712
8439 0.9712
8440 0.9712
8441 0.9712
8442 0.9712
8443 0.9712
8444 0.9712
8445 0.9712
8446 0.9712
8447 0.9712
8448 0.9712
8449 0.9712
8450 0.9712
8451 0.9712
8452 0.9712
8453 0.9712
8454 0.9712
8455 0.9712
8456 0.9712
8457 0.9712
8458 0.9712
8459 0.9712
8460 0.9712
8461 0.9712
8462 0.9712
8463 0.9712
8464 0.9712
8465 0.9712
8466 0.9712
8467 0.9712
8468 0.9712
8469 0.9712
8470 0.9712
8471 0.9712
8472 0.9712
8473 0.9712
8474 0.9712
8475 0.9712
8476 0.9712
8477 0.9712
8478 0.9712
8479 0.9712
8480 0.9712
8481 0.9712
8482 0.9712
8483 0.9712
8484 0.9712
8485 0.9712
8486 0.9712
8487 0.9712
8488 0.9712
8489 0.9712
8490 0.9712
8491 0.9712
8492 0.9712
8493 0.9712
8494 0.9712
8495 0.9712
8496 0.9712
8497 0.9712
8498 0.9712
8499 0.9712
8500 0.9712
8501 0.9712
8502 0.9712
8503 0.9712
8504 0.9716
8505 0.9716
8506 0.9716
8507 0.9716
8508 0.9716
8509 0.9716
8510 0.9716
8511 0.9716
8512 0.9716
8513 0.9716
8514 0.9716
8515 0.9716
8516 0.9716
8517 0.9716
8518 0.9716
8519 0.9716
8520 0.9716
8521 0.9716
8522 0.9716
8523 0.9716
8524 0.9716
8525 0.9716
8526 0.9716
8527 0.9716
8528 0.9716
8529 0.9716
8530 0.9716
8531 0.9716
8532 0.9716
8533 0.9716
8534 0.9716
8535 0.9716
8536 0.9716
8537 0.9716
8538 0.9716
8539 0.9716
8540 0.9716
8541 0.9716
8542 0.9716
8543 0.9720
8544 0.9720
8545 0.9720
8546 0.9720
8547 0.9720
8548 0.9720
8549 0.9720
8550 0.9720
8551 0.9720
8552 0.9720
8553 0.9720
8554 0.9720
8555 0.9720
8556 0.9720
8557 0.9720
8558 0.9720
8559 0.9720
8560 0.9720
8561 0.9720
8562 0.9720
8563 0.9720
8564 0.9720
8565 0.9720
8566 0.9720
8567 0.9720
8568 0.9720
8569 0.9720
8570 0.9720
8571 0.9720
8572 0.9720
8573 0.9720
8574 0.9724
8575 0.9724
8576 0.9724
8577 0.9724
8578 0.9724
8579 0.9724
8580 0.9724
8581 0.9724
8582 0.9724
8583 0.9724
8584 0.9724
8585 0.9724
8586 0.9724
8587 0.9724
8588 0.9724
8589 0.9724
8590 0.9724
8591 0.9724
8592 0.9724
8593 0.9724
8594 0.9724
8595 0.9724
8596 0.9724
8597 0.9724
8598 0.9724
8599 0.9724
8600 0.9724
8601 0.9724
8602 0.9724
8603 0.9724
8604 0.9724
8605 0.9724
8606 0.9724
8607 0.9724
8608 0.9724
8609 0.9724
8610 0.9724
8611 0.9724
8612 0.9724
8613 0.9728
8614 0.9728
8615 0.9728
8616 0.9728
8617 0.9728
8618 0.9728
8619 0.9728
8620 0.9728
8621 0.9728
8622 0.9728
8623 0.9728
8624 0.9728
8625 0.9728
8626 0.9728
8627 0.9728
8628 0.9728
8629 0.9728
8630 0.9728
8631 0.9732
8632 0.9732
8633 0.9732
8634 0.9732
8635 0.9732
8636 0.9732
8637 0.9732
8638 0.9732
8639 0.9732
8640 0.9732
8641 0.9736
8642 0.9736
8643 0.9736
8644 0.9736
8645 0.9736
8646 0.9736
8647 0.9736
8648 0.9736
8649 0.9736
8650 0.9736
8651 0.9736
8652 0.9736
8653 0.9736
8654 0.9736
8655 0.9736
8656 0.9736
8657 0.9740
8658 0.9740
8659 0.9744
8660 0.9744
8661 0.9744
8662 0.9744
8663 0.9744
8664 0.9744
8665 0.9744
8666 0.9744
8667 0.9744
8668 0.9744
8669 0.9744
8670 0.9744
8671 0.9744
8672 0.9744
8673 0.9744
8674 0.9744
8675 0.9744
8676 0.9744
8677 0.9744
8678 0.9744
8679 0.9744
8680 0.9744
8681 0.9744
8682 0.9744
8683 0.9744
8684 0.9744
8685 0.9744
8686 0.9744
8687 0.9744
8688 0.9744
8689 0.9744
8690 0.9744
8691 0.9744
8692 0.9744
8693 0.9744
8694 0.9744
8695 0.9744
8696 0.9744
8697 0.9744
8698 0.9744
8699 0.9744
8700 0.9744
8701 0.9744
8702 0.9744
8703 0.9744
8704 0.9744
8705 0.9744
8706 0.9748
8707 0.9748
8708 0.9748
8709 0.9748
8710 0.9748
8711 0.9748
8712 0.9748
8713 0.9748
8714 0.9748
8715 0.9748
8716 0.9748
8717 0.9748
8718 0.9748
8719 0.9748
8720 0.9748
8721 0.9748
8722 0.9748
8723 0.9748
8724 0.9748
8725 0.9748
8726 0.9748
8727 0.9748
8728 0.9748
8729 0.9748
8730 0.9748
8731 0.9748
8732 0.9748
8733 0.9748
8734 0.9748
8735 0.9748
8736 0.9748
8737 0.9748
8738 0.9748
8739 0.9748
8740 0.9748
8741 0.9748
8742 0.9748
8743 0.9748
8744 0.9748
8745 0.9748
8746 0.9748
8747 0.9748
8748 0.9748
8749 0.9748
8750 0.9748
8751 0.9748
8752 0.9752
8753 0.9752
8754 0.9752
8755 0.9752
8756 0.9752
8757 0.9752
8758 0.9752
8759 0.9752
8760 0.9752
8761 0.9752
8762 0.9752
8763 0.9752
8764 0.9752
8765 0.9752
8766 0.9752
8767 0.9752
8768 0.9752
8769 0.9752
8770 0.9752
8771 0.9752
8772 0.9752
8773 0.9752
8774 0.9752
8775 0.9752
8776 0.9752
8777 0.9752
8778 0.9756
8779 0.9756
8780 0.9756
8781 0.9756
8782 0.9756
8783 0.9756
8784 0.9756
8785 0.9756
8786 0.9756
8787 0.9756
8788 0.9756
8789 0.9756
8790 0.9756
8791 0.9756
8792 0.9756
8793 0.9756
8794 0.9756
8795 0.9756
8796 0.9756
8797 0.9760
8798 0.9764
8799 0.9764
8800 0.9764
8801 0.9764
8802 0.9764
8803 0.9764
8804 0.9764
8805 0.9764
8806 0.9764
8807 0.9764
8808 0.9764
8809 0.9764
8810 0.9764
8811 0.9764
8812 0.9764
8813 0.9764
8814 0.9764
8815 0.9764
8816 0.9764
8817 0.9764
8818 0.9764
8819 0.9764
8820 0.9764
8821 0.9764
8822 0.9764
8823 0.9764
8824 0.9764
8825 0.9764
8826 0.9764
8827 0.9764
8828 0.9764
8829 0.9764
8830 0.9764
8831 0.9764
8832 0.9764
8833 0.9764
8834 0.9764
8835 0.9764
8836 0.9764
8837 0.9764
8838 0.9768
8839 0.9768
8840 0.9768
8841 0.9768
8842 0.9768
8843 0.9768
8844 0.9768
8845 0.9768
8846 0.9768
8847 0.9768
8848 0.9768
8849 0.9772
8850 0.9772
8851 0.9772
8852 0.9772
8853 0.9772
8854 0.9772
8855 0.9772
8856 0.9772
8857 0.9772
8858 0.9772
8859 0.9772
8860 0.9772
8861 0.9772
8862 0.9772
8863 0.9772
8864 0.9772
8865 0.9772
8866 0.9772
8867 0.9772
8868 0.9772
8869 0.9772
8870 0.9772
8871 0.9772
8872 0.9772
8873 0.9772
8874 0.9772
8875 0.9772
8876 0.9772
8877 0.9772
8878 0.9772
8879 0.9772
8880 0.9772
8881 0.9772
8882 0.9772
8883 0.9772
8884 0.9772
8885 0.9772
8886 0.9772
8887 0.9772
8888 0.9772
8889 0.9772
8890 0.9772
8891 0.9772
8892 0.9772
8893 0.9772
8894 0.9772
8895 0.9772
8896 0.9772
8897 0.9772
8898 0.9772
8899 0.9772
8900 0.9772
8901 0.9772
8902 0.9772
8903 0.9772
8904 0.9772
8905 0.9772
8906 0.9772
8907 0.9772
8908 0.9772
8909 0.9772
8910 0.9772
8911 0.9772
8912 0.9772
8913 0.9772
8914 0.9772
8915 0.9772
8916 0.9772
8917 0.9772
8918 0.9772
8919 0.9772
8920 0.9772
8921 0.9772
8922 0.9772
8923 0.9772
8924 0.9772
8925 0.9772
8926 0.9772
8927 0.9772
8928 0.9772
8929 0.9772
8930 0.9772
8931 0.9772
8932 0.9772
8933 0.9772
8934 0.9772
8935 0.9772
8936 0.9772
8937 0.9772
8938 0.9772
8939 0.9772
8940 0.9772
8941 0.9772
8942 0.9772
8943 0.9772
8944 0.9772
8945 0.9772
8946 0.9772
8947 0.9772
8948 0.9772
8949 0.9772
8950 0.9772
8951 0.9772
8952 0.9772
8953 0.9772
8954 0.9772
8955 0.9772
8956 0.9776
8957 0.9776
8958 0.9776
8959 0.9776
8960 0.9776
8961 0.9776
8962 0.9776
8963 0.9776
8964 0.9776
8965 0.9776
8966 0.9776
8967 0.9776
8968 0.9776
8969 0.9776
8970 0.9776
8971 0.9776
8972 0.9776
8973 0.9776
8974 0.9776
8975 0.9776
8976 0.9776
8977 0.9776
8978 0.9776
8979 0.9776
8980 0.9776
8981 0.9776
8982 0.9776
8983 0.9776
8984 0.9776
8985 0.9776
8986 0.9776
8987 0.9776
8988 0.9776
8989 0.9776
8990 0.9776
8991 0.9776
8992 0.9776
8993 0.9776
8994 0.9776
8995 0.9776
8996 0.9776
8997 0.9776
8998 0.9776
8999 0.9776
9000 0.9776
9001 0.9776
9002 0.9780
9003 0.9780
9004 0.9780
9005 0.9780
9006 0.9780
9007 0.9780
9008 0.9780
9009 0.9780
9010 0.9780
9011 0.9780
9012 0.9780
9013 0.9784
9014 0.9784
9015 0.9784
9016 0.9784
9017 0.9784
9018 0.9784
9019 0.9784
9020 0.9784
9021 0.9784
9022 0.9784
9023 0.9784
9024 0.9784
9025 0.9784
9026 0.9784
9027 0.9784
9028 0.9784
9029 0.9784
9030 0.9788
9031 0.9788
9032 0.9788
9033 0.9788
9034 0.9788
9035 0.9788
9036 0.9788
9037 0.9788
9038 0.9788
9039 0.9788
9040 0.9788
9041 0.9788
9042 0.9788
9043 0.9788
9044 0.9788
9045 0.9788
9046 0.9788
9047 0.9788
9048 0.9788
9049 0.9788
9050 0.9788
9051 0.9788
9052 0.9788
9053 0.9788
9054 0.9788
9055 0.9788
9056 0.9788
9057 0.9788
9058 0.9788
9059 0.9788
9060 0.9788
9061 0.9788
9062 0.9788
9063 0.9788
9064 0.9788
9065 0.9788
9066 0.9788
9067 0.9788
9068 0.9788
9069 0.9788
9070 0.9788
9071 0.9788
9072 0.9788
9073 0.9788
9074 0.9788
9075 0.9788
9076 0.9788
9077 0.9788
9078 0.9788
9079 0.9788
9080 0.9788
9081 0.9788
9082 0.9788
9083 0.9788
9084 0.9788
9085 0.9788
9086 0.9788
9087 0.9788
9088 0.9788
9089 0.9788
9090 0.9788
9091 0.9788
9092 0.9788
9093 0.9788
9094 0.9788
9095 0.9788
9096 0.9788
9097 0.9788
9098 0.9788
9099 0.9788
9100 0.9788
9101 0.9788
9102 0.9788
9103 0.9788
9104 0.9788
9105 0.9788
9106 0.9788
9107 0.9788
9108 0.9788
9109 0.9788
9110 0.9792
9111 0.9792
9112 0.9792
9113 0.9792
9114 0.9792
9115 0.9792
9116 0.9792
9117 0.9792
9118 0.9792
9119 0.9792
9120 0.9792
9121 0.9792
9122 0.9792
9123 0.9792
9124 0.9792
9125 0.9792
9126 0.9792
9127 0.9792
9128 0.9792
9129 0.9792
9130 0.9792
9131 0.9792
9132 0.9792
9133 0.9792
9134 0.9792
9135 0.9792
9136 0.9792
9137 0.9792
9138 0.9792
9139 0.9792
9140 0.9792
9141 0.9792
9142 0.9792
9143 0.9792
9144 0.9792
9145 0.9792
9146 0.9792
9147 0.9792
9148 0.9792
9149 0.9792
9150 0.9792
9151 0.9792
9152 0.9792
9153 0.9792
9154 0.9792
9155 0.9792
9156 0.9792
9157 0.9792
9158 0.9792
9159 0.9792
9160 0.9792
9161 0.9792
9162 0.9792
9163 0.9792
9164 0.9792
9165 0.9792
9166 0.9792
9167 0.9792
9168 0.9792
9169 0.9792
9170 0.9792
9171 0.9792
9172 0.9792
9173 0.9792
9174 0.9792
9175 0.9792
9176 0.9792
9177 0.9792
9178 0.9792
9179 0.9792
9180 0.9792
9181 0.9792
9182 0.9792
9183 0.9792
9184 0.9792
9185 0.9792
9186 0.9792
9187 0.9792
9188 0.9792
9189 0.9792
9190 0.9792
9191 0.9792
9192 0.9792
9193 0.9792
9194 0.9792
9195 0.9792
9196 0.9792
9197 0.9792
9198 0.9792
9199 0.9792
9200 0.9792
9201 0.9792
9202 0.9792
9203 0.9792
9204 0.9792
9205 0.9792
9206 0.9792
9207 0.9792
9208 0.9792
9209 0.9792
9210 0.9792
9211 0.9792
9212 0.9792
9213 0.9792
9214 0.9792
9215 0.9796
9216 0.9796
9217 0.9796
9218 0.9796
9219 0.9796
9220 0.9796
9221 0.9796
9222 0.9800
9223 0.9800
9224 0.9800
9225 0.9800
9226 0.9800
9227 0.9800
9228 0.9800
9229 0.9800
9230 0.9800
9231 0.9800
9232 0.9800
9233 0.9800
9234 0.9800
9235 0.9800
9236 0.9800
9237 0.9800
9238 0.9800
9239 0.9800
9240 0.9800
9241 0.9800
9242 0.9800
9243 0.9800
9244 0.9800
9245 0.9800
9246 0.9800
9247 0.9800
9248 0.9800
9249 0.9800
9250 0.9800
9251 0.9800
9252 0.9804
9253 0.9804
9254 0.9804
9255 0.9808
9256 0.9808
9257 0.9808
9258 0.9808
9259 0.9808
9260 0.9808
9261 0.9808
9262 0.9808
9263 0.9808
9264 0.9808
9265 0.9808
9266 0.9808
9267 0.9808
9268 0.9808
9269 0.9808
9270 0.9808
9271 0.9808
9272 0.9808
9273 0.9808
9274 0.9812
9275 0.9812
9276 0.9812
9277 0.9812
9278 0.9812
9279 0.9812
9280 0.9812
9281 0.9812
9282 0.9812
9283 0.9812
9284 0.9812
9285 0.9812
9286 0.9812
9287 0.9812
9288 0.9812
9289 0.9812
9290 0.9812
9291 0.9812
9292 0.9812
9293 0.9812
9294 0.9812
9295 0.9812
9296 0.9812
9297 0.9812
9298 0.9812
9299 0.9812
9300 0.9812
9301 0.9812
9302 0.9812
9303 0.9812
9304 0.9812
9305 0.9812
9306 0.9812
9307 0.9812
9308 0.9812
9309 0.9812
9310 0.9812
9311 0.9812
9312 0.9812
9313 0.9812
9314 0.9812
9315 0.9812
9316 0.9812
9317 0.9812
9318 0.9812
9319 0.9812
9320 0.9812
9321 0.9812
9322 0.9812
9323 0.9812
9324 0.9812
9325 0.9812
9326 0.9812
9327 0.9812
9328 0.9812
9329 0.9812
9330 0.9812
9331 0.9812
9332 0.9812
9333 0.9812
9334 0.9812
9335 0.9812
9336 0.9812
9337 0.9812
9338 0.9812
9339 0.9812
9340 0.9812
9341 0.9812
9342 0.9812
9343 0.9812
9344 0.9812
9345 0.9812
9346 0.9812
9347 0.9812
9348 0.9812
9349 0.9812
9350 0.9812
9351 0.9812
9352 0.9812
9353 0.9812
9354 0.9812
9355 0.9812
9356 0.9812
9357 0.9812
9358 0.9812
9359 0.9812
9360 0.9812
9361 0.9812
9362 0.9812
9363 0.9812
9364 0.9812
9365 0.9812
9366 0.9812
9367 0.9812
9368 0.9812
9369 0.9812
9370 0.9812
9371 0.9812
9372 0.9812
9373 0.9812
9374 0.9812
9375 0.9812
9376 0.9812
9377 0.9812
9378 0.9812
9379 0.9812
9380 0.9812
9381 0.9816
9382 0.9816
9383 0.9816
9384 0.9816
9385 0.9816
9386 0.9816
9387 0.9816
9388 0.9816
9389 0.9816
9390 0.9816
9391 0.9816
9392 0.9816
9393 0.9816
9394 0.9816
9395 0.9816
9396 0.9816
9397 0.9816
9398 0.9816
9399 0.9816
9400 0.9816
9401 0.9816
9402 0.9816
9403 0.9816
9404 0.9816
9405 0.9816
9406 0.9816
9407 0.9816
9408 0.9816
9409 0.9816
9410 0.9816
9411 0.9816
9412 0.9816
9413 0.9816
9414 0.9816
9415 0.9816
9416 0.9816
9417 0.9816
9418 0.9816
9419 0.9816
9420 0.9816
9421 0.9816
9422 0.9816
9423 0.9816
9424 0.9816
9425 0.9816
9426 0.9816
9427 0.9816
9428 0.9816
9429 0.9816
9430 0.9816
9431 0.9816
9432 0.9816
9433 0.9816
9434 0.9816
9435 0.9816
9436 0.9816
9437 0.9816
9438 0.9816
9439 0.9816
9440 0.9816
9441 0.9816
9442 0.9816
9443 0.9816
9444 0.9816
9445 0.9816
9446 0.9816
9447 0.9816
9448 0.9816
9449 0.9816
9450 0.9816
9451 0.9816
9452 0.9816
9453 0.9816
9454 0.9816
9455 0.9816
9456 0.9816
9457 0.9816
9458 0.9816
9459 0.9816
9460 0.9816
9461 0.9816
9462 0.9816
9463 0.9816
9464 0.9816
9465 0.9816
9466 0.9816
9467 0.9816
9468 0.9816
9469 0.9816
9470 0.9816
9471 0.9816
9472 0.9816
9473 0.9816
9474 0.9816
9475 0.9816
9476 0.9816
9477 0.9816
9478 0.9816
9479 0.9816
9480 0.9816
9481 0.9816
9482 0.9816
9483 0.9816
9484 0.9816
9485 0.9816
9486 0.9816
9487 0.9816
9488 0.9816
9489 0.9816
9490 0.9816
9491 0.9816
9492 0.9816
9493 0.9816
9494 0.9816
9495 0.9816
9496 0.9816
9497 0.9816
9498 0.9816
9499 0.9816
9500 0.9816
9501 0.9816
9502 0.9816
9503 0.9816
9504 0.9816
9505 0.9816
9506 0.9816
9507 0.9816
9508 0.9816
9509 0.9816
9510 0.9816
9511 0.9816
9512 0.9816
9513 0.9816
9514 0.9816
9515 0.9816
9516 0.9816
9517 0.9816
9518 0.9816
9519 0.9816
9520 0.9816
9521 0.9816
9522 0.9816
9523 0.9816
9524 0.9816
9525 0.9816
9526 0.9816
9527 0.9816
9528 0.9816
9529 0.9816
9530 0.9816
9531 0.9816
9532 0.9816
9533 0.9816
9534 0.9816
9535 0.9816
9536 0.9816
9537 0.9816
9538 0.9816
9539 0.9816
9540 0.9816
9541 0.9816
9542 0.9816
9543 0.9816
9544 0.9816
9545 0.9816
9546 0.9816
9547 0.9816
9548 0.9816
9549 0.9816
9550 0.9816
9551 0.9816
9552 0.9816
9553 0.9816
9554 0.9816
9555 0.9816
9556 0.9816
9557 0.9816
9558 0.9816
9559 0.9816
9560 0.9816
9561 0.9816
9562 0.9816
9563 0.9816
9564 0.9816
9565 0.9816
9566 0.9816
9567 0.9816
9568 0.9816
9569 0.9816
9570 0.9816
9571 0.9816
9572 0.9816
9573 0.9816
9574 0.9816
9575 0.9816
9576 0.9816
9577 0.9816
9578 0.9816
9579 0.9816
9580 0.9816
9581 0.9816
9582 0.9816
9583 0.9816
9584 0.9816
9585 0.9816
9586 0.9816
9587 0.9816
9588 0.9816
9589 0.9816
9590 0.9816
9591 0.9816
9592 0.9816
9593 0.9816
9594 0.9816
9595 0.9816
9596 0.9816
9597 0.9816
9598 0.9816
9599 0.9816
9600 0.9816
9601 0.9816
9602 0.9816
9603 0.9816
9604 0.9816
9605 0.9816
9606 0.9816
9607 0.9816
9608 0.9816
9609 0.9816
9610 0.9816
9611 0.9816
9612 0.9816
9613 0.9816
9614 0.9816
9615 0.9816
9616 0.9816
9617 0.9816
9618 0.9816
9619 0.9816
9620 0.9816
9621 0.9816
9622 0.9816
9623 0.9816
9624 0.9816
9625 0.9816
9626 0.9820
9627 0.9820
9628 0.9820
9629 0.9820
9630 0.9820
9631 0.9820
9632 0.9820
9633 0.9820
9634 0.9820
9635 0.9820
9636 0.9820
9637 0.9820
9638 0.9820
9639 0.9820
9640 0.9820
9641 0.9820
9642 0.9820
9643 0.9820
9644 0.9820
9645 0.9820
9646 0.9820
9647 0.9820
9648 0.9820
9649 0.9820
9650 0.9820
9651 0.9820
9652 0.9820
9653 0.9820
9654 0.9820
9655 0.9820
9656 0.9820
9657 0.9820
9658 0.9820
9659 0.9820
9660 0.9820
9661 0.9820
9662 0.9820
9663 0.9820
9664 0.9820
9665 0.9820
9666 0.9820
9667 0.9820
9668 0.9820
9669 0.9820
9670 0.9820
9671 0.9820
9672 0.9820
9673 0.9820
9674 0.9820
9675 0.9820
9676 0.9820
9677 0.9820
9678 0.9820
9679 0.9820
9680 0.9820
9681 0.9820
9682 0.9820
9683 0.9820
9684 0.9820
9685 0.9820
9686 0.9820
9687 0.9820
9688 0.9820
9689 0.9820
9690 0.9820
9691 0.9820
9692 0.9820
9693 0.9824
9694 0.9824
9695 0.9824
9696 0.9824
9697 0.9824
9698 0.9824
9699 0.9824
9700 0.9824
9701 0.9824
9702 0.9824
9703 0.9828
9704 0.9828
9705 0.9828
9706 0.9828
9707 0.9828
9708 0.9828
9709 0.9832
9710 0.9832
9711 0.9832
9712 0.9832
9713 0.9832
9714 0.9832
9715 0.9832
9716 0.9832
9717 0.9832
9718 0.9832
9719 0.9832
9720 0.9832
9721 0.9832
9722 0.9832
9723 0.9832
9724 0.9832
9725 0.9832
9726 0.9832
9727 0.9832
9728 0.9832
9729 0.9832
9730 0.9832
9731 0.9832
9732 0.9832
9733 0.9832
9734 0.9832
9735 0.9832
9736 0.9832
9737 0.9832
9738 0.9832
9739 0.9832
9740 0.9832
9741 0.9832
9742 0.9832
9743 0.9832
9744 0.9832
9745 0.9832
9746 0.9832
9747 0.9832
9748 0.9832
9749 0.9832
9750 0.9832
9751 0.9832
9752 0.9832
9753 0.9832
9754 0.9832
9755 0.9832
9756 0.9832
9757 0.9832
9758 0.9832
9759 0.9832
9760 0.9832
9761 0.9832
9762 0.9832
9763 0.9832
9764 0.9832
9765 0.9832
9766 0.9832
9767 0.9832
9768 0.9832
9769 0.9832
9770 0.9832
9771 0.9832
9772 0.9832
9773 0.9832
9774 0.9832
9775 0.9832
9776 0.9832
9777 0.9832
9778 0.9832
9779 0.9832
9780 0.9832
9781 0.9832
9782 0.9832
9783 0.9832
9784 0.9832
9785 0.9832
9786 0.9832
9787 0.9832
9788 0.9836
9789 0.9836
9790 0.9836
9791 0.9836
9792 0.9836
9793 0.9836
9794 0.9836
9795 0.9836
9796 0.9836
9797 0.9836
9798 0.9836
9799 0.9836
9800 0.9836
9801 0.9836
9802 0.9836
9803 0.9836
9804 0.9836
9805 0.9836
9806 0.9836
9807 0.9836
9808 0.9836
9809 0.9836
9810 0.9836
9811 0.9836
9812 0.9836
9813 0.9836
9814 0.9836
9815 0.9836
9816 0.9836
9817 0.9836
9818 0.9836
9819 0.9836
9820 0.9836
9821 0.9836
9822 0.9836
9823 0.9836
9824 0.9836
9825 0.9836
9826 0.9836
9827 0.9836
9828 0.9836
9829 0.9836
9830 0.9836
9831 0.9836
9832 0.9836
9833 0.9836
9834 0.9836
9835 0.9836
9836 0.9836
9837 0.9840
9838 0.9840
9839 0.9840
9840 0.9840
9841 0.9840
9842 0.9840
9843 0.9840
9844 0.9840
9845 0.9840
9846 0.9840
9847 0.9840
9848 0.9840
9849 0.9840
9850 0.9840
9851 0.9840
9852 0.9840
9853 0.9840
9854 0.9840
9855 0.9840
9856 0.9840
9857 0.9840
9858 0.9840
9859 0.9840
9860 0.9840
9861 0.9840
9862 0.9840
9863 0.9840
9864 0.9840
9865 0.9840
9866 0.9840
9867 0.9840
9868 0.9840
9869 0.9840
9870 0.9840
9871 0.9840
9872 0.9844
9873 0.9844
9874 0.9844
9875 0.9844
9876 0.9844
9877 0.9844
9878 0.9844
9879 0.9844
9880 0.9844
9881 0.9844
9882 0.9844
9883 0.9844
9884 0.9844
9885 0.9844
9886 0.9844
9887 0.9848
9888 0.9848
9889 0.9848
9890 0.9848
9891 0.9848
9892 0.9848
9893 0.9848
9894 0.9848
9895 0.9848
9896 0.9848
9897 0.9848
9898 0.9848
9899 0.9848
9900 0.9848
9901 0.9848
9902 0.9848
9903 0.9848
9904 0.9848
9905 0.9848
9906 0.9848
9907 0.9848
9908 0.9848
9909 0.9848
9910 0.9848
9911 0.9848
9912 0.9848
9913 0.9848
9914 0.9848
9915 0.9848
9916 0.9848
9917 0.9848
9918 0.9848
9919 0.9848
9920 0.9848
9921 0.9848
9922 0.9848
9923 0.9848
9924 0.9848
9925 0.9848
9926 0.9848
9927 0.9848
9928 0.9848
9929 0.9848
9930 0.9848
9931 0.9848
9932 0.9848
9933 0.9848
9934 0.9848
9935 0.9848
9936 0.9848
9937 0.9848
9938 0.9848
9939 0.9848
9940 0.9848
9941 0.9848
9942 0.9848
9943 0.9848
9944 0.9848
9945 0.9848
9946 0.9848
9947 0.9848
9948 0.9848
9949 0.9848
9950 0.9848
9951 0.9848
9952 0.9848
9953 0.9848
9954 0.9848
9955 0.9848
9956 0.9848
9957 0.9848
9958 0.9848
9959 0.9848
9960 0.9848
9961 0.9848
9962 0.9848
9963 0.9848
9964 0.9848
9965 0.9848
9966 0.9848
9967 0.9848
9968 0.9848
9969 0.9848
9970 0.9848
9971 0.9848
9972 0.9848
9973 0.9848
9974 0.9848
9975 0.9848
9976 0.9848
9977 0.9848
9978 0.9848
9979 0.9848
9980 0.9848
9981 0.9848
9982 0.9848
9983 0.9848
9984 0.9848
9985 0.9848
9986 0.9848
9987 0.9848
9988 0.9848
9989 0.9848
9990 0.9848
9991 0.9848
9992 0.9848
9993 0.9848
9994 0.9848
9995 0.9848
9996 0.9848
9997 0.9848
9998 0.9848
9999 0.9848
10000 0.9848
10001 0.9848
10002 0.9852
10003 0.9852
10004 0.9852
10005 0.9852
10006 0.9852
10007 0.9852
10008 0.9852
10009 0.9852
10010 0.9852
10011 0.9852
10012 0.9852
10013 0.9852
10014 0.9852
10015 0.9852
10016 0.9852
10017 0.9852
10018 0.9852
10019 0.9852
10020 0.9852
10021 0.9852
10022 0.9852
10023 0.9852
10024 0.9852
10025 0.9852
10026 0.9852
10027 0.9852
10028 0.9852
10029 0.9852
10030 0.9852
10031 0.9852
10032 0.9852
10033 0.9852
10034 0.9852
10035 0.9852
10036 0.9852
10037 0.9852
10038 0.9852
10039 0.9852
10040 0.9852
10041 0.9852
10042 0.9852
10043 0.9852
10044 0.9852
10045 0.9852
10046 0.9852
10047 0.9852
10048 0.9852
10049 0.9852
10050 0.9852
10051 0.9852
10052 0.9852
10053 0.9852
10054 0.9852
10055 0.9856
10056 0.9856
10057 0.9856
10058 0.9856
10059 0.9856
10060 0.9856
10061 0.9856
10062 0.9856
10063 0.9856
10064 0.9856
10065 0.9856
10066 0.9856
10067 0.9856
10068 0.9856
10069 0.9856
10070 0.9856
10071 0.9856
10072 0.9856
10073 0.9856
10074 0.9856
10075 0.9856
10076 0.9856
10077 0.9856
10078 0.9856
10079 0.9856
10080 0.9856
10081 0.9856
10082 0.9856
10083 0.9856
10084 0.9856
10085 0.9856
10086 0.9856
10087 0.9856
10088 0.9856
10089 0.9856
10090 0.9856
10091 0.9856
10092 0.9856
10093 0.9856
10094 0.9856
10095 0.9856
10096 0.9856
10097 0.9856
10098 0.9856
10099 0.9856
10100 0.9856
10101 0.9856
10102 0.9856
10103 0.9856
10104 0.9856
10105 0.9856
10106 0.9856
10107 0.9856
10108 0.9856
10109 0.9856
10110 0.9856
10111 0.9856
10112 0.9856
10113 0.9856
10114 0.9856
10115 0.9856
10116 0.9856
10117 0.9856
10118 0.9856
10119 0.9856
10120 0.9856
10121 0.9856
10122 0.9856
10123 0.9856
10124 0.9856
10125 0.9856
10126 0.9856
10127 0.9856
10128 0.9856
10129 0.9856
10130 0.9856
10131 0.9856
10132 0.9856
10133 0.9856
10134 0.9856
10135 0.9856
10136 0.9856
10137 0.9856
10138 0.9856
10139 0.9856
10140 0.9856
10141 0.9856
10142 0.9856
10143 0.9856
10144 0.9856
10145 0.9856
10146 0.9856
10147 0.9856
10148 0.9856
10149 0.9856
10150 0.9856
10151 0.9856
10152 0.9856
10153 0.9856
10154 0.9856
10155 0.9856
10156 0.9856
10157 0.9856
10158 0.9856
10159 0.9856
10160 0.9856
10161 0.9856
10162 0.9856
10163 0.9860
10164 0.9860
10165 0.9860
10166 0.9860
10167 0.9860
10168 0.9860
10169 0.9860
10170 0.9860
10171 0.9860
10172 0.9860
10173 0.9860
10174 0.9860
10175 0.9860
10176 0.9860
10177 0.9860
10178 0.9860
10179 0.9860
10180 0.9860
10181 0.9860
10182 0.9860
10183 0.9860
10184 0.9860
10185 0.9860
10186 0.9860
10187 0.9860
10188 0.9860
10189 0.9860
10190 0.9860
10191 0.9860
10192 0.9860
10193 0.9860
10194 0.9860
10195 0.9860
10196 0.9860
10197 0.9860
10198 0.9860
10199 0.9860
10200 0.9860
10201 0.9860
10202 0.9860
10203 0.9860
10204 0.9860
10205 0.9860
10206 0.9860
10207 0.9860
10208 0.9860
10209 0.9860
10210 0.9860
10211 0.9860
10212 0.9860
10213 0.9860
10214 0.9860
10215 0.9860
10216 0.9860
10217 0.9860
10218 0.9860
10219 0.9860
10220 0.9860
10221 0.9860
10222 0.9860
10223 0.9860
10224 0.9860
10225 0.9860
10226 0.9860
10227 0.9860
10228 0.9860
10229 0.9860
10230 0.9860
10231 0.9860
10232 0.9860
10233 0.9860
10234 0.9860
10235 0.9860
10236 0.9860
10237 0.9860
10238 0.9860
10239 0.9860
10240 0.9860
10241 0.9860
10242 0.9860
10243 0.9860
10244 0.9860
10245 0.9860
10246 0.9860
10247 0.9860
10248 0.9860
10249 0.9860
10250 0.9860
10251 0.9860
10252 0.9860
10253 0.9860
10254 0.9860
10255 0.9860
10256 0.9860
10257 0.9860
10258 0.9860
10259 0.9860
10260 0.9860
10261 0.9860
10262 0.9860
10263 0.9860
10264 0.9860
10265 0.9860
10266 0.9860
10267 0.9860
10268 0.9860
10269 0.9860
10270 0.9860
10271 0.9860
10272 0.9864
10273 0.9864
10274 0.9864
10275 0.9864
10276 0.9864
10277 0.9864
10278 0.9864
10279 0.9864
10280 0.9864
10281 0.9864
10282 0.9864
10283 0.9864
10284 0.9864
10285 0.9864
10286 0.9864
10287 0.9864
10288 0.9864
10289 0.9864
10290 0.9864
10291 0.9864
10292 0.9864
10293 0.9864
10294 0.9864
10295 0.9864
10296 0.9864
10297 0.9864
10298 0.9864
10299 0.9864
10300 0.9864
10301 0.9864
10302 0.9864
10303 0.9864
10304 0.9864
10305 0.9864
10306 0.9864
10307 0.9864
10308 0.9864
10309 0.9864
10310 0.9864
10311 0.9864
10312 0.9864
10313 0.9864
10314 0.9864
10315 0.9864
10316 0.9864
10317 0.9864
10318 0.9864
10319 0.9864
10320 0.9864
10321 0.9864
10322 0.9864
10323 0.9864
10324 0.9864
10325 0.9864
10326 0.9864
10327 0.9864
10328 0.9864
10329 0.9864
10330 0.9864
10331 0.9864
10332 0.9864
10333 0.9864
10334 0.9864
10335 0.9864
10336 0.9864
10337 0.9864
10338 0.9864
10339 0.9864
10340 0.9864
10341 0.9864
10342 0.9864
10343 0.9864
10344 0.9864
10345 0.9864
10346 0.9864
10347 0.9864
10348 0.9864
10349 0.9864
10350 0.9864
10351 0.9864
10352 0.9864
10353 0.9864
10354 0.9864
10355 0.9864
10356 0.9864
10357 0.9864
10358 0.9864
10359 0.9864
10360 0.9864
10361 0.9864
10362 0.9864
10363 0.9864
10364 0.9864
10365 0.9864
10366 0.9864
10367 0.9864
10368 0.9864
10369 0.9864
10370 0.9864
10371 0.9864
10372 0.9864
10373 0.9864
10374 0.9864
10375 0.9864
10376 0.9864
10377 0.9864
10378 0.9864
10379 0.9864
10380 0.9864
10381 0.9864
10382 0.9864
10383 0.9864
10384 0.9864
10385 0.9864
10386 0.9864
10387 0.9864
10388 0.9864
10389 0.9864
10390 0.9864
10391 0.9864
10392 0.9864
10393 0.9864
10394 0.9864
10395 0.9864
10396 0.9868
10397 0.9868
10398 0.9868
10399 0.9868
10400 0.9868
10401 0.9868
10402 0.9868
10403 0.9868
10404 0.9868
10405 0.9868
10406 0.9868
10407 0.9868
10408 0.9868
10409 0.9868
10410 0.9868
10411 0.9868
10412 0.9868
10413 0.9868
10414 0.9868
10415 0.9868
10416 0.9868
10417 0.9868
10418 0.9868
10419 0.9868
10420 0.9868
10421 0.9868
10422 0.9868
10423 0.9868
10424 0.9868
10425 0.9868
10426 0.9872
10427 0.9872
10428 0.9872
10429 0.9872
10430 0.9876
10431 0.9876
10432 0.9876
10433 0.9876
10434 0.9876
10435 0.9876
10436 0.9876
10437 0.9876
10438 0.9876
10439 0.9876
10440 0.9876
10441 0.9876
10442 0.9876
10443 0.9876
10444 0.9876
10445 0.9876
10446 0.9876
10447 0.9876
10448 0.9876
10449 0.9876
10450 0.9876
10451 0.9876
10452 0.9876
10453 0.9876
10454 0.9876
10455 0.9876
10456 0.9876
10457 0.9876
10458 0.9876
10459 0.9876
10460 0.9876
10461 0.9876
10462 0.9876
10463 0.9876
10464 0.9876
10465 0.9876
10466 0.9876
10467 0.9876
10468 0.9876
10469 0.9876
10470 0.9876
10471 0.9876
10472 0.9876
10473 0.9876
10474 0.9876
10475 0.9876
10476 0.9876
10477 0.9876
10478 0.9876
10479 0.9876
10480 0.9876
10481 0.9876
10482 0.9876
10483 0.9876
10484 0.9876
10485 0.9876
10486 0.9876
10487 0.9876
10488 0.9876
10489 0.9876
10490 0.9876
10491 0.9876
10492 0.9876
10493 0.9876
10494 0.9876
10495 0.9876
10496 0.9876
10497 0.9876
10498 0.9876
10499 0.9876
10500 0.9876
10501 0.9876
10502 0.9876
10503 0.9876
10504 0.9876
10505 0.9876
10506 0.9876
10507 0.9876
10508 0.9876
10509 0.9876
10510 0.9876
10511 0.9876
10512 0.9876
10513 0.9876
10514 0.9876
10515 0.9876
10516 0.9876
10517 0.9876
10518 0.9876
10519 0.9876
10520 0.9876
10521 0.9876
10522 0.9876
10523 0.9876
10524 0.9876
10525 0.9876
10526 0.9876
10527 0.9876
10528 0.9876
10529 0.9876
10530 0.9876
10531 0.9876
10532 0.9876
10533 0.9876
10534 0.9876
10535 0.9876
10536 0.9876
10537 0.9876
10538 0.9876
10539 0.9876
10540 0.9876
10541 0.9876
10542 0.9876
10543 0.9876
10544 0.9876
10545 0.9876
10546 0.9880
10547 0.9880
10548 0.9880
10549 0.9880
10550 0.9880
10551 0.9880
10552 0.9880
10553 0.9880
10554 0.9880
10555 0.9880
10556 0.9880
10557 0.9880
10558 0.9880
10559 0.9880
10560 0.9880
10561 0.9880
10562 0.9880
10563 0.9880
10564 0.9880
10565 0.9880
10566 0.9880
10567 0.9880
10568 0.9880
10569 0.9880
10570 0.9880
10571 0.9880
10572 0.9880
10573 0.9884
10574 0.9884
10575 0.9884
10576 0.9884
10577 0.9884
10578 0.9884
10579 0.9884
10580 0.9884
10581 0.9884
10582 0.9884
10583 0.9884
10584 0.9884
10585 0.9884
10586 0.9884
10587 0.9884
10588 0.9884
10589 0.9884
10590 0.9884
10591 0.9884
10592 0.9884
10593 0.9884
10594 0.9884
10595 0.9884
10596 0.9884
10597 0.9884
10598 0.9884
10599 0.9884
10600 0.9884
10601 0.9884
10602 0.9884
10603 0.9884
10604 0.9884
10605 0.9884
10606 0.9884
10607 0.9884
10608 0.9884
10609 0.9884
10610 0.9884
10611 0.9884
10612 0.9884
10613 0.9884
10614 0.9884
10615 0.9884
10616 0.9884
10617 0.9888
10618 0.9888
10619 0.9888
10620 0.9888
10621 0.9888
10622 0.9888
10623 0.9888
10624 0.9888
10625 0.9888
10626 0.9892
10627 0.9892
10628 0.9892
10629 0.9892
10630 0.9892
10631 0.9892
10632 0.9892
10633 0.9892
10634 0.9892
10635 0.9892
10636 0.9892
10637 0.9892
10638 0.9892
10639 0.9892
10640 0.9892
10641 0.9892
10642 0.9892
10643 0.9892
10644 0.9892
10645 0.9892
10646 0.9892
10647 0.9892
10648 0.9892
10649 0.9892
10650 0.9892
10651 0.9892
10652 0.9892
10653 0.9892
10654 0.9892
10655 0.9892
10656 0.9892
10657 0.9892
10658 0.9892
10659 0.9892
10660 0.9892
10661 0.9892
10662 0.9892
10663 0.9892
10664 0.9892
10665 0.9892
10666 0.9892
10667 0.9892
10668 0.9892
10669 0.9892
10670 0.9892
10671 0.9892
10672 0.9892
10673 0.9892
10674 0.9892
10675 0.9892
10676 0.9892
10677 0.9892
10678 0.9892
10679 0.9892
10680 0.9892
10681 0.9892
10682 0.9892
10683 0.9892
10684 0.9892
10685 0.9892
10686 0.9892
10687 0.9892
10688 0.9892
10689 0.9892
10690 0.9892
10691 0.9892
10692 0.9892
10693 0.9892
10694 0.9892
10695 0.9892
10696 0.9892
10697 0.9892
10698 0.9892
10699 0.9892
10700 0.9892
10701 0.9892
10702 0.9892
10703 0.9892
10704 0.9892
10705 0.9892
10706 0.9892
10707 0.9892
10708 0.9892
10709 0.9892
10710 0.9892
10711 0.9892
10712 0.9896
10713 0.9896
10714 0.9896
10715 0.9896
10716 0.9896
10717 0.9896
10718 0.9896
10719 0.9896
10720 0.9896
10721 0.9896
10722 0.9896
10723 0.9896
10724 0.9896
10725 0.9896
10726 0.9896
10727 0.9896
10728 0.9896
10729 0.9896
10730 0.9896
10731 0.9896
10732 0.9896
10733 0.9896
10734 0.9896
10735 0.9896
10736 0.9896
10737 0.9896
10738 0.9896
10739 0.9896
10740 0.9896
10741 0.9896
10742 0.9896
10743 0.9896
10744 0.9896
10745 0.9896
10746 0.9896
10747 0.9896
10748 0.9896
10749 0.9896
10750 0.9896
10751 0.9896
10752 0.9896
10753 0.9896
10754 0.9896
10755 0.9896
10756 0.9896
10757 0.9896
10758 0.9896
10759 0.9896
10760 0.9896
10761 0.9896
10762 0.9896
10763 0.9896
10764 0.9896
10765 0.9896
10766 0.9896
10767 0.9896
10768 0.9896
10769 0.9896
10770 0.9896
10771 0.9896
10772 0.9896
10773 0.9896
10774 0.9896
10775 0.9896
10776 0.9896
10777 0.9896
10778 0.9896
10779 0.9896
10780 0.9896
10781 0.9896
10782 0.9896
10783 0.9896
10784 0.9896
10785 0.9896
10786 0.9896
10787 0.9896
10788 0.9896
10789 0.9896
10790 0.9896
10791 0.9896
10792 0.9896
10793 0.9896
10794 0.9896
10795 0.9896
10796 0.9896
10797 0.9896
10798 0.9896
10799 0.9896
10800 0.9896
10801 0.9896
10802 0.9896
10803 0.9896
10804 0.9896
10805 0.9896
10806 0.9896
10807 0.9896
10808 0.9896
10809 0.9896
10810 0.9896
10811 0.9896
10812 0.9896
10813 0.9896
10814 0.9896
10815 0.9896
10816 0.9900
10817 0.9900
10818 0.9900
10819 0.9900
10820 0.9900
10821 0.9900
10822 0.9900
10823 0.9900
10824 0.9900
10825 0.9900
10826 0.9900
10827 0.9900
10828 0.9900
10829 0.9900
10830 0.9900
10831 0.9900
10832 0.9900
10833 0.9900
10834 0.9900
10835 0.9900
10836 0.9900
10837 0.9900
10838 0.9900
10839 0.9900
10840 0.9900
10841 0.9900
10842 0.9900
10843 0.9900
10844 0.9900
10845 0.9900
10846 0.9900
10847 0.9900
10848 0.9900
10849 0.9900
10850 0.9900
10851 0.9900
10852 0.9900
10853 0.9900
10854 0.9900
10855 0.9900
10856 0.9900
10857 0.9900
10858 0.9900
10859 0.9900
10860 0.9900
10861 0.9900
10862 0.9900
10863 0.9900
10864 0.9900
10865 0.9900
10866 0.9900
10867 0.9900
10868 0.9900
10869 0.9900
10870 0.9900
10871 0.9900
10872 0.9900
10873 0.9900
10874 0.9900
10875 0.9900
10876 0.9900
10877 0.9900
10878 0.9900
10879 0.9900
10880 0.9900
10881 0.9900
10882 0.9900
10883 0.9900
10884 0.9900
10885 0.9900
10886 0.9900
10887 0.9900
10888 0.9900
10889 0.9900
10890 0.9900
10891 0.9900
10892 0.9900
10893 0.9900
10894 0.9900
10895 0.9900
10896 0.9900
10897 0.9900
10898 0.9900
10899 0.9900
10900 0.9900
10901 0.9900
10902 0.9900
10903 0.9900
10904 0.9900
10905 0.9900
10906 0.9900
10907 0.9900
10908 0.9900
10909 0.9900
10910 0.9900
10911 0.9900
10912 0.9900
10913 0.9900
10914 0.9900
10915 0.9900
10916 0.9900
10917 0.9900
10918 0.9900
10919 0.9900
10920 0.9900
10921 0.9900
10922 0.9900
10923 0.9900
10924 0.9900
10925 0.9900
10926 0.9900
10927 0.9900
10928 0.9900
10929 0.9900
10930 0.9900
10931 0.9900
10932 0.9900
10933 0.9900
10934 0.9900
10935 0.9900
10936 0.9900
10937 0.9900
10938 0.9900
10939 0.9900
10940 0.9900
10941 0.9900
10942 0.9900
10943 0.9900
10944 0.9900
10945 0.9900
10946 0.9900
10947 0.9900
10948 0.9904
10949 0.9904
10950 0.9904
10951 0.9904
10952 0.9904
10953 0.9904
10954 0.9904
10955 0.9904
10956 0.9904
10957 0.9904
10958 0.9904
10959 0.9904
10960 0.9904
10961 0.9904
10962 0.9904
10963 0.9904
10964 0.9904
10965 0.9904
10966 0.9904
10967 0.9904
10968 0.9904
10969 0.9904
10970 0.9904
10971 0.9904
10972 0.9904
10973 0.9904
10974 0.9904
10975 0.9904
10976 0.9904
10977 0.9904
10978 0.9904
10979 0.9904
10980 0.9904
10981 0.9904
10982 0.9904
10983 0.9904
10984 0.9904
10985 0.9904
10986 0.9904
10987 0.9904
10988 0.9904
10989 0.9904
10990 0.9904
10991 0.9904
10992 0.9904
10993 0.9904
10994 0.9904
10995 0.9904
10996 0.9904
10997 0.9904
10998 0.9904
10999 0.9904
11000 0.9908
11001 0.9908
11002 0.9908
11003 0.9908
11004 0.9908
11005 0.9908
11006 0.9908
11007 0.9908
11008 0.9908
11009 0.9908
11010 0.9908
11011 0.9908
11012 0.9908
11013 0.9908
11014 0.9908
11015 0.9908
11016 0.9908
11017 0.9908
11018 0.9908
11019 0.9908
11020 0.9908
11021 0.9908
11022 0.9908
11023 0.9908
11024 0.9908
11025 0.9908
11026 0.9908
11027 0.9908
11028 0.9908
11029 0.9908
11030 0.9908
11031 0.9908
11032 0.9908
11033 0.9908
11034 0.9908
11035 0.9908
11036 0.9908
11037 0.9908
11038 0.9908
11039 0.9908
11040 0.9908
11041 0.9908
11042 0.9908
11043 0.9908
11044 0.9908
11045 0.9908
11046 0.9908
11047 0.9908
11048 0.9908
11049 0.9908
11050 0.9908
11051 0.9908
11052 0.9908
11053 0.9908
11054 0.9908
11055 0.9908
11056 0.9908
11057 0.9908
11058 0.9908
11059 0.9908
11060 0.9908
11061 0.9908
11062 0.9908
11063 0.9908
11064 0.9908
11065 0.9908
11066 0.9908
11067 0.9908
11068 0.9908
11069 0.9908
11070 0.9908
11071 0.9908
11072 0.9908
11073 0.9908
11074 0.9908
11075 0.9908
11076 0.9908
11077 0.9908
11078 0.9908
11079 0.9908
11080 0.9908
11081 0.9908
11082 0.9908
11083 0.9908
11084 0.9908
11085 0.9908
11086 0.9908
11087 0.9908
11088 0.9908
11089 0.9908
11090 0.9908
11091 0.9908
11092 0.9908
11093 0.9908
11094 0.9908
11095 0.9908
11096 0.9908
11097 0.9908
11098 0.9908
11099 0.9908
11100 0.9908
11101 0.9908
11102 0.9908
11103 0.9908
11104 0.9908
11105 0.9908
11106 0.9908
11107 0.9908
11108 0.9908
11109 0.9908
11110 0.9908
11111 0.9908
11112 0.9908
11113 0.9908
11114 0.9908
11115 0.9908
11116 0.9908
11117 0.9908
11118 0.9908
11119 0.9908
11120 0.9908
11121 0.9908
11122 0.9908
11123 0.9908
11124 0.9908
11125 0.9908
11126 0.9908
11127 0.9908
11128 0.9908
11129 0.9908
11130 0.9908
11131 0.9908
11132 0.9908
11133 0.9908
11134 0.9908
11135 0.9908
11136 0.9908
11137 0.9908
11138 0.9908
11139 0.9908
11140 0.9908
11141 0.9908
11142 0.9908
11143 0.9908
11144 0.9908
11145 0.9908
11146 0.9908
11147 0.9908
11148 0.9908
11149 0.9908
11150 0.9908
11151 0.9908
11152 0.9908
11153 0.9908
11154 0.9908
11155 0.9908
11156 0.9908
11157 0.9908
11158 0.9908
11159 0.9908
11160 0.9908
11161 0.9908
11162 0.9908
11163 0.9908
11164 0.9912
11165 0.9912
11166 0.9912
11167 0.9912
11168 0.9912
11169 0.9912
11170 0.9912
11171 0.9912
11172 0.9912
11173 0.9912
11174 0.9912
11175 0.9912
11176 0.9912
11177 0.9912
11178 0.9912
11179 0.9912
11180 0.9912
11181 0.9912
11182 0.9912
11183 0.9912
11184 0.9912
11185 0.9912
11186 0.9912
11187 0.9912
11188 0.9912
11189 0.9912
11190 0.9912
11191 0.9912
11192 0.9912
11193 0.9912
11194 0.9912
11195 0.9912
11196 0.9912
11197 0.9912
11198 0.9912
11199 0.9912
11200 0.9912
11201 0.9912
11202 0.9912
11203 0.9912
11204 0.9912
11205 0.9912
11206 0.9912
11207 0.9912
11208 0.9912
11209 0.9912
11210 0.9912
11211 0.9912
11212 0.9912
11213 0.9912
11214 0.9912
11215 0.9916
11216 0.9916
11217 0.9916
11218 0.9916
11219 0.9916
11220 0.9916
11221 0.9916
11222 0.9916
11223 0.9916
11224 0.9916
11225 0.9916
11226 0.9916
11227 0.9916
11228 0.9916
11229 0.9916
11230 0.9916
11231 0.9916
11232 0.9916
11233 0.9916
11234 0.9916
11235 0.9916
11236 0.9916
11237 0.9916
11238 0.9916
11239 0.9916
11240 0.9916
11241 0.9916
11242 0.9920
11243 0.9920
11244 0.9920
11245 0.9920
11246 0.9920
11247 0.9920
11248 0.9920
11249 0.9920
11250 0.9920
11251 0.9920
11252 0.9920
11253 0.9920
11254 0.9920
11255 0.9920
11256 0.9920
11257 0.9920
11258 0.9920
11259 0.9920
11260 0.9920
11261 0.9920
11262 0.9920
11263 0.9920
11264 0.9920
11265 0.9920
11266 0.9920
11267 0.9920
11268 0.9920
11269 0.9920
11270 0.9920
11271 0.9920
11272 0.9920
11273 0.9920
11274 0.9920
11275 0.9920
11276 0.9920
11277 0.9920
11278 0.9920
11279 0.9920
11280 0.9920
11281 0.9920
11282 0.9920
11283 0.9920
11284 0.9920
11285 0.9920
11286 0.9920
11287 0.9920
11288 0.9920
11289 0.9920
11290 0.9920
11291 0.9920
11292 0.9920
11293 0.9920
11294 0.9920
11295 0.9920
11296 0.9920
11297 0.9920
11298 0.9920
11299 0.9920
11300 0.9920
11301 0.9920
11302 0.9920
11303 0.9920
11304 0.9920
11305 0.9920
11306 0.9920
11307 0.9920
11308 0.9920
11309 0.9920
11310 0.9920
11311 0.9920
11312 0.9920
11313 0.9920
11314 0.9920
11315 0.9920
11316 0.9920
11317 0.9920
11318 0.9920
11319 0.9920
11320 0.9920
11321 0.9920
11322 0.9920
11323 0.9920
11324 0.9920
11325 0.9920
11326 0.9920
11327 0.9920
11328 0.9920
11329 0.9920
11330 0.9920
11331 0.9920
11332 0.9920
11333 0.9920
11334 0.9920
11335 0.9920
11336 0.9920
11337 0.9920
11338 0.9920
11339 0.9920
11340 0.9920
11341 0.9920
11342 0.9920
11343 0.9920
11344 0.9920
11345 0.9920
11346 0.9920
11347 0.9920
11348 0.9920
11349 0.9920
11350 0.9920
11351 0.9920
11352 0.9920
11353 0.9920
11354 0.9920
11355 0.9920
11356 0.9920
11357 0.9920
11358 0.9920
11359 0.9920
11360 0.9920
11361 0.9920
11362 0.9920
11363 0.9920
11364 0.9920
11365 0.9920
11366 0.9920
11367 0.9920
11368 0.9920
11369 0.9920
11370 0.9920
11371 0.9920
11372 0.9920
11373 0.9920
11374 0.9920
11375 0.9920
11376 0.9920
11377 0.9920
11378 0.9920
11379 0.9920
11380 0.9920
11381 0.9920
11382 0.9920
11383 0.9920
11384 0.9920
11385 0.9920
11386 0.9920
11387 0.9920
11388 0.9920
11389 0.9920
11390 0.9920
11391 0.9920
11392 0.9920
11393 0.9920
11394 0.9920
11395 0.9920
11396 0.9920
11397 0.9920
11398 0.9920
11399 0.9920
11400 0.9920
11401 0.9920
11402 0.9920
11403 0.9920
11404 0.9920
11405 0.9920
11406 0.9920
11407 0.9920
11408 0.9920
11409 0.9920
11410 0.9920
11411 0.9920
11412 0.9920
11413 0.9920
11414 0.9920
11415 0.9920
11416 0.9920
11417 0.9920
11418 0.9920
11419 0.9920
11420 0.9920
11421 0.9920
11422 0.9920
11423 0.9920
11424 0.9920
11425 0.9920
11426 0.9920
11427 0.9920
11428 0.9920
11429 0.9920
11430 0.9920
11431 0.9920
11432 0.9920
11433 0.9920
11434 0.9920
11435 0.9920
11436 0.9920
11437 0.9920
11438 0.9920
11439 0.9920
11440 0.9920
11441 0.9920
11442 0.9920
11443 0.9920
11444 0.9920
11445 0.9920
11446 0.9920
11447 0.9920
11448 0.9920
11449 0.9920
11450 0.9920
11451 0.9920
11452 0.9920
11453 0.9920
11454 0.9920
11455 0.9920
11456 0.9920
11457 0.9920
11458 0.9920
11459 0.9920
11460 0.9920
11461 0.9920
11462 0.9920
11463 0.9920
11464 0.9920
11465 0.9924
11466 0.9924
11467 0.9924
11468 0.9924
11469 0.9924
11470 0.9924
11471 0.9924
11472 0.9924
11473 0.9924
11474 0.9924
11475 0.9924
11476 0.9924
11477 0.9924
11478 0.9924
11479 0.9924
11480 0.9924
11481 0.9924
11482 0.9924
11483 0.9924
11484 0.9924
11485 0.9924
11486 0.9924
11487 0.9924
11488 0.9924
11489 0.9924
11490 0.9924
11491 0.9924
11492 0.9924
11493 0.9924
11494 0.9924
11495 0.9924
11496 0.9924
11497 0.9924
11498 0.9924
11499 0.9924
11500 0.9924
11501 0.9924
11502 0.9924
11503 0.9924
11504 0.9924
11505 0.9924
11506 0.9924
11507 0.9924
11508 0.9924
11509 0.9924
11510 0.9924
11511 0.9924
11512 0.9924
11513 0.9924
11514 0.9924
11515 0.9924
11516 0.9924
11517 0.9924
11518 0.9924
11519 0.9924
11520 0.9924
11521 0.9924
11522 0.9924
11523 0.9924
11524 0.9924
11525 0.9924
11526 0.9924
11527 0.9924
11528 0.9924
11529 0.9924
11530 0.9924
11531 0.9924
11532 0.9924
11533 0.9924
11534 0.9924
11535 0.9924
11536 0.9924
11537 0.9924
11538 0.9924
11539 0.9924
11540 0.9924
11541 0.9924
11542 0.9924
11543 0.9924
11544 0.9924
11545 0.9924
11546 0.9924
11547 0.9924
11548 0.9924
11549 0.9924
11550 0.9924
11551 0.9924
11552 0.9924
11553 0.9924
11554 0.9924
11555 0.9924
11556 0.9924
11557 0.9924
11558 0.9924
11559 0.9924
11560 0.9924
11561 0.9924
11562 0.9924
11563 0.9924
11564 0.9924
11565 0.9924
11566 0.9924
11567 0.9924
11568 0.9924
11569 0.9924
11570 0.9924
11571 0.9924
11572 0.9924
11573 0.9924
11574 0.9924
11575 0.9924
11576 0.9924
11577 0.9924
11578 0.9924
11579 0.9924
11580 0.9924
11581 0.9924
11582 0.9924
11583 0.9924
11584 0.9924
11585 0.9924
11586 0.9924
11587 0.9924
11588 0.9924
11589 0.9924
11590 0.9924
11591 0.9924
11592 0.9924
11593 0.9928
11594 0.9928
11595 0.9928
11596 0.9928
11597 0.9928
11598 0.9928
11599 0.9928
11600 0.9928
11601 0.9928
11602 0.9928
11603 0.9928
11604 0.9928
11605 0.9932
11606 0.9932
11607 0.9932
11608 0.9932
11609 0.9932
11610 0.9932
11611 0.9932
11612 0.9932
11613 0.9932
11614 0.9932
11615 0.9932
11616 0.9932
11617 0.9932
11618 0.9932
11619 0.9932
11620 0.9932
11621 0.9932
11622 0.9932
11623 0.9932
11624 0.9932
11625 0.9932
11626 0.9932
11627 0.9932
11628 0.9932
11629 0.9932
11630 0.9932
11631 0.9932
11632 0.9932
11633 0.9932
11634 0.9932
11635 0.9932
11636 0.9932
11637 0.9932
11638 0.9932
11639 0.9932
11640 0.9932
11641 0.9932
11642 0.9932
11643 0.9932
11644 0.9932
11645 0.9932
11646 0.9932
11647 0.9932
11648 0.9932
11649 0.9932
11650 0.9932
11651 0.9932
11652 0.9932
11653 0.9932
11654 0.9932
11655 0.9932
11656 0.9932
11657 0.9932
11658 0.9932
11659 0.9932
11660 0.9932
11661 0.9932
11662 0.9932
11663 0.9932
11664 0.9932
11665 0.9932
11666 0.9932
11667 0.9932
11668 0.9932
11669 0.9932
11670 0.9932
11671 0.9932
11672 0.9932
11673 0.9932
11674 0.9932
11675 0.9932
11676 0.9932
11677 0.9932
11678 0.9932
11679 0.9932
11680 0.9932
11681 0.9932
11682 0.9932
11683 0.9932
11684 0.9932
11685 0.9932
11686 0.9932
11687 0.9932
11688 0.9932
11689 0.9932
11690 0.9932
11691 0.9932
11692 0.9932
11693 0.9932
11694 0.9932
11695 0.9932
11696 0.9932
11697 0.9932
11698 0.9932
11699 0.9932
11700 0.9932
11701 0.9932
11702 0.9932
11703 0.9932
11704 0.9932
11705 0.9932
11706 0.9932
11707 0.9932
11708 0.9932
11709 0.9932
11710 0.9932
11711 0.9932
11712 0.9932
11713 0.9932
11714 0.9932
11715 0.9932
11716 0.9932
11717 0.9932
11718 0.9932
11719 0.9932
11720 0.9932
11721 0.9932
11722 0.9932
11723 0.9932
11724 0.9932
11725 0.9932
11726 0.9932
11727 0.9932
11728 0.9932
11729 0.9932
11730 0.9932
11731 0.9932
11732 0.9932
11733 0.9932
11734 0.9932
11735 0.9932
11736 0.9936
11737 0.9936
11738 0.9936
11739 0.9936
11740 0.9936
11741 0.9936
11742 0.9936
11743 0.9936
11744 0.9936
11745 0.9936
11746 0.9936
11747 0.9936
11748 0.9936
11749 0.9936
11750 0.9936
11751 0.9936
11752 0.9936
11753 0.9936
11754 0.9936
11755 0.9936
11756 0.9936
11757 0.9936
11758 0.9936
11759 0.9936
11760 0.9936
11761 0.9936
11762 0.9936
11763 0.9936
11764 0.9936
11765 0.9936
11766 0.9936
11767 0.9936
11768 0.9936
11769 0.9936
11770 0.9936
11771 0.9936
11772 0.9936
11773 0.9936
11774 0.9936
11775 0.9936
11776 0.9936
11777 0.9936
11778 0.9936
11779 0.9936
11780 0.9936
11781 0.9936
11782 0.9936
11783 0.9936
11784 0.9936
11785 0.9936
11786 0.9936
11787 0.9936
11788 0.9936
11789 0.9936
11790 0.9936
11791 0.9936
11792 0.9936
11793 0.9936
11794 0.9936
11795 0.9936
11796 0.9936
11797 0.9936
11798 0.9936
11799 0.9936
11800 0.9936
11801 0.9936
11802 0.9936
11803 0.9936
11804 0.9936
11805 0.9936
11806 0.9936
11807 0.9936
11808 0.9936
11809 0.9940
11810 0.9940
11811 0.9940
11812 0.9940
11813 0.9940
11814 0.9940
11815 0.9940
11816 0.9940
11817 0.9940
11818 0.9940
11819 0.9940
11820 0.9940
11821 0.9940
11822 0.9940
11823 0.9940
11824 0.9940
11825 0.9940
11826 0.9940
11827 0.9940
11828 0.9940
11829 0.9940
11830 0.9940
11831 0.9940
11832 0.9940
11833 0.9940
11834 0.9940
11835 0.9940
11836 0.9940
11837 0.9940
11838 0.9940
11839 0.9940
11840 0.9940
11841 0.9940
11842 0.9940
11843 0.9940
11844 0.9940
11845 0.9940
11846 0.9940
11847 0.9944
11848 0.9944
11849 0.9944
11850 0.9944
11851 0.9944
11852 0.9944
11853 0.9944
11854 0.9944
11855 0.9944
11856 0.9944
11857 0.9944
11858 0.9944
11859 0.9944
11860 0.9944
11861 0.9944
11862 0.9944
11863 0.9944
11864 0.9944
11865 0.9944
11866 0.9944
11867 0.9944
11868 0.9944
11869 0.9944
11870 0.9944
11871 0.9944
11872 0.9944
11873 0.9944
11874 0.9944
11875 0.9944
11876 0.9944
11877 0.9944
11878 0.9944
11879 0.9944
11880 0.9944
11881 0.9944
11882 0.9944
11883 0.9944
11884 0.9944
11885 0.9944
11886 0.9944
11887 0.9944
11888 0.9944
11889 0.9944
11890 0.9944
11891 0.9944
11892 0.9944
11893 0.9944
11894 0.9944
11895 0.9944
11896 0.9944
11897 0.9944
11898 0.9944
11899 0.9944
11900 0.9944
11901 0.9944
11902 0.9944
11903 0.9944
11904 0.9944
11905 0.9944
11906 0.9944
11907 0.9944
11908 0.9944
11909 0.9944
11910 0.9944
11911 0.9944
11912 0.9944
11913 0.9944
11914 0.9944
11915 0.9944
11916 0.9944
11917 0.9944
11918 0.9944
11919 0.9944
11920 0.9944
11921 0.9944
11922 0.9944
11923 0.9944
11924 0.9944
11925 0.9944
11926 0.9944
11927 0.9944
11928 0.9944
11929 0.9944
11930 0.9944
11931 0.9944
11932 0.9944
11933 0.9944
11934 0.9944
11935 0.9944
11936 0.9944
11937 0.9944
11938 0.9944
11939 0.9944
11940 0.9944
11941 0.9944
11942 0.9944
11943 0.9944
11944 0.9944
11945 0.9944
11946 0.9944
11947 0.9944
11948 0.9944
11949 0.9944
11950 0.9944
11951 0.9944
11952 0.9944
11953 0.9944
11954 0.9944
11955 0.9944
11956 0.9944
11957 0.9944
11958 0.9944
11959 0.9944
11960 0.9944
11961 0.9944
11962 0.9944
11963 0.9944
11964 0.9944
11965 0.9944
11966 0.9944
11967 0.9944
11968 0.9944
11969 0.9944
11970 0.9944
11971 0.9944
11972 0.9944
11973 0.9944
11974 0.9944
11975 0.9944
11976 0.9944
11977 0.9944
11978 0.9944
11979 0.9944
11980 0.9944
11981 0.9944
11982 0.9944
11983 0.9944
11984 0.9944
11985 0.9944
11986 0.9944
11987 0.9944
11988 0.9944
11989 0.9944
11990 0.9944
11991 0.9944
11992 0.9944
11993 0.9944
11994 0.9944
11995 0.9944
11996 0.9944
11997 0.9944
11998 0.9944
11999 0.9944
12000 0.9944
12001 0.9944
12002 0.9944
12003 0.9944
12004 0.9944
12005 0.9944
12006 0.9944
12007 0.9944
12008 0.9944
12009 0.9944
12010 0.9944
12011 0.9944
12012 0.9944
12013 0.9944
12014 0.9944
12015 0.9944
12016 0.9944
12017 0.9944
12018 0.9944
12019 0.9944
12020 0.9944
12021 0.9944
12022 0.9944
12023 0.9944
12024 0.9944
12025 0.9944
12026 0.9944
12027 0.9944
12028 0.9944
12029 0.9944
12030 0.9944
12031 0.9944
12032 0.9944
12033 0.9944
12034 0.9944
12035 0.9944
12036 0.9944
12037 0.9944
12038 0.9944
12039 0.9944
12040 0.9944
12041 0.9944
12042 0.9944
12043 0.9944
12044 0.9944
12045 0.9944
12046 0.9944
12047 0.9944
12048 0.9944
12049 0.9944
12050 0.9944
12051 0.9944
12052 0.9944
12053 0.9944
12054 0.9944
12055 0.9944
12056 0.9944
12057 0.9944
12058 0.9944
12059 0.9944
12060 0.9944
12061 0.9944
12062 0.9944
12063 0.9944
12064 0.9944
12065 0.9944
12066 0.9944
12067 0.9944
12068 0.9944
12069 0.9944
12070 0.9944
12071 0.9944
12072 0.9944
12073 0.9944
12074 0.9944
12075 0.9944
12076 0.9944
12077 0.9944
12078 0.9944
12079 0.9944
12080 0.9944
12081 0.9944
12082 0.9944
12083 0.9944
12084 0.9944
12085 0.9944
12086 0.9944
12087 0.9944
12088 0.9944
12089 0.9944
12090 0.9944
12091 0.9944
12092 0.9944
12093 0.9944
12094 0.9944
12095 0.9944
12096 0.9944
12097 0.9944
12098 0.9944
12099 0.9944
12100 0.9944
12101 0.9944
12102 0.9944
12103 0.9944
12104 0.9944
12105 0.9944
12106 0.9944
12107 0.9944
12108 0.9944
12109 0.9944
12110 0.9944
12111 0.9944
12112 0.9944
12113 0.9944
12114 0.9944
12115 0.9944
12116 0.9944
12117 0.9944
12118 0.9944
12119 0.9944
12120 0.9944
12121 0.9944
12122 0.9944
12123 0.9944
12124 0.9944
12125 0.9944
12126 0.9944
12127 0.9944
12128 0.9944
12129 0.9944
12130 0.9944
12131 0.9944
12132 0.9944
12133 0.9944
12134 0.9944
12135 0.9944
12136 0.9944
12137 0.9944
12138 0.9944
12139 0.9944
12140 0.9944
12141 0.9944
12142 0.9944
12143 0.9944
12144 0.9944
12145 0.9944
12146 0.9944
12147 0.9944
12148 0.9944
12149 0.9944
12150 0.9944
12151 0.9944
12152 0.9944
12153 0.9944
12154 0.9944
12155 0.9944
12156 0.9944
12157 0.9944
12158 0.9944
12159 0.9944
12160 0.9944
12161 0.9944
12162 0.9944
12163 0.9944
12164 0.9944
12165 0.9944
12166 0.9944
12167 0.9944
12168 0.9944
12169 0.9944
12170 0.9944
12171 0.9944
12172 0.9944
12173 0.9944
12174 0.9944
12175 0.9944
12176 0.9944
12177 0.9944
12178 0.9944
12179 0.9944
12180 0.9944
12181 0.9944
12182 0.9944
12183 0.9944
12184 0.9944
12185 0.9944
12186 0.9944
12187 0.9944
12188 0.9944
12189 0.9944
12190 0.9944
12191 0.9944
12192 0.9944
12193 0.9944
12194 0.9944
12195 0.9944
12196 0.9944
12197 0.9944
12198 0.9944
12199 0.9944
12200 0.9944
12201 0.9944
12202 0.9944
12203 0.9944
12204 0.9944
12205 0.9944
12206 0.9944
12207 0.9944
12208 0.9944
12209 0.9944
12210 0.9944
12211 0.9944
12212 0.9944
12213 0.9944
12214 0.9944
12215 0.9944
12216 0.9944
12217 0.9944
12218 0.9944
12219 0.9944
12220 0.9944
12221 0.9944
12222 0.9944
12223 0.9944
12224 0.9944
12225 0.9944
12226 0.9944
12227 0.9944
12228 0.9944
12229 0.9944
12230 0.9944
12231 0.9944
12232 0.9944
12233 0.9944
12234 0.9944
12235 0.9944
12236 0.9944
12237 0.9944
12238 0.9944
12239 0.9944
12240 0.9944
12241 0.9944
12242 0.9944
12243 0.9944
12244 0.9944
12245 0.9944
12246 0.9944
12247 0.9944
12248 0.9944
12249 0.9944
12250 0.9944
12251 0.9944
12252 0.9944
12253 0.9944
12254 0.9944
12255 0.9944
12256 0.9944
12257 0.9944
12258 0.9944
12259 0.9944
12260 0.9944
12261 0.9944
12262 0.9944
12263 0.9944
12264 0.9944
12265 0.9944
12266 0.9944
12267 0.9944
12268 0.9944
12269 0.9944
12270 0.9944
12271 0.9944
12272 0.9944
12273 0.9944
12274 0.9944
12275 0.9944
12276 0.9944
12277 0.9944
12278 0.9944
12279 0.9944
12280 0.9944
12281 0.9944
12282 0.9944
12283 0.9944
12284 0.9944
12285 0.9944
12286 0.9944
12287 0.9944
12288 0.9944
12289 0.9944
12290 0.9944
12291 0.9944
12292 0.9944
12293 0.9944
12294 0.9944
12295 0.9944
12296 0.9944
12297 0.9944
12298 0.9944
12299 0.9944
12300 0.9944
12301 0.9944
12302 0.9948
12303 0.9948
12304 0.9948
12305 0.9948
12306 0.9948
12307 0.9948
12308 0.9948
12309 0.9948
12310 0.9948
12311 0.9948
12312 0.9948
12313 0.9948
12314 0.9948
12315 0.9948
12316 0.9948
12317 0.9948
12318 0.9948
12319 0.9948
12320 0.9948
12321 0.9948
12322 0.9948
12323 0.9948
12324 0.9948
12325 0.9948
12326 0.9948
12327 0.9948
12328 0.9948
12329 0.9948
12330 0.9948
12331 0.9948
12332 0.9948
12333 0.9948
12334 0.9948
12335 0.9948
12336 0.9948
12337 0.9948
12338 0.9948
12339 0.9948
12340 0.9948
12341 0.9948
12342 0.9948
12343 0.9948
12344 0.9948
12345 0.9948
12346 0.9948
12347 0.9948
12348 0.9948
12349 0.9948
12350 0.9948
12351 0.9948
12352 0.9948
12353 0.9948
12354 0.9948
12355 0.9948
12356 0.9948
12357 0.9948
12358 0.9948
12359 0.9948
12360 0.9948
12361 0.9948
12362 0.9948
12363 0.9948
12364 0.9948
12365 0.9948
12366 0.9948
12367 0.9948
12368 0.9948
12369 0.9948
12370 0.9948
12371 0.9948
12372 0.9948
12373 0.9948
12374 0.9948
12375 0.9948
12376 0.9948
12377 0.9948
12378 0.9948
12379 0.9948
12380 0.9948
12381 0.9948
12382 0.9948
12383 0.9948
12384 0.9948
12385 0.9948
12386 0.9948
12387 0.9948
12388 0.9948
12389 0.9948
12390 0.9948
12391 0.9948
12392 0.9948
12393 0.9948
12394 0.9948
12395 0.9948
12396 0.9948
12397 0.9948
12398 0.9948
12399 0.9948
12400 0.9948
12401 0.9948
12402 0.9948
12403 0.9948
12404 0.9948
12405 0.9948
12406 0.9948
12407 0.9948
12408 0.9948
12409 0.9948
12410 0.9948
12411 0.9948
12412 0.9948
12413 0.9948
12414 0.9948
12415 0.9948
12416 0.9948
12417 0.9948
12418 0.9948
12419 0.9948
12420 0.9948
12421 0.9948
12422 0.9948
12423 0.9948
12424 0.9948
12425 0.9948
12426 0.9948
12427 0.9948
12428 0.9948
12429 0.9948
12430 0.9948
12431 0.9948
12432 0.9948
12433 0.9948
12434 0.9948
12435 0.9948
12436 0.9948
12437 0.9948
12438 0.9948
12439 0.9948
12440 0.9948
12441 0.9948
12442 0.9948
12443 0.9948
12444 0.9948
12445 0.9948
12446 0.9948
12447 0.9948
12448 0.9948
12449 0.9948
12450 0.9948
12451 0.9948
12452 0.9948
12453 0.9948
12454 0.9948
12455 0.9948
12456 0.9948
12457 0.9948
12458 0.9948
12459 0.9948
12460 0.9948
12461 0.9948
12462 0.9948
12463 0.9948
12464 0.9948
12465 0.9948
12466 0.9948
12467 0.9948
12468 0.9948
12469 0.9948
12470 0.9948
12471 0.9948
12472 0.9948
12473 0.9948
12474 0.9948
12475 0.9948
12476 0.9948
12477 0.9948
12478 0.9948
12479 0.9948
12480 0.9948
12481 0.9948
12482 0.9948
12483 0.9948
12484 0.9948
12485 0.9948
12486 0.9948
12487 0.9948
12488 0.9948
12489 0.9948
12490 0.9948
12491 0.9948
12492 0.9948
12493 0.9948
12494 0.9948
12495 0.9948
12496 0.9948
12497 0.9948
12498 0.9948
12499 0.9948
12500 0.9948
12501 0.9948
12502 0.9948
12503 0.9948
12504 0.9948
12505 0.9948
12506 0.9948
12507 0.9948
12508 0.9948
12509 0.9948
12510 0.9948
12511 0.9948
12512 0.9948
12513 0.9948
12514 0.9948
12515 0.9948
12516 0.9948
12517 0.9948
12518 0.9948
12519 0.9948
12520 0.9948
12521 0.9948
12522 0.9948
12523 0.9948
12524 0.9948
12525 0.9948
12526 0.9948
12527 0.9948
12528 0.9948
12529 0.9948
12530 0.9948
12531 0.9948
12532 0.9948
12533 0.9948
12534 0.9948
12535 0.9948
12536 0.9948
12537 0.9948
12538 0.9948
12539 0.9948
12540 0.9948
12541 0.9948
12542 0.9948
12543 0.9948
12544 0.9948
12545 0.9948
12546 0.9948
12547 0.9948
12548 0.9948
12549 0.9948
12550 0.9948
12551 0.9948
12552 0.9948
12553 0.9948
12554 0.9948
12555 0.9948
12556 0.9948
12557 0.9948
12558 0.9948
12559 0.9948
12560 0.9948
12561 0.9948
12562 0.9948
12563 0.9948
12564 0.9948
12565 0.9948
12566 0.9948
12567 0.9952
12568 0.9952
12569 0.9952
12570 0.9952
12571 0.9952
12572 0.9952
12573 0.9952
12574 0.9952
12575 0.9952
12576 0.9952
12577 0.9952
12578 0.9952
12579 0.9952
12580 0.9952
12581 0.9952
12582 0.9952
12583 0.9952
12584 0.9952
12585 0.9952
12586 0.9952
12587 0.9952
12588 0.9952
12589 0.9952
12590 0.9952
12591 0.9952
12592 0.9952
12593 0.9952
12594 0.9952
12595 0.9952
12596 0.9952
12597 0.9952
12598 0.9952
12599 0.9952
12600 0.9952
12601 0.9952
12602 0.9952
12603 0.9952
12604 0.9952
12605 0.9952
12606 0.9952
12607 0.9952
12608 0.9952
12609 0.9952
12610 0.9952
12611 0.9952
12612 0.9952
12613 0.9952
12614 0.9952
12615 0.9952
12616 0.9952
12617 0.9952
12618 0.9952
12619 0.9952
12620 0.9952
12621 0.9952
12622 0.9952
12623 0.9952
12624 0.9952
12625 0.9952
12626 0.9952
12627 0.9952
12628 0.9952
12629 0.9952
12630 0.9952
12631 0.9952
12632 0.9952
12633 0.9952
12634 0.9952
12635 0.9952
12636 0.9952
12637 0.9952
12638 0.9952
12639 0.9952
12640 0.9952
12641 0.9952
12642 0.9952
12643 0.9952
12644 0.9952
12645 0.9952
12646 0.9952
12647 0.9952
12648 0.9952
12649 0.9952
12650 0.9952
12651 0.9952
12652 0.9952
12653 0.9952
12654 0.9952
12655 0.9952
12656 0.9952
12657 0.9952
12658 0.9952
12659 0.9952
12660 0.9952
12661 0.9952
12662 0.9952
12663 0.9952
12664 0.9952
12665 0.9952
12666 0.9952
12667 0.9952
12668 0.9952
12669 0.9952
12670 0.9952
12671 0.9952
12672 0.9952
12673 0.9952
12674 0.9952
12675 0.9952
12676 0.9952
12677 0.9952
12678 0.9952
12679 0.9952
12680 0.9952
12681 0.9952
12682 0.9952
12683 0.9952
12684 0.9952
12685 0.9952
12686 0.9952
12687 0.9952
12688 0.9952
12689 0.9952
12690 0.9952
12691 0.9952
12692 0.9952
12693 0.9956
12694 0.9956
12695 0.9956
12696 0.9956
12697 0.9956
12698 0.9956
12699 0.9956
12700 0.9956
12701 0.9956
12702 0.9956
12703 0.9956
12704 0.9956
12705 0.9956
12706 0.9956
12707 0.9956
12708 0.9956
12709 0.9956
12710 0.9956
12711 0.9956
12712 0.9956
12713 0.9956
12714 0.9956
12715 0.9956
12716 0.9956
12717 0.9956
12718 0.9956
12719 0.9956
12720 0.9956
12721 0.9956
12722 0.9956
12723 0.9956
12724 0.9956
12725 0.9956
12726 0.9956
12727 0.9960
12728 0.9960
12729 0.9960
12730 0.9960
12731 0.9964
12732 0.9964
12733 0.9964
12734 0.9964
12735 0.9964
12736 0.9964
12737 0.9964
12738 0.9964
12739 0.9964
12740 0.9964
12741 0.9964
12742 0.9964
12743 0.9964
12744 0.9964
12745 0.9964
12746 0.9964
12747 0.9964
12748 0.9964
12749 0.9964
12750 0.9964
12751 0.9964
12752 0.9964
12753 0.9964
12754 0.9964
12755 0.9964
12756 0.9964
12757 0.9964
12758 0.9964
12759 0.9964
12760 0.9964
12761 0.9964
12762 0.9964
12763 0.9964
12764 0.9964
12765 0.9964
12766 0.9964
12767 0.9964
12768 0.9964
12769 0.9964
12770 0.9964
12771 0.9964
12772 0.9968
12773 0.9968
12774 0.9968
12775 0.9968
12776 0.9968
12777 0.9968
12778 0.9968
12779 0.9968
12780 0.9968
12781 0.9968
12782 0.9968
12783 0.9968
12784 0.9968
12785 0.9968
12786 0.9968
12787 0.9968
12788 0.9968
12789 0.9968
12790 0.9968
12791 0.9968
12792 0.9968
12793 0.9968
12794 0.9968
12795 0.9968
12796 0.9968
12797 0.9968
12798 0.9968
12799 0.9968
12800 0.9968
12801 0.9968
12802 0.9968
12803 0.9968
12804 0.9968
12805 0.9968
12806 0.9968
12807 0.9968
12808 0.9968
12809 0.9968
12810 0.9968
12811 0.9968
12812 0.9968
12813 0.9968
12814 0.9968
12815 0.9968
12816 0.9968
12817 0.9968
12818 0.9968
12819 0.9968
12820 0.9968
12821 0.9968
12822 0.9968
12823 0.9968
12824 0.9968
12825 0.9968
12826 0.9968
12827 0.9968
12828 0.9968
12829 0.9968
12830 0.9968
12831 0.9968
12832 0.9968
12833 0.9968
12834 0.9968
12835 0.9968
12836 0.9968
12837 0.9968
12838 0.9968
12839 0.9968
12840 0.9968
12841 0.9968
12842 0.9968
12843 0.9968
12844 0.9968
12845 0.9968
12846 0.9968
12847 0.9968
12848 0.9968
12849 0.9968
12850 0.9968
12851 0.9968
12852 0.9968
12853 0.9968
12854 0.9968
12855 0.9968
12856 0.9968
12857 0.9968
12858 0.9968
12859 0.9972
12860 0.9972
12861 0.9972
12862 0.9972
12863 0.9972
12864 0.9972
12865 0.9972
12866 0.9972
12867 0.9972
12868 0.9972
12869 0.9972
12870 0.9972
12871 0.9972
12872 0.9972
12873 0.9972
12874 0.9972
12875 0.9972
12876 0.9972
12877 0.9972
12878 0.9972
12879 0.9972
12880 0.9972
12881 0.9972
12882 0.9972
12883 0.9972
12884 0.9972
12885 0.9972
12886 0.9972
12887 0.9972
12888 0.9972
12889 0.9972
12890 0.9972
12891 0.9972
12892 0.9972
12893 0.9972
12894 0.9972
12895 0.9972
12896 0.9972
12897 0.9972
12898 0.9972
12899 0.9972
12900 0.9972
12901 0.9972
12902 0.9972
12903 0.9972
12904 0.9972
12905 0.9972
12906 0.9972
12907 0.9972
12908 0.9972
12909 0.9972
12910 0.9972
12911 0.9972
12912 0.9972
12913 0.9972
12914 0.9972
12915 0.9972
12916 0.9972
12917 0.9972
12918 0.9972
12919 0.9972
12920 0.9972
12921 0.9972
12922 0.9972
12923 0.9972
12924 0.9972
12925 0.9972
12926 0.9972
12927 0.9972
12928 0.9972
12929 0.9972
12930 0.9972
12931 0.9972
12932 0.9972
12933 0.9972
12934 0.9972
12935 0.9972
12936 0.9972
12937 0.9972
12938 0.9972
12939 0.9972
12940 0.9972
12941 0.9972
12942 0.9976
12943 0.9976
12944 0.9976
12945 0.9976
12946 0.9976
12947 0.9976
12948 0.9976
12949 0.9976
12950 0.9976
12951 0.9976
12952 0.9976
12953 0.9976
12954 0.9976
12955 0.9976
12956 0.9976
12957 0.9976
12958 0.9976
12959 0.9976
12960 0.9976
12961 0.9976
12962 0.9976
12963 0.9976
12964 0.9976
12965 0.9976
12966 0.9976
12967 0.9976
12968 0.9976
12969 0.9976
12970 0.9976
12971 0.9976
12972 0.9976
12973 0.9976
12974 0.9976
12975 0.9976
12976 0.9976
12977 0.9976
12978 0.9976
12979 0.9976
12980 0.9976
12981 0.9976
12982 0.9976
12983 0.9976
12984 0.9976
12985 0.9976
12986 0.9976
12987 0.9976
12988 0.9976
12989 0.9976
12990 0.9976
12991 0.9976
12992 0.9976
12993 0.9976
12994 0.9976
12995 0.9976
12996 0.9976
12997 0.9976
12998 0.9976
12999 0.9976
13000 0.9976
13001 0.9976
13002 0.9976
13003 0.9976
13004 0.9976
13005 0.9976
13006 0.9976
13007 0.9976
13008 0.9976
13009 0.9976
13010 0.9976
13011 0.9976
13012 0.9976
13013 0.9976
13014 0.9976
13015 0.9976
13016 0.9976
13017 0.9976
13018 0.9976
13019 0.9976
13020 0.9976
13021 0.9976
13022 0.9976
13023 0.9976
13024 0.9976
13025 0.9976
13026 0.9976
13027 0.9976
13028 0.9976
13029 0.9976
13030 0.9976
13031 0.9976
13032 0.9976
13033 0.9976
13034 0.9976
13035 0.9976
13036 0.9976
13037 0.9976
13038 0.9976
13039 0.9976
13040 0.9976
13041 0.9976
13042 0.9976
13043 0.9976
13044 0.9976
13045 0.9976
13046 0.9976
13047 0.9976
13048 0.9976
13049 0.9976
13050 0.9976
13051 0.9976
13052 0.9976
13053 0.9976
13054 0.9976
13055 0.9976
13056 0.9976
13057 0.9976
13058 0.9976
13059 0.9976
13060 0.9976
13061 0.9976
13062 0.9976
13063 0.9976
13064 0.9976
13065 0.9976
13066 0.9976
13067 0.9976
13068 0.9976
13069 0.9976
13070 0.9976
13071 0.9976
13072 0.9976
13073 0.9976
13074 0.9976
13075 0.9976
13076 0.9976
13077 0.9976
13078 0.9976
13079 0.9976
13080 0.9976
13081 0.9976
13082 0.9976
13083 0.9976
13084 0.9976
13085 0.9976
13086 0.9976
13087 0.9976
13088 0.9976
13089 0.9976
13090 0.9976
13091 0.9976
13092 0.9976
13093 0.9976
13094 0.9976
13095 0.9976
13096 0.9976
13097 0.9976
13098 0.9976
13099 0.9976
13100 0.9976
13101 0.9976
13102 0.9976
13103 0.9976
13104 0.9976
13105 0.9976
13106 0.9976
13107 0.9976
13108 0.9976
13109 0.9976
13110 0.9976
13111 0.9976
13112 0.9976
13113 0.9976
13114 0.9976
13115 0.9976
13116 0.9976
13117 0.9976
13118 0.9976
13119 0.9976
13120 0.9976
13121 0.9976
13122 0.9976
13123 0.9976
13124 0.9976
13125 0.9976
13126 0.9976
13127 0.9976
13128 0.9976
13129 0.9976
13130 0.9976
13131 0.9976
13132 0.9976
13133 0.9976
13134 0.9976
13135 0.9976
13136 0.9976
13137 0.9976
13138 0.9976
13139 0.9976
13140 0.9976
13141 0.9976
13142 0.9976
13143 0.9976
13144 0.9976
13145 0.9976
13146 0.9976
13147 0.9976
13148 0.9976
13149 0.9976
13150 0.9976
13151 0.9976
13152 0.9976
13153 0.9976
13154 0.9976
13155 0.9976
13156 0.9976
13157 0.9976
13158 0.9976
13159 0.9976
13160 0.9976
13161 0.9976
13162 0.9976
13163 0.9976
13164 0.9976
13165 0.9976
13166 0.9976
13167 0.9976
13168 0.9976
13169 0.9976
13170 0.9976
13171 0.9976
13172 0.9976
13173 0.9976
13174 0.9976
13175 0.9976
13176 0.9976
13177 0.9976
13178 0.9976
13179 0.9976
13180 0.9976
13181 0.9976
13182 0.9976
13183 0.9976
13184 0.9976
13185 0.9976
13186 0.9976
13187 0.9976
13188 0.9976
13189 0.9976
13190 0.9976
13191 0.9976
13192 0.9976
13193 0.9976
13194 0.9976
13195 0.9976
13196 0.9976
13197 0.9976
13198 0.9976
13199 0.9976
13200 0.9976
13201 0.9976
13202 0.9976
13203 0.9976
13204 0.9976
13205 0.9976
13206 0.9976
13207 0.9976
13208 0.9976
13209 0.9976
13210 0.9976
13211 0.9976
13212 0.9976
13213 0.9976
13214 0.9976
13215 0.9976
13216 0.9976
13217 0.9976
13218 0.9976
13219 0.9976
13220 0.9976
13221 0.9976
13222 0.9976
13223 0.9976
13224 0.9976
13225 0.9976
13226 0.9976
13227 0.9976
13228 0.9976
13229 0.9976
13230 0.9976
13231 0.9976
13232 0.9976
13233 0.9976
13234 0.9976
13235 0.9976
13236 0.9976
13237 0.9976
13238 0.9976
13239 0.9976
13240 0.9976
13241 0.9976
13242 0.9976
13243 0.9976
13244 0.9976
13245 0.9976
13246 0.9976
13247 0.9976
13248 0.9976
13249 0.9976
13250 0.9976
13251 0.9976
13252 0.9976
13253 0.9976
13254 0.9976
13255 0.9976
13256 0.9976
13257 0.9976
13258 0.9976
13259 0.9976
13260 0.9976
13261 0.9976
13262 0.9976
13263 0.9976
13264 0.9976
13265 0.9976
13266 0.9976
13267 0.9976
13268 0.9976
13269 0.9976
13270 0.9976
13271 0.9976
13272 0.9976
13273 0.9976
13274 0.9976
13275 0.9976
13276 0.9976
13277 0.9976
13278 0.9976
13279 0.9976
13280 0.9976
13281 0.9976
13282 0.9976
13283 0.9976
13284 0.9976
13285 0.9976
13286 0.9976
13287 0.9976
13288 0.9976
13289 0.9976
13290 0.9976
13291 0.9976
13292 0.9976
13293 0.9976
13294 0.9976
13295 0.9976
13296 0.9976
13297 0.9976
13298 0.9976
13299 0.9976
13300 0.9976
13301 0.9976
13302 0.9976
13303 0.9976
13304 0.9976
13305 0.9976
13306 0.9976
13307 0.9976
13308 0.9976
13309 0.9976
13310 0.9976
13311 0.9976
13312 0.9976
13313 0.9976
13314 0.9976
13315 0.9976
13316 0.9976
13317 0.9976
13318 0.9976
13319 0.9976
13320 0.9976
13321 0.9976
13322 0.9976
13323 0.9976
13324 0.9976
13325 0.9976
13326 0.9976
13327 0.9976
13328 0.9976
13329 0.9976
13330 0.9976
13331 0.9976
13332 0.9976
13333 0.9976
13334 0.9976
13335 0.9976
13336 0.9976
13337 0.9976
13338 0.9976
13339 0.9976
13340 0.9976
13341 0.9976
13342 0.9976
13343 0.9976
13344 0.9976
13345 0.9976
13346 0.9976
13347 0.9976
13348 0.9976
13349 0.9976
13350 0.9976
13351 0.9976
13352 0.9976
13353 0.9976
13354 0.9976
13355 0.9976
13356 0.9976
13357 0.9976
13358 0.9976
13359 0.9976
13360 0.9976
13361 0.9976
13362 0.9976
13363 0.9976
13364 0.9976
13365 0.9976
13366 0.9976
13367 0.9976
13368 0.9976
13369 0.9976
13370 0.9976
13371 0.9976
13372 0.9976
13373 0.9976
13374 0.9976
13375 0.9976
13376 0.9976
13377 0.9976
13378 0.9976
13379 0.9976
13380 0.9976
13381 0.9976
13382 0.9976
13383 0.9976
13384 0.9976
13385 0.9976
13386 0.9976
13387 0.9976
13388 0.9976
13389 0.9976
13390 0.9976
13391 0.9976
13392 0.9976
13393 0.9976
13394 0.9976
13395 0.9976
13396 0.9976
13397 0.9976
13398 0.9980
13399 0.9980
13400 0.9980
13401 0.9980
13402 0.9980
13403 0.9980
13404 0.9980
13405 0.9980
13406 0.9980
13407 0.9980
13408 0.9980
13409 0.9980
13410 0.9980
13411 0.9980
13412 0.9980
13413 0.9980
13414 0.9980
13415 0.9980
13416 0.9980
13417 0.9980
13418 0.9980
13419 0.9980
13420 0.9980
13421 0.9980
13422 0.9980
13423 0.9980
13424 0.9980
13425 0.9980
13426 0.9980
13427 0.9980
13428 0.9980
13429 0.9980
13430 0.9980
13431 0.9980
13432 0.9980
13433 0.9980
13434 0.9980
13435 0.9980
13436 0.9980
13437 0.9980
13438 0.9980
13439 0.9980
13440 0.9980
13441 0.9980
13442 0.9980
13443 0.9980
13444 0.9980
13445 0.9980
13446 0.9980
13447 0.9980
13448 0.9980
13449 0.9980
13450 0.9980
13451 0.9980
13452 0.9980
13453 0.9980
13454 0.9980
13455 0.9980
13456 0.9980
13457 0.9980
13458 0.9980
13459 0.9980
13460 0.9980
13461 0.9980
13462 0.9980
13463 0.9980
13464 0.9980
13465 0.9980
13466 0.9980
13467 0.9980
13468 0.9980
13469 0.9980
13470 0.9980
13471 0.9980
13472 0.9980
13473 0.9980
13474 0.9980
13475 0.9980
13476 0.9980
13477 0.9980
13478 0.9980
13479 0.9980
13480 0.9980
13481 0.9980
13482 0.9980
13483 0.9980
13484 0.9980
13485 0.9980
13486 0.9980
13487 0.9980
13488 0.9980
13489 0.9980
13490 0.9980
13491 0.9980
13492 0.9980
13493 0.9980
13494 0.9980
13495 0.9980
13496 0.9980
13497 0.9980
13498 0.9980
13499 0.9980
13500 0.9980
13501 0.9980
13502 0.9980
13503 0.9980
13504 0.9980
13505 0.9980
13506 0.9980
13507 0.9980
13508 0.9980
13509 0.9980
13510 0.9980
13511 0.9980
13512 0.9980
13513 0.9980
13514 0.9980
13515 0.9980
13516 0.9980
13517 0.9980
13518 0.9980
13519 0.9980
13520 0.9980
13521 0.9980
13522 0.9980
13523 0.9980
13524 0.9980
13525 0.9980
13526 0.9980
13527 0.9980
13528 0.9980
13529 0.9980
13530 0.9980
13531 0.9980
13532 0.9980
13533 0.9980
13534 0.9980
13535 0.9980
13536 0.9980
13537 0.9980
13538 0.9980
13539 0.9980
13540 0.9980
13541 0.9980
13542 0.9980
13543 0.9980
13544 0.9980
13545 0.9980
13546 0.9980
13547 0.9980
13548 0.9980
13549 0.9980
13550 0.9980
13551 0.9980
13552 0.9980
13553 0.9980
13554 0.9980
13555 0.9980
13556 0.9980
13557 0.9980
13558 0.9980
13559 0.9980
13560 0.9980
13561 0.9980
13562 0.9980
13563 0.9980
13564 0.9980
13565 0.9980
13566 0.9980
13567 0.9980
13568 0.9980
13569 0.9980
13570 0.9980
13571 0.9980
13572 0.9980
13573 0.9980
13574 0.9980
13575 0.9980
13576 0.9980
13577 0.9980
13578 0.9980
13579 0.9980
13580 0.9980
13581 0.9980
13582 0.9980
13583 0.9980
13584 0.9980
13585 0.9980
13586 0.9980
13587 0.9980
13588 0.9980
13589 0.9980
13590 0.9980
13591 0.9980
13592 0.9980
13593 0.9980
13594 0.9980
13595 0.9980
13596 0.9980
13597 0.9980
13598 0.9980
13599 0.9980
13600 0.9980
13601 0.9980
13602 0.9980
13603 0.9980
13604 0.9980
13605 0.9980
13606 0.9980
13607 0.9980
13608 0.9980
13609 0.9980
13610 0.9980
13611 0.9980
13612 0.9980
13613 0.9980
13614 0.9980
13615 0.9980
13616 0.9980
13617 0.9980
13618 0.9980
13619 0.9980
13620 0.9980
13621 0.9980
13622 0.9980
13623 0.9980
13624 0.9980
13625 0.9980
13626 0.9980
13627 0.9980
13628 0.9980
13629 0.9980
13630 0.9980
13631 0.9980
13632 0.9980
13633 0.9980
13634 0.9980
13635 0.9980
13636 0.9980
13637 0.9980
13638 0.9980
13639 0.9980
13640 0.9980
13641 0.9980
13642 0.9980
13643 0.9980
13644 0.9980
13645 0.9980
13646 0.9980
13647 0.9980
13648 0.9980
13649 0.9980
13650 0.9980
13651 0.9980
13652 0.9980
13653 0.9980
13654 0.9980
13655 0.9980
13656 0.9980
13657 0.9980
13658 0.9980
13659 0.9980
13660 0.9980
13661 0.9980
13662 0.9980
13663 0.9980
13664 0.9980
13665 0.9980
13666 0.9980
13667 0.9980
13668 0.9980
13669 0.9980
13670 0.9980
13671 0.9980
13672 0.9980
13673 0.9980
13674 0.9980
13675 0.9980
13676 0.9980
13677 0.9980
13678 0.9980
13679 0.9980
13680 0.9980
13681 0.9980
13682 0.9980
13683 0.9980
13684 0.9980
13685 0.9980
13686 0.9980
13687 0.9980
13688 0.9980
13689 0.9980
13690 0.9980
13691 0.9980
13692 0.9980
13693 0.9980
13694 0.9980
13695 0.9980
13696 0.9980
13697 0.9980
13698 0.9980
13699 0.9980
13700 0.9980
13701 0.9980
13702 0.9980
13703 0.9980
13704 0.9980
13705 0.9980
13706 0.9980
13707 0.9980
13708 0.9980
13709 0.9980
13710 0.9980
13711 0.9980
13712 0.9980
13713 0.9980
13714 0.9980
13715 0.9980
13716 0.9980
13717 0.9980
13718 0.9980
13719 0.9980
13720 0.9980
13721 0.9980
13722 0.9980
13723 0.9980
13724 0.9980
13725 0.9980
13726 0.9980
13727 0.9980
13728 0.9980
13729 0.9980
13730 0.9980
13731 0.9980
13732 0.9980
13733 0.9980
13734 0.9980
13735 0.9980
13736 0.9980
13737 0.9980
13738 0.9980
13739 0.9980
13740 0.9980
13741 0.9980
13742 0.9980
13743 0.9980
13744 0.9980
13745 0.9980
13746 0.9980
13747 0.9980
13748 0.9980
13749 0.9980
13750 0.9980
13751 0.9980
13752 0.9980
13753 0.9980
13754 0.9980
13755 0.9980
13756 0.9980
13757 0.9980
13758 0.9980
13759 0.9980
13760 0.9980
13761 0.9980
13762 0.9980
13763 0.9980
13764 0.9980
13765 0.9980
13766 0.9980
13767 0.9980
13768 0.9980
13769 0.9980
13770 0.9980
13771 0.9980
13772 0.9980
13773 0.9980
13774 0.9980
13775 0.9980
13776 0.9980
13777 0.9980
13778 0.9980
13779 0.9980
13780 0.9980
13781 0.9980
13782 0.9980
13783 0.9980
13784 0.9980
13785 0.9980
13786 0.9980
13787 0.9980
13788 0.9980
13789 0.9980
13790 0.9980
13791 0.9980
13792 0.9980
13793 0.9980
13794 0.9980
13795 0.9980
13796 0.9980
13797 0.9980
13798 0.9980
13799 0.9980
13800 0.9980
13801 0.9980
13802 0.9980
13803 0.9980
13804 0.9980
13805 0.9980
13806 0.9980
13807 0.9980
13808 0.9980
13809 0.9980
13810 0.9980
13811 0.9980
13812 0.9980
13813 0.9980
13814 0.9980
13815 0.9980
13816 0.9980
13817 0.9980
13818 0.9980
13819 0.9980
13820 0.9980
13821 0.9980
13822 0.9980
13823 0.9980
13824 0.9980
13825 0.9980
13826 0.9980
13827 0.9980
13828 0.9980
13829 0.9980
13830 0.9980
13831 0.9980
13832 0.9980
13833 0.9980
13834 0.9980
13835 0.9980
13836 0.9980
13837 0.9980
13838 0.9980
13839 0.9980
13840 0.9980
13841 0.9980
13842 0.9980
13843 0.9980
13844 0.9980
13845 0.9980
13846 0.9980
13847 0.9980
13848 0.9980
13849 0.9980
13850 0.9980
13851 0.9980
13852 0.9980
13853 0.9980
13854 0.9980
13855 0.9980
13856 0.9980
13857 0.9980
13858 0.9980
13859 0.9980
13860 0.9980
13861 0.9980
13862 0.9980
13863 0.9980
13864 0.9980
13865 0.9980
13866 0.9980
13867 0.9980
13868 0.9980
13869 0.9980
13870 0.9980
13871 0.9980
13872 0.9980
13873 0.9980
13874 0.9980
13875 0.9980
13876 0.9980
13877 0.9980
13878 0.9980
13879 0.9980
13880 0.9980
13881 0.9980
13882 0.9980
13883 0.9980
13884 0.9980
13885 0.9980
13886 0.9980
13887 0.9980
13888 0.9980
13889 0.9980
13890 0.9980
13891 0.9980
13892 0.9980
13893 0.9980
13894 0.9980
13895 0.9980
13896 0.9980
13897 0.9980
13898 0.9980
13899 0.9980
13900 0.9980
13901 0.9980
13902 0.9980
13903 0.9980
13904 0.9980
13905 0.9980
13906 0.9980
13907 0.9980
13908 0.9980
13909 0.9980
13910 0.9980
13911 0.9980
13912 0.9980
13913 0.9980
13914 0.9980
13915 0.9980
13916 0.9980
13917 0.9980
13918 0.9980
13919 0.9980
13920 0.9980
13921 0.9980
13922 0.9980
13923 0.9980
13924 0.9980
13925 0.9980
13926 0.9980
13927 0.9980
13928 0.9980
13929 0.9980
13930 0.9980
13931 0.9980
13932 0.9980
13933 0.9980
13934 0.9980
13935 0.9980
13936 0.9980
13937 0.9980
13938 0.9980
13939 0.9980
13940 0.9980
13941 0.9980
13942 0.9980
13943 0.9980
13944 0.9980
13945 0.9980
13946 0.9980
13947 0.9980
13948 0.9980
13949 0.9980
13950 0.9980
13951 0.9980
13952 0.9980
13953 0.9980
13954 0.9980
13955 0.9980
13956 0.9980
13957 0.9980
13958 0.9980
13959 0.9980
13960 0.9980
13961 0.9980
13962 0.9980
13963 0.9980
13964 0.9980
13965 0.9980
13966 0.9980
13967 0.9980
13968 0.9980
13969 0.9980
13970 0.9980
13971 0.9980
13972 0.9980
13973 0.9980
13974 0.9980
13975 0.9980
13976 0.9980
13977 0.9980
13978 0.9980
13979 0.9980
13980 0.9980
13981 0.9980
13982 0.9980
13983 0.9980
13984 0.9980
13985 0.9980
13986 0.9980
13987 0.9980
13988 0.9980
13989 0.9980
13990 0.9980
13991 0.9980
13992 0.9980
13993 0.9980
13994 0.9980
13995 0.9980
13996 0.9980
13997 0.9980
13998 0.9980
13999 0.9980
14000 0.9980
14001 0.9980
14002 0.9980
14003 0.9980
14004 0.9980
14005 0.9980
14006 0.9980
14007 0.9980
14008 0.9980
14009 0.9980
14010 0.9980
14011 0.9980
14012 0.9980
14013 0.9980
14014 0.9980
14015 0.9980
14016 0.9980
14017 0.9980
14018 0.9980
14019 0.9980
14020 0.9980
14021 0.9980
14022 0.9980
14023 0.9980
14024 0.9980
14025 0.9980
14026 0.9980
14027 0.9980
14028 0.9980
14029 0.9980
14030 0.9980
14031 0.9980
14032 0.9980
14033 0.9980
14034 0.9980
14035 0.9980
14036 0.9980
14037 0.9980
14038 0.9980
14039 0.9980
14040 0.9980
14041 0.9980
14042 0.9980
14043 0.9980
14044 0.9980
14045 0.9980
14046 0.9980
14047 0.9980
14048 0.9980
14049 0.9980
14050 0.9980
14051 0.9980
14052 0.9980
14053 0.9980
14054 0.9980
14055 0.9980
14056 0.9980
14057 0.9980
14058 0.9980
14059 0.9980
14060 0.9980
14061 0.9980
14062 0.9980
14063 0.9980
14064 0.9980
14065 0.9980
14066 0.9980
14067 0.9980
14068 0.9980
14069 0.9980
14070 0.9980
14071 0.9980
14072 0.9980
14073 0.9980
14074 0.9980
14075 0.9980
14076 0.9980
14077 0.9980
14078 0.9980
14079 0.9980
14080 0.9980
14081 0.9980
14082 0.9980
14083 0.9980
14084 0.9980
14085 0.9980
14086 0.9980
14087 0.9980
14088 0.9980
14089 0.9980
14090 0.9980
14091 0.9980
14092 0.9980
14093 0.9980
14094 0.9980
14095 0.9980
14096 0.9980
14097 0.9980
14098 0.9980
14099 0.9980
14100 0.9980
14101 0.9980
14102 0.9980
14103 0.9980
14104 0.9980
14105 0.9980
14106 0.9980
14107 0.9980
14108 0.9980
14109 0.9980
14110 0.9980
14111 0.9980
14112 0.9980
14113 0.9980
14114 0.9980
14115 0.9980
14116 0.9980
14117 0.9980
14118 0.9980
14119 0.9980
14120 0.9980
14121 0.9980
14122 0.9980
14123 0.9980
14124 0.9980
14125 0.9980
14126 0.9980
14127 0.9980
14128 0.9980
14129 0.9980
14130 0.9980
14131 0.9980
14132 0.9980
14133 0.9980
14134 0.9980
14135 0.9980
14136 0.9980
14137 0.9980
14138 0.9980
14139 0.9980
14140 0.9980
14141 0.9980
14142 0.9980
14143 0.9980
14144 0.9980
14145 0.9980
14146 0.9980
14147 0.9980
14148 0.9980
14149 0.9980
14150 0.9980
14151 0.9980
14152 0.9980
14153 0.9980
14154 0.9980
14155 0.9980
14156 0.9980
14157 0.9980
14158 0.9980
14159 0.9980
14160 0.9980
14161 0.9980
14162 0.9980
14163 0.9980
14164 0.9980
14165 0.9980
14166 0.9980
14167 0.9980
14168 0.9980
14169 0.9980
14170 0.9980
14171 0.9980
14172 0.9980
14173 0.9980
14174 0.9980
14175 0.9980
14176 0.9980
14177 0.9980
14178 0.9980
14179 0.9980
14180 0.9980
14181 0.9984
14182 0.9984
14183 0.9984
14184 0.9984
14185 0.9984
14186 0.9984
14187 0.9984
14188 0.9984
14189 0.9984
14190 0.9984
14191 0.9984
14192 0.9984
14193 0.9984
14194 0.9984
14195 0.9984
14196 0.9984
14197 0.9984
14198 0.9984
14199 0.9984
14200 0.9984
14201 0.9984
14202 0.9984
14203 0.9984
14204 0.9984
14205 0.9984
14206 0.9984
14207 0.9984
14208 0.9988
14209 0.9988
14210 0.9988
14211 0.9988
14212 0.9988
14213 0.9988
14214 0.9988
14215 0.9988
14216 0.9988
14217 0.9988
14218 0.9988
14219 0.9988
14220 0.9988
14221 0.9988
14222 0.9988
14223 0.9988
14224 0.9988
14225 0.9988
14226 0.9988
14227 0.9988
14228 0.9988
14229 0.9988
14230 0.9988
14231 0.9988
14232 0.9988
14233 0.9988
14234 0.9988
14235 0.9988
14236 0.9988
14237 0.9988
14238 0.9988
14239 0.9988
14240 0.9988
14241 0.9988
14242 0.9988
14243 0.9988
14244 0.9988
14245 0.9988
14246 0.9988
14247 0.9988
14248 0.9988
14249 0.9988
14250 0.9988
14251 0.9988
14252 0.9988
14253 0.9988
14254 0.9988
14255 0.9988
14256 0.9988
14257 0.9988
14258 0.9988
14259 0.9988
14260 0.9988
14261 0.9988
14262 0.9988
14263 0.9988
14264 0.9988
14265 0.9988
14266 0.9988
14267 0.9988
14268 0.9988
14269 0.9988
14270 0.9988
14271 0.9988
14272 0.9988
14273 0.9988
14274 0.9988
14275 0.9988
14276 0.9988
14277 0.9988
14278 0.9988
14279 0.9988
14280 0.9988
14281 0.9988
14282 0.9988
14283 0.9988
14284 0.9988
14285 0.9988
14286 0.9988
14287 0.9988
14288 0.9988
14289 0.9988
14290 0.9988
14291 0.9988
14292 0.9988
14293 0.9988
14294 0.9988
14295 0.9988
14296 0.9988
14297 0.9988
14298 0.9988
14299 0.9988
14300 0.9988
14301 0.9988
14302 0.9988
14303 0.9988
14304 0.9988
14305 0.9988
14306 0.9988
14307 0.9988
14308 0.9988
14309 0.9988
14310 0.9988
14311 0.9988
14312 0.9988
14313 0.9988
14314 0.9988
14315 0.9988
14316 0.9988
14317 0.9988
14318 0.9988
14319 0.9988
14320 0.9988
14321 0.9988
14322 0.9988
14323 0.9988
14324 0.9988
14325 0.9988
14326 0.9988
14327 0.9988
14328 0.9988
14329 0.9988
14330 0.9988
14331 0.9988
14332 0.9988
14333 0.9988
14334 0.9988
14335 0.9988
14336 0.9988
14337 0.9988
14338 0.9988
14339 0.9988
14340 0.9988
14341 0.9988
14342 0.9988
14343 0.9988
14344 0.9988
14345 0.9988
14346 0.9988
14347 0.9988
14348 0.9988
14349 0.9988
14350 0.9988
14351 0.9988
14352 0.9988
14353 0.9988
14354 0.9988
14355 0.9988
14356 0.9988
14357 0.9988
14358 0.9988
14359 0.9988
14360 0.9988
14361 0.9988
14362 0.9988
14363 0.9988
14364 0.9988
14365 0.9988
14366 0.9988
14367 0.9988
14368 0.9988
14369 0.9988
14370 0.9988
14371 0.9988
14372 0.9988
14373 0.9988
14374 0.9988
14375 0.9988
14376 0.9988
14377 0.9988
14378 0.9988
14379 0.9988
14380 0.9988
14381 0.9988
14382 0.9988
14383 0.9988
14384 0.9988
14385 0.9988
14386 0.9988
14387 0.9988
14388 0.9988
14389 0.9988
14390 0.9988
14391 0.9988
14392 0.9988
14393 0.9988
14394 0.9988
14395 0.9988
14396 0.9988
14397 0.9988
14398 0.9988
14399 0.9988
14400 0.9988
14401 0.9988
14402 0.9988
14403 0.9988
14404 0.9988
14405 0.9988
14406 0.9988
14407 0.9988
14408 0.9988
14409 0.9988
14410 0.9988
14411 0.9988
14412 0.9988
14413 0.9988
14414 0.9988
14415 0.9988
14416 0.9988
14417 0.9988
14418 0.9988
14419 0.9988
14420 0.9988
14421 0.9988
14422 0.9988
14423 0.9988
14424 0.9988
14425 0.9988
14426 0.9988
14427 0.9988
14428 0.9988
14429 0.9988
14430 0.9988
14431 0.9988
14432 0.9988
14433 0.9988
14434 0.9988
14435 0.9988
14436 0.9988
14437 0.9988
14438 0.9988
14439 0.9988
14440 0.9988
14441 0.9988
14442 0.9988
14443 0.9988
14444 0.9988
14445 0.9988
14446 0.9988
14447 0.9988
14448 0.9988
14449 0.9988
14450 0.9988
14451 0.9988
14452 0.9988
14453 0.9988
14454 0.9988
14455 0.9988
14456 0.9988
14457 0.9988
14458 0.9988
14459 0.9988
14460 0.9988
14461 0.9988
14462 0.9988
14463 0.9988
14464 0.9988
14465 0.9988
14466 0.9988
14467 0.9988
14468 0.9988
14469 0.9988
14470 0.9988
14471 0.9988
14472 0.9988
14473 0.9988
14474 0.9988
14475 0.9988
14476 0.9988
14477 0.9988
14478 0.9988
14479 0.9988
14480 0.9988
14481 0.9988
14482 0.9988
14483 0.9988
14484 0.9988
14485 0.9988
14486 0.9988
14487 0.9988
14488 0.9988
14489 0.9988
14490 0.9988
14491 0.9988
14492 0.9988
14493 0.9988
14494 0.9988
14495 0.9988
14496 0.9988
14497 0.9988
14498 0.9988
14499 0.9988
14500 0.9988
14501 0.9988
14502 0.9988
14503 0.9988
14504 0.9988
14505 0.9988
14506 0.9988
14507 0.9988
14508 0.9988
14509 0.9988
14510 0.9988
14511 0.9988
14512 0.9988
14513 0.9988
14514 0.9988
14515 0.9988
14516 0.9988
14517 0.9988
14518 0.9988
14519 0.9988
14520 0.9988
14521 0.9988
14522 0.9988
14523 0.9988
14524 0.9988
14525 0.9988
14526 0.9988
14527 0.9988
14528 0.9988
14529 0.9988
14530 0.9988
14531 0.9988
14532 0.9988
14533 0.9988
14534 0.9988
14535 0.9988
14536 0.9988
14537 0.9988
14538 0.9988
14539 0.9988
14540 0.9988
14541 0.9988
14542 0.9988
14543 0.9988
14544 0.9988
14545 0.9988
14546 0.9988
14547 0.9988
14548 0.9988
14549 0.9988
14550 0.9988
14551 0.9988
14552 0.9988
14553 0.9988
14554 0.9988
14555 0.9988
14556 0.9988
14557 0.9988
14558 0.9988
14559 0.9988
14560 0.9988
14561 0.9988
14562 0.9988
14563 0.9988
14564 0.9988
14565 0.9988
14566 0.9988
14567 0.9988
14568 0.9988
14569 0.9988
14570 0.9988
14571 0.9988
14572 0.9988
14573 0.9988
14574 0.9988
14575 0.9988
14576 0.9988
14577 0.9988
14578 0.9988
14579 0.9988
14580 0.9988
14581 0.9988
14582 0.9988
14583 0.9988
14584 0.9988
14585 0.9988
14586 0.9988
14587 0.9988
14588 0.9988
14589 0.9988
14590 0.9988
14591 0.9988
14592 0.9988
14593 0.9988
14594 0.9988
14595 0.9988
14596 0.9988
14597 0.9988
14598 0.9988
14599 0.9988
14600 0.9988
14601 0.9988
14602 0.9988
14603 0.9988
14604 0.9988
14605 0.9988
14606 0.9988
14607 0.9988
14608 0.9988
14609 0.9988
14610 0.9988
14611 0.9988
14612 0.9988
14613 0.9988
14614 0.9988
14615 0.9988
14616 0.9988
14617 0.9988
14618 0.9988
14619 0.9988
14620 0.9988
14621 0.9988
14622 0.9988
14623 0.9988
14624 0.9988
14625 0.9988
14626 0.9988
14627 0.9988
14628 0.9988
14629 0.9988
14630 0.9988
14631 0.9988
14632 0.9988
14633 0.9988
14634 0.9988
14635 0.9988
14636 0.9988
14637 0.9988
14638 0.9988
14639 0.9988
14640 0.9988
14641 0.9988
14642 0.9988
14643 0.9988
14644 0.9988
14645 0.9988
14646 0.9988
14647 0.9988
14648 0.9988
14649 0.9988
14650 0.9988
14651 0.9988
14652 0.9988
14653 0.9988
14654 0.9988
14655 0.9988
14656 0.9988
14657 0.9988
14658 0.9988
14659 0.9988
14660 0.9988
14661 0.9988
14662 0.9988
14663 0.9988
14664 0.9988
14665 0.9988
14666 0.9988
14667 0.9988
14668 0.9988
14669 0.9988
14670 0.9988
14671 0.9988
14672 0.9988
14673 0.9988
14674 0.9988
14675 0.9988
14676 0.9988
14677 0.9988
14678 0.9988
14679 0.9988
14680 0.9988
14681 0.9988
14682 0.9988
14683 0.9988
14684 0.9988
14685 0.9988
14686 0.9988
14687 0.9988
14688 0.9988
14689 0.9988
14690 0.9988
14691 0.9988
14692 0.9988
14693 0.9988
14694 0.9988
14695 0.9988
14696 0.9988
14697 0.9988
14698 0.9988
14699 0.9988
14700 0.9988
14701 0.9988
14702 0.9988
14703 0.9988
14704 0.9988
14705 0.9988
14706 0.9988
14707 0.9988
14708 0.9988
14709 0.9988
14710 0.9988
14711 0.9988
14712 0.9988
14713 0.9988
14714 0.9988
14715 0.9988
14716 0.9988
14717 0.9988
14718 0.9988
14719 0.9988
14720 0.9988
14721 0.9988
14722 0.9988
14723 0.9988
14724 0.9988
14725 0.9988
14726 0.9988
14727 0.9988
14728 0.9988
14729 0.9988
14730 0.9988
14731 0.9988
14732 0.9988
14733 0.9988
14734 0.9988
14735 0.9988
14736 0.9988
14737 0.9988
14738 0.9988
14739 0.9988
14740 0.9988
14741 0.9988
14742 0.9988
14743 0.9988
14744 0.9988
14745 0.9988
14746 0.9988
14747 0.9988
14748 0.9988
14749 0.9988
14750 0.9988
14751 0.9988
14752 0.9988
14753 0.9988
14754 0.9988
14755 0.9988
14756 0.9988
14757 0.9988
14758 0.9988
14759 0.9988
14760 0.9988
14761 0.9988
14762 0.9988
14763 0.9988
14764 0.9988
14765 0.9988
14766 0.9988
14767 0.9988
14768 0.9988
14769 0.9988
14770 0.9988
14771 0.9988
14772 0.9988
14773 0.9988
14774 0.9988
14775 0.9988
14776 0.9988
14777 0.9988
14778 0.9988
14779 0.9988
14780 0.9988
14781 0.9988
14782 0.9988
14783 0.9988
14784 0.9988
14785 0.9988
14786 0.9988
14787 0.9988
14788 0.9988
14789 0.9988
14790 0.9988
14791 0.9988
14792 0.9988
14793 0.9988
14794 0.9988
14795 0.9988
14796 0.9988
14797 0.9988
14798 0.9988
14799 0.9988
14800 0.9988
14801 0.9988
14802 0.9988
14803 0.9988
14804 0.9988
14805 0.9988
14806 0.9988
14807 0.9988
14808 0.9988
14809 0.9988
14810 0.9988
14811 0.9988
14812 0.9988
14813 0.9988
14814 0.9988
14815 0.9988
14816 0.9988
14817 0.9988
14818 0.9988
14819 0.9988
14820 0.9988
14821 0.9988
14822 0.9988
14823 0.9988
14824 0.9988
14825 0.9988
14826 0.9988
14827 0.9988
14828 0.9988
14829 0.9988
14830 0.9988
14831 0.9988
14832 0.9988
14833 0.9988
14834 0.9988
14835 0.9988
14836 0.9988
14837 0.9988
14838 0.9988
14839 0.9988
14840 0.9988
14841 0.9988
14842 0.9988
14843 0.9988
14844 0.9988
14845 0.9988
14846 0.9988
14847 0.9988
14848 0.9988
14849 0.9988
14850 0.9988
14851 0.9988
14852 0.9988
14853 0.9988
14854 0.9988
14855 0.9988
14856 0.9988
14857 0.9988
14858 0.9988
14859 0.9988
14860 0.9988
14861 0.9988
14862 0.9988
14863 0.9988
14864 0.9988
14865 0.9988
14866 0.9988
14867 0.9988
14868 0.9988
14869 0.9988
14870 0.9988
14871 0.9988
14872 0.9988
14873 0.9988
14874 0.9988
14875 0.9988
14876 0.9988
14877 0.9988
14878 0.9988
14879 0.9988
14880 0.9988
14881 0.9988
14882 0.9988
14883 0.9988
14884 0.9988
14885 0.9988
14886 0.9988
14887 0.9988
14888 0.9988
14889 0.9988
14890 0.9988
14891 0.9988
14892 0.9988
14893 0.9988
14894 0.9988
14895 0.9988
14896 0.9988
14897 0.9988
14898 0.9988
14899 0.9988
14900 0.9988
14901 0.9988
14902 0.9988
14903 0.9988
14904 0.9988
14905 0.9988
14906 0.9988
14907 0.9988
14908 0.9988
14909 0.9988
14910 0.9988
14911 0.9988
14912 0.9988
14913 0.9988
14914 0.9988
14915 0.9988
14916 0.9988
14917 0.9988
14918 0.9988
14919 0.9988
14920 0.9988
14921 0.9988
14922 0.9988
14923 0.9988
14924 0.9988
14925 0.9988
14926 0.9988
14927 0.9988
14928 0.9988
14929 0.9988
14930 0.9988
14931 0.9988
14932 0.9988
14933 0.9988
14934 0.9988
14935 0.9988
14936 0.9988
14937 0.9988
14938 0.9988
14939 0.9988
14940 0.9988
14941 0.9988
14942 0.9988
14943 0.9988
14944 0.9988
14945 0.9988
14946 0.9988
14947 0.9988
14948 0.9988
14949 0.9988
14950 0.9988
14951 0.9988
14952 0.9988
14953 0.9988
14954 0.9988
14955 0.9988
14956 0.9988
14957 0.9988
14958 0.9988
14959 0.9988
14960 0.9988
14961 0.9988
14962 0.9988
14963 0.9988
14964 0.9988
14965 0.9988
14966 0.9988
14967 0.9988
14968 0.9988
14969 0.9988
14970 0.9988
14971 0.9988
14972 0.9988
14973 0.9988
14974 0.9988
14975 0.9988
14976 0.9988
14977 0.9988
14978 0.9988
14979 0.9988
14980 0.9988
14981 0.9988
14982 0.9988
14983 0.9988
14984 0.9988
14985 0.9988
14986 0.9988
14987 0.9988
14988 0.9988
14989 0.9988
14990 0.9988
14991 0.9988
14992 0.9988
14993 0.9988
14994 0.9988
14995 0.9988
14996 0.9988
14997 0.9988
14998 0.9988
14999 0.9988
15000 0.9988
15001 0.9988
15002 0.9988
15003 0.9988
15004 0.9988
15005 0.9988
15006 0.9988
15007 0.9988
15008 0.9988
15009 0.9988
15010 0.9988
15011 0.9988
15012 0.9988
15013 0.9988
15014 0.9988
15015 0.9988
15016 0.9988
15017 0.9988
15018 0.9988
15019 0.9988
15020 0.9988
15021 0.9988
15022 0.9988
15023 0.9988
15024 0.9988
15025 0.9988
15026 0.9988
15027 0.9988
15028 0.9988
15029 0.9988
15030 0.9988
15031 0.9988
15032 0.9988
15033 0.9988
15034 0.9988
15035 0.9988
15036 0.9988
15037 0.9988
15038 0.9988
15039 0.9988
15040 0.9988
15041 0.9988
15042 0.9988
15043 0.9988
15044 0.9988
15045 0.9988
15046 0.9988
15047 0.9988
15048 0.9988
15049 0.9988
15050 0.9988
15051 0.9988
15052 0.9988
15053 0.9988
15054 0.9988
15055 0.9988
15056 0.9988
15057 0.9988
15058 0.9988
15059 0.9988
15060 0.9988
15061 0.9988
15062 0.9988
15063 0.9988
15064 0.9988
15065 0.9988
15066 0.9988
15067 0.9988
15068 0.9988
15069 0.9988
15070 0.9988
15071 0.9988
15072 0.9988
15073 0.9988
15074 0.9988
15075 0.9988
15076 0.9988
15077 0.9988
15078 0.9988
15079 0.9988
15080 0.9988
15081 0.9988
15082 0.9988
15083 0.9988
15084 0.9988
15085 0.9988
15086 0.9988
15087 0.9988
15088 0.9988
15089 0.9988
15090 0.9988
15091 0.9988
15092 0.9988
15093 0.9988
15094 0.9988
15095 0.9988
15096 0.9988
15097 0.9988
15098 0.9988
15099 0.9988
15100 0.9988
15101 0.9988
15102 0.9988
15103 0.9988
15104 0.9988
15105 0.9988
15106 0.9988
15107 0.9988
15108 0.9988
15109 0.9988
15110 0.9988
15111 0.9988
15112 0.9988
15113 0.9988
15114 0.9988
15115 0.9988
15116 0.9988
15117 0.9988
15118 0.9988
15119 0.9988
15120 0.9988
15121 0.9988
15122 0.9988
15123 0.9988
15124 0.9988
15125 0.9988
15126 0.9988
15127 0.9988
15128 0.9988
15129 0.9988
15130 0.9988
15131 0.9988
15132 0.9988
15133 0.9988
15134 0.9988
15135 0.9988
15136 0.9988
15137 0.9988
15138 0.9988
15139 0.9988
15140 0.9988
15141 0.9988
15142 0.9988
15143 0.9988
15144 0.9988
15145 0.9988
15146 0.9988
15147 0.9988
15148 0.9988
15149 0.9988
15150 0.9988
15151 0.9988
15152 0.9988
15153 0.9988
15154 0.9988
15155 0.9988
15156 0.9988
15157 0.9988
15158 0.9988
15159 0.9988
15160 0.9988
15161 0.9988
15162 0.9988
15163 0.9988
15164 0.9988
15165 0.9988
15166 0.9988
15167 0.9988
15168 0.9988
15169 0.9988
15170 0.9988
15171 0.9988
15172 0.9988
15173 0.9988
15174 0.9988
15175 0.9988
15176 0.9988
15177 0.9988
15178 0.9988
15179 0.9988
15180 0.9988
15181 0.9988
15182 0.9988
15183 0.9988
15184 0.9988
15185 0.9988
15186 0.9988
15187 0.9988
15188 0.9988
15189 0.9988
15190 0.9988
15191 0.9988
15192 0.9988
15193 0.9988
15194 0.9988
15195 0.9988
15196 0.9988
15197 0.9988
15198 0.9988
15199 0.9988
15200 0.9988
15201 0.9988
15202 0.9988
15203 0.9988
15204 0.9988
15205 0.9988
15206 0.9988
15207 0.9988
15208 0.9988
15209 0.9988
15210 0.9988
15211 0.9988
15212 0.9988
15213 0.9988
15214 0.9988
15215 0.9988
15216 0.9988
15217 0.9988
15218 0.9988
15219 0.9988
15220 0.9988
15221 0.9988
15222 0.9988
15223 0.9988
15224 0.9988
15225 0.9988
15226 0.9988
15227 0.9988
15228 0.9988
15229 0.9988
15230 0.9988
15231 0.9988
15232 0.9988
15233 0.9988
15234 0.9988
15235 0.9988
15236 0.9988
15237 0.9988
15238 0.9988
15239 0.9988
15240 0.9988
15241 0.9988
15242 0.9988
15243 0.9988
15244 0.9988
15245 0.9988
15246 0.9988
15247 0.9988
15248 0.9988
15249 0.9988
15250 0.9988
15251 0.9988
15252 0.9988
15253 0.9988
15254 0.9988
15255 0.9988
15256 0.9988
15257 0.9988
15258 0.9988
15259 0.9988
15260 0.9988
15261 0.9988
15262 0.9988
15263 0.9988
15264 0.9988
15265 0.9988
15266 0.9988
15267 0.9988
15268 0.9988
15269 0.9988
15270 0.9988
15271 0.9988
15272 0.9988
15273 0.9988
15274 0.9988
15275 0.9988
15276 0.9988
15277 0.9988
15278 0.9988
15279 0.9988
15280 0.9988
15281 0.9988
15282 0.9988
15283 0.9988
15284 0.9988
15285 0.9988
15286 0.9988
15287 0.9988
15288 0.9988
15289 0.9988
15290 0.9988
15291 0.9988
15292 0.9988
15293 0.9988
15294 0.9988
15295 0.9992
15296 0.9992
15297 0.9992
15298 0.9992
15299 0.9992
15300 0.9992
15301 0.9992
15302 0.9992
15303 0.9992
15304 0.9992
15305 0.9992
15306 0.9992
15307 0.9992
15308 0.9992
15309 0.9992
15310 0.9992
15311 0.9992
15312 0.9992
15313 0.9992
15314 0.9992
15315 0.9992
15316 0.9992
15317 0.9992
15318 0.9992
15319 0.9992
15320 0.9992
15321 0.9992
15322 0.9992
15323 0.9992
15324 0.9992
15325 0.9992
15326 0.9992
15327 0.9992
15328 0.9992
15329 0.9992
15330 0.9992
15331 0.9992
15332 0.9992
15333 0.9992
15334 0.9992
15335 0.9992
15336 0.9992
15337 0.9992
15338 0.9992
15339 0.9992
15340 0.9992
15341 0.9992
15342 0.9992
15343 0.9992
15344 0.9992
15345 0.9992
15346 0.9992
15347 0.9992
15348 0.9992
15349 0.9992
15350 0.9992
15351 0.9992
15352 0.9992
15353 0.9992
15354 0.9992
15355 0.9992
15356 0.9992
15357 0.9992
15358 0.9992
15359 0.9992
15360 0.9992
15361 0.9992
15362 0.9992
15363 0.9992
15364 0.9992
15365 0.9992
15366 0.9992
15367 0.9992
15368 0.9992
15369 0.9992
15370 0.9992
15371 0.9992
15372 0.9992
15373 0.9992
15374 0.9992
15375 0.9992
15376 0.9992
15377 0.9992
15378 0.9992
15379 0.9992
15380 0.9992
15381 0.9992
15382 0.9992
15383 0.9992
15384 0.9992
15385 0.9992
15386 0.9992
15387 0.9992
15388 0.9992
15389 0.9992
15390 0.9992
15391 0.9992
15392 0.9992
15393 0.9992
15394 0.9992
15395 0.9992
15396 0.9992
15397 0.9992
15398 0.9992
15399 0.9992
15400 0.9992
15401 0.9992
15402 0.9992
15403 0.9992
15404 0.9992
15405 0.9992
15406 0.9992
15407 0.9992
15408 0.9992
15409 0.9992
15410 0.9992
15411 0.9992
15412 0.9992
15413 0.9992
15414 0.9992
15415 0.9992
15416 0.9992
15417 0.9992
15418 0.9992
15419 0.9992
15420 0.9992
15421 0.9992
15422 0.9992
15423 0.9992
15424 0.9992
15425 0.9992
15426 0.9992
15427 0.9992
15428 0.9992
15429 0.9992
15430 0.9992
15431 0.9992
15432 0.9992
15433 0.9992
15434 0.9992
15435 0.9992
15436 0.9992
15437 0.9992
15438 0.9992
15439 0.9992
15440 0.9992
15441 0.9992
15442 0.9992
15443 0.9992
15444 0.9992
15445 0.9992
15446 0.9992
15447 0.9992
15448 0.9992
15449 0.9992
15450 0.9992
15451 0.9992
15452 0.9992
15453 0.9992
15454 0.9992
15455 0.9992
15456 0.9992
15457 0.9992
15458 0.9992
15459 0.9992
15460 0.9992
15461 0.9992
15462 0.9992
15463 0.9992
15464 0.9992
15465 0.9992
15466 0.9992
15467 0.9992
15468 0.9992
15469 0.9992
15470 0.9992
15471 0.9992
15472 0.9992
15473 0.9992
15474 0.9992
15475 0.9992
15476 0.9992
15477 0.9992
15478 0.9992
15479 0.9992
15480 0.9992
15481 0.9992
15482 0.9992
15483 0.9992
15484 0.9992
15485 0.9992
15486 0.9992
15487 0.9992
15488 0.9992
15489 0.9992
15490 0.9992
15491 0.9992
15492 0.9992
15493 0.9992
15494 0.9992
15495 0.9992
15496 0.9992
15497 0.9992
15498 0.9992
15499 0.9992
15500 0.9992
15501 0.9992
15502 0.9992
15503 0.9992
15504 0.9992
15505 0.9992
15506 0.9992
15507 0.9992
15508 0.9992
15509 0.9992
15510 0.9992
15511 0.9992
15512 0.9992
15513 0.9992
15514 0.9992
15515 0.9992
15516 0.9992
15517 0.9992
15518 0.9992
15519 0.9992
15520 0.9992
15521 0.9992
15522 0.9992
15523 0.9992
15524 0.9992
15525 0.9992
15526 0.9992
15527 0.9992
15528 0.9992
15529 0.9992
15530 0.9992
15531 0.9992
15532 0.9992
15533 0.9992
15534 0.9992
15535 0.9992
15536 0.9992
15537 0.9992
15538 0.9992
15539 0.9992
15540 0.9992
15541 0.9992
15542 0.9992
15543 0.9992
15544 0.9992
15545 0.9992
15546 0.9992
15547 0.9992
15548 0.9992
15549 0.9992
15550 0.9992
15551 0.9992
15552 0.9992
15553 0.9992
15554 0.9992
15555 0.9992
15556 0.9992
15557 0.9992
15558 0.9992
15559 0.9992
15560 0.9992
15561 0.9992
15562 0.9992
15563 0.9992
15564 0.9992
15565 0.9992
15566 0.9992
15567 0.9992
15568 0.9992
15569 0.9992
15570 0.9992
15571 0.9992
15572 0.9992
15573 0.9992
15574 0.9992
15575 0.9992
15576 0.9992
15577 0.9992
15578 0.9992
15579 0.9992
15580 0.9992
15581 0.9992
15582 0.9992
15583 0.9992
15584 0.9992
15585 0.9992
15586 0.9992
15587 0.9992
15588 0.9992
15589 0.9992
15590 0.9992
15591 0.9992
15592 0.9992
15593 0.9992
15594 0.9992
15595 0.9992
15596 0.9992
15597 0.9992
15598 0.9992
15599 0.9992
15600 0.9992
15601 0.9992
15602 0.9992
15603 0.9992
15604 0.9992
15605 0.9992
15606 0.9992
15607 0.9992
15608 0.9992
15609 0.9992
15610 0.9992
15611 0.9992
15612 0.9992
15613 0.9992
15614 0.9992
15615 0.9992
15616 0.9992
15617 0.9992
15618 0.9992
15619 0.9992
15620 0.9992
15621 0.9992
15622 0.9992
15623 0.9992
15624 0.9992
15625 0.9992
15626 0.9992
15627 0.9992
15628 0.9992
15629 0.9992
15630 0.9992
15631 0.9992
15632 0.9992
15633 0.9992
15634 0.9992
15635 0.9992
15636 0.9992
15637 0.9992
15638 0.9992
15639 0.9992
15640 0.9992
15641 0.9996
15642 0.9996
15643 0.9996
15644 0.9996
15645 0.9996
15646 0.9996
15647 0.9996
15648 0.9996
15649 0.9996
15650 0.9996
15651 0.9996
15652 0.9996
15653 0.9996
15654 0.9996
15655 0.9996
15656 0.9996
15657 0.9996
15658 0.9996
15659 0.9996
15660 0.9996
15661 0.9996
15662 0.9996
15663 0.9996
15664 0.9996
15665 0.9996
15666 0.9996
15667 0.9996
15668 0.9996
15669 0.9996
15670 0.9996
15671 0.9996
15672 0.9996
15673 0.9996
15674 0.9996
15675 0.9996
15676 0.9996
15677 0.9996
15678 0.9996
15679 0.9996
15680 0.9996
15681 0.9996
15682 0.9996
15683 0.9996
15684 0.9996
15685 0.9996
15686 0.9996
15687 0.9996
15688 0.9996
15689 0.9996
15690 0.9996
15691 0.9996
15692 0.9996
15693 0.9996
15694 0.9996
15695 0.9996
15696 0.9996
15697 0.9996
15698 0.9996
15699 0.9996
15700 0.9996
15701 0.9996
15702 0.9996
15703 0.9996
15704 0.9996
15705 0.9996
15706 0.9996
15707 0.9996
15708 0.9996
15709 0.9996
15710 0.9996
15711 0.9996
15712 0.9996
15713 0.9996
15714 0.9996
15715 0.9996
15716 0.9996
15717 0.9996
15718 0.9996
15719 0.9996
15720 0.9996
15721 0.9996
15722 0.9996
15723 0.9996
15724 0.9996
15725 0.9996
15726 0.9996
15727 0.9996
15728 0.9996
15729 0.9996
15730 0.9996
15731 0.9996
15732 0.9996
15733 0.9996
15734 0.9996
15735 0.9996
15736 0.9996
15737 0.9996
15738 0.9996
15739 0.9996
15740 0.9996
15741 0.9996
15742 0.9996
15743 0.9996
15744 0.9996
15745 0.9996
15746 0.9996
15747 0.9996
15748 0.9996
15749 0.9996
15750 0.9996
15751 0.9996
15752 0.9996
15753 0.9996
15754 0.9996
15755 0.9996
15756 0.9996
15757 0.9996
15758 0.9996
15759 0.9996
15760 0.9996
15761 0.9996
15762 0.9996
15763 0.9996
15764 0.9996
15765 0.9996
15766 0.9996
15767 0.9996
15768 0.9996
15769 0.9996
15770 0.9996
15771 0.9996
15772 0.9996
15773 0.9996
15774 0.9996
15775 0.9996
15776 0.9996
15777 0.9996
15778 0.9996
15779 0.9996
15780 0.9996
15781 0.9996
15782 0.9996
15783 0.9996
15784 0.9996
15785 0.9996
15786 0.9996
15787 0.9996
15788 0.9996
15789 0.9996
15790 0.9996
15791 0.9996
15792 0.9996
15793 0.9996
15794 0.9996
15795 0.9996
15796 0.9996
15797 0.9996
15798 0.9996
15799 0.9996
15800 0.9996
15801 0.9996
15802 0.9996
15803 0.9996
15804 0.9996
15805 0.9996
15806 0.9996
15807 0.9996
15808 0.9996
15809 0.9996
15810 0.9996
15811 0.9996
15812 0.9996
15813 0.9996
15814 0.9996
15815 0.9996
15816 0.9996
15817 0.9996
15818 0.9996
15819 0.9996
15820 0.9996
15821 0.9996
15822 0.9996
15823 0.9996
15824 0.9996
15825 0.9996
15826 0.9996
15827 0.9996
15828 0.9996
15829 0.9996
15830 0.9996
15831 0.9996
15832 0.9996
15833 0.9996
15834 0.9996
15835 0.9996
15836 0.9996
15837 0.9996
15838 0.9996
15839 0.9996
15840 0.9996
15841 0.9996
15842 0.9996
15843 0.9996
15844 0.9996
15845 0.9996
15846 0.9996
15847 0.9996
15848 0.9996
15849 0.9996
15850 0.9996
15851 0.9996
15852 0.9996
15853 0.9996
15854 0.9996
15855 0.9996
15856 0.9996
15857 0.9996
15858 0.9996
15859 0.9996
15860 0.9996
15861 0.9996
15862 0.9996
15863 0.9996
15864 0.9996
15865 0.9996
15866 0.9996
15867 0.9996
15868 0.9996
15869 0.9996
15870 0.9996
15871 0.9996
15872 0.9996
15873 0.9996
15874 0.9996
15875 0.9996
15876 0.9996
15877 0.9996
15878 0.9996
15879 0.9996
15880 0.9996
15881 0.9996
15882 0.9996
15883 0.9996
15884 0.9996
15885 0.9996
15886 0.9996
15887 0.9996
15888 0.9996
15889 0.9996
15890 0.9996
15891 0.9996
15892 0.9996
15893 0.9996
15894 0.9996
15895 0.9996
15896 0.9996
15897 0.9996
15898 0.9996
15899 0.9996
15900 0.9996
15901 0.9996
15902 0.9996
15903 0.9996
15904 0.9996
15905 0.9996
15906 0.9996
15907 0.9996
15908 0.9996
15909 0.9996
15910 0.9996
15911 0.9996
15912 0.9996
15913 0.9996
15914 0.9996
15915 0.9996
15916 0.9996
15917 0.9996
15918 0.9996
15919 0.9996
15920 0.9996
15921 0.9996
15922 0.9996
15923 0.9996
15924 0.9996
15925 0.9996
15926 0.9996
15927 0.9996
15928 0.9996
15929 0.9996
15930 0.9996
15931 0.9996
15932 0.9996
15933 0.9996
15934 0.9996
15935 0.9996
15936 0.9996
15937 0.9996
15938 0.9996
15939 0.9996
15940 0.9996
15941 0.9996
15942 0.9996
15943 0.9996
15944 0.9996
15945 0.9996
15946 0.9996
15947 0.9996
15948 0.9996
15949 0.9996
15950 0.9996
15951 0.9996
15952 0.9996
15953 0.9996
15954 0.9996
15955 0.9996
15956 0.9996
15957 0.9996
15958 0.9996
15959 0.9996
15960 0.9996
15961 0.9996
15962 0.9996
15963 0.9996
15964 0.9996
15965 0.9996
15966 0.9996
15967 0.9996
15968 0.9996
15969 0.9996
15970 0.9996
15971 0.9996
15972 0.9996
15973 0.9996
15974 0.9996
15975 0.9996
15976 0.9996
15977 0.9996
15978 0.9996
15979 0.9996
15980 0.9996
15981 0.9996
15982 0.9996
15983 0.9996
15984 0.9996
15985 0.9996
15986 0.9996
15987 0.9996
15988 0.9996
15989 0.9996
15990 0.9996
15991 0.9996
15992 0.9996
15993 0.9996
15994 0.9996
15995 0.9996
15996 0.9996
15997 0.9996
15998 0.9996
15999 0.9996
16000 0.9996
16001 0.9996
16002 0.9996
16003 0.9996
16004 0.9996
16005 0.9996
16006 0.9996
16007 0.9996
16008 0.9996
16009 0.9996
16010 0.9996
16011 0.9996
16012 0.9996
16013 0.9996
16014 0.9996
16015 0.9996
16016 0.9996
16017 0.9996
16018 0.9996
16019 0.9996
16020 0.9996
16021 0.9996
16022 0.9996
16023 0.9996
16024 0.9996
16025 0.9996
16026 0.9996
16027 0.9996
16028 0.9996
16029 0.9996
16030 0.9996
16031 0.9996
16032 0.9996
16033 0.9996
16034 0.9996
16035 0.9996
16036 0.9996
16037 0.9996
16038 0.9996
16039 0.9996
16040 0.9996
16041 0.9996
16042 0.9996
16043 0.9996
16044 0.9996
16045 0.9996
16046 0.9996
16047 0.9996
16048 0.9996
16049 0.9996
16050 0.9996
16051 0.9996
16052 0.9996
16053 0.9996
16054 0.9996
16055 0.9996
16056 0.9996
16057 0.9996
16058 0.9996
16059 0.9996
16060 0.9996
16061 0.9996
16062 0.9996
16063 0.9996
16064 0.9996
16065 0.9996
16066 0.9996
16067 0.9996
16068 0.9996
16069 0.9996
16070 0.9996
16071 0.9996
16072 0.9996
16073 0.9996
16074 0.9996
16075 0.9996
16076 0.9996
16077 0.9996
16078 0.9996
16079 0.9996
16080 0.9996
16081 0.9996
16082 0.9996
16083 0.9996
16084 0.9996
16085 0.9996
16086 0.9996
16087 0.9996
16088 0.9996
16089 0.9996
16090 0.9996
16091 0.9996
16092 0.9996
16093 0.9996
16094 0.9996
16095 0.9996
16096 0.9996
16097 0.9996
16098 0.9996
16099 0.9996
16100 0.9996
16101 0.9996
16102 0.9996
16103 0.9996
16104 0.9996
16105 0.9996
16106 0.9996
16107 0.9996
16108 0.9996
16109 0.9996
16110 0.9996
16111 0.9996
16112 0.9996
16113 0.9996
16114 0.9996
16115 0.9996
16116 0.9996
16117 0.9996
16118 0.9996
16119 0.9996
16120 0.9996
16121 0.9996
16122 0.9996
16123 0.9996
16124 0.9996
16125 0.9996
16126 0.9996
16127 0.9996
16128 0.9996
16129 0.9996
16130 0.9996
16131 0.9996
16132 0.9996
16133 0.9996
16134 0.9996
16135 0.9996
16136 0.9996
16137 0.9996
16138 0.9996
16139 0.9996
16140 0.9996
16141 0.9996
16142 0.9996
16143 0.9996
16144 0.9996
16145 0.9996
16146 0.9996
16147 0.9996
16148 0.9996
16149 0.9996
16150 0.9996
16151 0.9996
16152 0.9996
16153 0.9996
16154 0.9996
16155 0.9996
16156 0.9996
16157 0.9996
16158 0.9996
16159 0.9996
16160 0.9996
16161 0.9996
16162 0.9996
16163 0.9996
16164 0.9996
16165 0.9996
16166 0.9996
16167 0.9996
16168 0.9996
16169 0.9996
16170 0.9996
16171 0.9996
16172 0.9996
16173 0.9996
16174 0.9996
16175 0.9996
16176 0.9996
16177 0.9996
16178 0.9996
16179 0.9996
16180 0.9996
16181 0.9996
16182 0.9996
16183 0.9996
16184 0.9996
16185 0.9996
16186 0.9996
16187 0.9996
16188 0.9996
16189 0.9996
16190 0.9996
16191 0.9996
16192 0.9996
16193 0.9996
16194 0.9996
16195 0.9996
16196 0.9996
16197 0.9996
16198 0.9996
16199 0.9996
16200 0.9996
16201 0.9996
16202 0.9996
16203 0.9996
16204 0.9996
16205 0.9996
16206 0.9996
16207 0.9996
16208 0.9996
16209 0.9996
16210 0.9996
16211 0.9996
16212 0.9996
16213 0.9996
16214 0.9996
16215 0.9996
16216 0.9996
16217 0.9996
16218 0.9996
16219 0.9996
16220 0.9996
16221 0.9996
16222 0.9996
16223 0.9996
16224 0.9996
16225 0.9996
16226 0.9996
16227 0.9996
16228 0.9996
16229 0.9996
16230 0.9996
16231 0.9996
16232 0.9996
16233 0.9996
16234 0.9996
16235 0.9996
16236 0.9996
16237 0.9996
16238 0.9996
16239 0.9996
16240 0.9996
16241 0.9996
16242 0.9996
16243 0.9996
16244 0.9996
16245 0.9996
16246 0.9996
16247 0.9996
16248 0.9996
16249 0.9996
16250 0.9996
16251 0.9996
16252 0.9996
16253 0.9996
16254 0.9996
16255 0.9996
16256 0.9996
16257 0.9996
16258 0.9996
16259 0.9996
16260 0.9996
16261 0.9996
16262 0.9996
16263 0.9996
16264 0.9996
16265 0.9996
16266 0.9996
16267 0.9996
16268 0.9996
16269 0.9996
16270 0.9996
16271 0.9996
16272 0.9996
16273 0.9996
16274 0.9996
16275 0.9996
16276 0.9996
16277 0.9996
16278 0.9996
16279 0.9996
16280 0.9996
16281 0.9996
16282 0.9996
16283 0.9996
16284 0.9996
16285 0.9996
16286 0.9996
16287 0.9996
16288 0.9996
16289 0.9996
16290 0.9996
16291 0.9996
16292 0.9996
16293 0.9996
16294 0.9996
16295 0.9996
16296 0.9996
16297 0.9996
16298 0.9996
16299 0.9996
16300 0.9996
16301 0.9996
16302 0.9996
16303 0.9996
16304 0.9996
16305 0.9996
16306 0.9996
16307 0.9996
16308 0.9996
16309 0.9996
16310 0.9996
16311 0.9996
16312 0.9996
16313 0.9996
16314 0.9996
16315 0.9996
16316 0.9996
16317 0.9996
16318 0.9996
16319 0.9996
16320 0.9996
16321 0.9996
16322 0.9996
16323 0.9996
16324 0.9996
16325 0.9996
16326 0.9996
16327 0.9996
16328 0.9996
16329 0.9996
16330 0.9996
16331 0.9996
16332 0.9996
16333 0.9996
16334 0.9996
16335 0.9996
16336 0.9996
16337 0.9996
16338 0.9996
16339 0.9996
16340 0.9996
16341 0.9996
16342 0.9996
16343 0.9996
16344 0.9996
16345 0.9996
16346 0.9996
16347 0.9996
16348 0.9996
16349 0.9996
16350 0.9996
16351 0.9996
16352 0.9996
16353 0.9996
16354 0.9996
16355 0.9996
16356 0.9996
16357 0.9996
16358 0.9996
16359 0.9996
16360 0.9996
16361 0.9996
16362 0.9996
16363 0.9996
16364 0.9996
16365 0.9996
16366 0.9996
16367 0.9996
16368 0.9996
16369 0.9996
16370 0.9996
16371 0.9996
16372 0.9996
16373 0.9996
16374 0.9996
16375 0.9996
16376 0.9996
16377 0.9996
16378 0.9996
16379 0.9996
16380 0.9996
16381 0.9996
16382 0.9996
16383 0.9996
16384 0.9996
16385 0.9996
16386 0.9996
16387 0.9996
16388 0.9996
16389 0.9996
16390 0.9996
16391 0.9996
16392 0.9996
16393 0.9996
16394 0.9996
16395 0.9996
16396 0.9996
16397 0.9996
16398 0.9996
16399 0.9996
16400 0.9996
16401 0.9996
16402 0.9996
16403 0.9996
16404 0.9996
16405 0.9996
16406 0.9996
16407 0.9996
16408 0.9996
16409 0.9996
16410 0.9996
16411 0.9996
16412 0.9996
16413 0.9996
16414 0.9996
16415 0.9996
16416 0.9996
16417 0.9996
16418 0.9996
16419 0.9996
16420 0.9996
16421 0.9996
16422 0.9996
16423 0.9996
16424 0.9996
16425 0.9996
16426 0.9996
16427 0.9996
16428 0.9996
16429 0.9996
16430 0.9996
16431 0.9996
16432 0.9996
16433 0.9996
16434 0.9996
16435 0.9996
16436 0.9996
16437 0.9996
16438 0.9996
16439 0.9996
16440 0.9996
16441 0.9996
16442 0.9996
16443 0.9996
16444 0.9996
16445 0.9996
16446 0.9996
16447 0.9996
16448 0.9996
16449 0.9996
16450 0.9996
16451 0.9996
16452 0.9996
16453 0.9996
16454 0.9996
16455 0.9996
16456 0.9996
16457 0.9996
16458 0.9996
16459 0.9996
16460 0.9996
16461 0.9996
16462 0.9996
16463 0.9996
16464 0.9996
16465 0.9996
16466 0.9996
16467 0.9996
16468 0.9996
16469 0.9996
16470 0.9996
16471 0.9996
16472 0.9996
16473 0.9996
16474 0.9996
16475 0.9996
16476 0.9996
16477 0.9996
16478 0.9996
16479 0.9996
16480 0.9996
16481 0.9996
16482 0.9996
16483 0.9996
16484 0.9996
16485 0.9996
16486 0.9996
16487 0.9996
16488 0.9996
16489 0.9996
16490 0.9996
16491 0.9996
16492 0.9996
16493 0.9996
16494 0.9996
16495 0.9996
16496 0.9996
16497 0.9996
16498 0.9996
16499 0.9996
16500 0.9996
16501 0.9996
16502 0.9996
16503 0.9996
16504 0.9996
16505 0.9996
16506 0.9996
16507 0.9996
16508 0.9996
16509 0.9996
16510 0.9996
16511 0.9996
16512 0.9996
16513 0.9996
16514 0.9996
16515 0.9996
16516 0.9996
16517 0.9996
16518 0.9996
16519 0.9996
16520 0.9996
16521 0.9996
16522 0.9996
16523 0.9996
16524 0.9996
16525 0.9996
16526 0.9996
16527 0.9996
16528 0.9996
16529 0.9996
16530 0.9996
16531 0.9996
16532 0.9996
16533 0.9996
16534 0.9996
16535 0.9996
16536 0.9996
16537 0.9996
16538 0.9996
16539 0.9996
16540 0.9996
16541 0.9996
16542 0.9996
16543 0.9996
16544 0.9996
16545 0.9996
16546 0.9996
16547 0.9996
16548 0.9996
16549 0.9996
16550 0.9996
16551 0.9996
16552 0.9996
16553 0.9996
16554 0.9996
16555 0.9996
16556 0.9996
16557 0.9996
16558 0.9996
16559 0.9996
16560 0.9996
16561 0.9996
16562 0.9996
16563 0.9996
16564 0.9996
16565 0.9996
16566 0.9996
16567 0.9996
16568 0.9996
16569 0.9996
16570 0.9996
16571 0.9996
16572 0.9996
16573 0.9996
16574 0.9996
16575 0.9996
16576 0.9996
16577 0.9996
16578 0.9996
16579 0.9996
16580 0.9996
16581 0.9996
16582 0.9996
16583 0.9996
16584 0.9996
16585 0.9996
16586 0.9996
16587 0.9996
16588 0.9996
16589 0.9996
16590 0.9996
16591 0.9996
16592 0.9996
16593 0.9996
16594 0.9996
16595 0.9996
16596 0.9996
16597 0.9996
16598 0.9996
16599 0.9996
16600 0.9996
16601 0.9996
16602 0.9996
16603 0.9996
16604 0.9996
16605 0.9996
16606 0.9996
16607 0.9996
16608 0.9996
16609 0.9996
16610 0.9996
16611 0.9996
16612 0.9996
16613 0.9996
16614 0.9996
16615 0.9996
16616 0.9996
16617 0.9996
16618 0.9996
16619 0.9996
16620 0.9996
16621 0.9996
16622 0.9996
16623 0.9996
16624 0.9996
16625 0.9996
16626 0.9996
16627 0.9996
16628 0.9996
16629 0.9996
16630 0.9996
16631 0.9996
16632 0.9996
16633 0.9996
16634 0.9996
16635 0.9996
16636 0.9996
16637 0.9996
16638 0.9996
16639 0.9996
16640 0.9996
16641 0.9996
16642 0.9996
16643 0.9996
16644 0.9996
16645 0.9996
16646 0.9996
16647 0.9996
16648 0.9996
16649 0.9996
16650 0.9996
16651 0.9996
16652 0.9996
16653 0.9996
16654 0.9996
16655 0.9996
16656 0.9996
16657 0.9996
16658 0.9996
16659 0.9996
16660 0.9996
16661 0.9996
16662 0.9996
16663 0.9996
16664 0.9996
16665 0.9996
16666 0.9996
16667 0.9996
16668 0.9996
16669 0.9996
16670 0.9996
16671 0.9996
16672 0.9996
16673 0.9996
16674 0.9996
16675 0.9996
16676 0.9996
16677 0.9996
16678 0.9996
16679 0.9996
16680 0.9996
16681 0.9996
16682 0.9996
16683 0.9996
16684 0.9996
16685 0.9996
16686 0.9996
16687 0.9996
16688 0.9996
16689 0.9996
16690 0.9996
16691 0.9996
16692 0.9996
16693 0.9996
16694 0.9996
16695 0.9996
16696 0.9996
16697 0.9996
16698 0.9996
16699 0.9996
16700 0.9996
16701 0.9996
16702 0.9996
16703 0.9996
16704 0.9996
16705 0.9996
16706 0.9996
16707 0.9996
16708 0.9996
16709 0.9996
16710 0.9996
16711 0.9996
16712 0.9996
16713 0.9996
16714 0.9996
16715 0.9996
16716 0.9996
16717 0.9996
16718 0.9996
16719 0.9996
16720 0.9996
16721 0.9996
16722 0.9996
16723 0.9996
16724 0.9996
16725 0.9996
16726 0.9996
16727 0.9996
16728 0.9996
16729 0.9996
16730 0.9996
16731 0.9996
16732 0.9996
16733 0.9996
16734 0.9996
16735 0.9996
16736 0.9996
16737 0.9996
16738 0.9996
16739 0.9996
16740 0.9996
16741 0.9996
16742 0.9996
16743 0.9996
16744 0.9996
16745 0.9996
16746 0.9996
16747 0.9996
16748 0.9996
16749 0.9996
16750 0.9996
16751 0.9996
16752 0.9996
16753 0.9996
16754 0.9996
16755 0.9996
16756 0.9996
16757 0.9996
16758 0.9996
16759 0.9996
16760 0.9996
16761 0.9996
16762 0.9996
16763 0.9996
16764 0.9996
16765 0.9996
16766 0.9996
16767 0.9996
16768 0.9996
16769 0.9996
16770 0.9996
16771 0.9996
16772 0.9996
16773 0.9996
16774 0.9996
16775 0.9996
16776 0.9996
16777 0.9996
16778 0.9996
16779 0.9996
16780 0.9996
16781 0.9996
16782 0.9996
16783 0.9996
16784 0.9996
16785 0.9996
16786 0.9996
16787 0.9996
16788 0.9996
16789 0.9996
16790 0.9996
16791 0.9996
16792 0.9996
16793 0.9996
16794 0.9996
16795 0.9996
16796 0.9996
16797 0.9996
16798 0.9996
16799 0.9996
16800 0.9996
16801 0.9996
16802 0.9996
16803 0.9996
16804 0.9996
16805 0.9996
16806 0.9996
16807 0.9996
16808 0.9996
16809 0.9996
16810 0.9996
16811 0.9996
16812 0.9996
16813 0.9996
16814 0.9996
16815 0.9996
16816 0.9996
16817 0.9996
16818 0.9996
16819 0.9996
16820 0.9996
16821 0.9996
16822 0.9996
16823 0.9996
16824 0.9996
16825 0.9996
16826 0.9996
16827 0.9996
16828 0.9996
16829 0.9996
16830 0.9996
16831 0.9996
16832 0.9996
16833 0.9996
16834 0.9996
16835 0.9996
16836 0.9996
16837 0.9996
16838 0.9996
16839 0.9996
16840 0.9996
16841 0.9996
16842 0.9996
16843 0.9996
16844 0.9996
16845 0.9996
16846 0.9996
16847 0.9996
16848 0.9996
16849 0.9996
16850 0.9996
16851 0.9996
16852 0.9996
16853 0.9996
16854 0.9996
16855 0.9996
16856 0.9996
16857 0.9996
16858 0.9996
16859 0.9996
16860 0.9996
16861 0.9996
16862 0.9996
16863 0.9996
16864 0.9996
16865 0.9996
16866 0.9996
16867 0.9996
16868 0.9996
16869 0.9996
16870 0.9996
16871 0.9996
16872 0.9996
16873 0.9996
16874 0.9996
16875 0.9996
16876 0.9996
16877 0.9996
16878 0.9996
16879 0.9996
16880 0.9996
16881 0.9996
16882 0.9996
16883 0.9996
16884 0.9996
16885 0.9996
16886 0.9996
16887 0.9996
16888 0.9996
16889 0.9996
16890 0.9996
16891 0.9996
16892 0.9996
16893 0.9996
16894 0.9996
16895 0.9996
16896 0.9996
16897 0.9996
16898 0.9996
16899 0.9996
16900 0.9996
16901 0.9996
16902 0.9996
16903 0.9996
16904 0.9996
16905 0.9996
16906 0.9996
16907 0.9996
16908 0.9996
16909 0.9996
16910 0.9996
16911 0.9996
16912 0.9996
16913 0.9996
16914 0.9996
16915 0.9996
16916 0.9996
16917 0.9996
16918 0.9996
16919 0.9996
16920 0.9996
16921 0.9996
16922 0.9996
16923 0.9996
16924 0.9996
16925 0.9996
16926 0.9996
16927 0.9996
16928 0.9996
16929 0.9996
16930 0.9996
16931 0.9996
16932 0.9996
16933 0.9996
16934 0.9996
16935 0.9996
16936 0.9996
16937 0.9996
16938 0.9996
16939 0.9996
16940 0.9996
16941 0.9996
16942 0.9996
16943 0.9996
16944 0.9996
16945 0.9996
16946 0.9996
16947 0.9996
16948 0.9996
16949 0.9996
16950 0.9996
16951 0.9996
16952 0.9996
16953 0.9996
16954 0.9996
16955 0.9996
16956 0.9996
16957 0.9996
16958 0.9996
16959 0.9996
16960 0.9996
16961 0.9996
16962 0.9996
16963 0.9996
16964 0.9996
16965 0.9996
16966 0.9996
16967 0.9996
16968 0.9996
16969 0.9996
16970 0.9996
16971 0.9996
16972 0.9996
16973 0.9996
16974 0.9996
16975 0.9996
16976 0.9996
16977 0.9996
16978 0.9996
16979 0.9996
16980 0.9996
16981 0.9996
16982 0.9996
16983 0.9996
16984 0.9996
16985 0.9996
16986 0.9996
16987 0.9996
16988 0.9996
16989 0.9996
16990 0.9996
16991 0.9996
16992 0.9996
16993 0.9996
16994 0.9996
16995 0.9996
16996 0.9996
16997 0.9996
16998 0.9996
16999 0.9996
17000 0.9996
17001 0.9996
17002 0.9996
17003 0.9996
17004 0.9996
17005 0.9996
17006 0.9996
17007 0.9996
17008 0.9996
17009 0.9996
17010 0.9996
17011 0.9996
17012 0.9996
17013 0.9996
17014 0.9996
17015 0.9996
17016 0.9996
17017 0.9996
17018 0.9996
17019 0.9996
17020 0.9996
17021 0.9996
17022 0.9996
17023 0.9996
17024 0.9996
17025 0.9996
17026 0.9996
17027 0.9996
17028 0.9996
17029 0.9996
17030 0.9996
17031 0.9996
17032 0.9996
17033 0.9996
17034 0.9996
17035 0.9996
17036 0.9996
17037 0.9996
17038 0.9996
17039 0.9996
17040 0.9996
17041 0.9996
17042 0.9996
17043 0.9996
17044 0.9996
17045 0.9996
17046 0.9996
17047 0.9996
17048 0.9996
17049 0.9996
17050 0.9996
17051 0.9996
17052 0.9996
17053 0.9996
17054 0.9996
17055 0.9996
17056 0.9996
17057 0.9996
17058 0.9996
17059 0.9996
17060 0.9996
17061 0.9996
17062 0.9996
17063 0.9996
17064 0.9996
17065 0.9996
17066 0.9996
17067 0.9996
17068 0.9996
17069 0.9996
17070 0.9996
17071 0.9996
17072 0.9996
17073 0.9996
17074 0.9996
17075 0.9996
17076 0.9996
17077 0.9996
17078 0.9996
17079 0.9996
17080 0.9996
17081 0.9996
17082 0.9996
17083 0.9996
17084 0.9996
17085 0.9996
17086 0.9996
17087 0.9996
17088 0.9996
17089 0.9996
17090 0.9996
17091 0.9996
17092 0.9996
17093 0.9996
17094 0.9996
17095 0.9996
17096 0.9996
17097 0.9996
17098 0.9996
17099 0.9996
17100 0.9996
17101 0.9996
17102 0.9996
17103 0.9996
17104 0.9996
17105 0.9996
17106 0.9996
17107 0.9996
17108 0.9996
17109 0.9996
17110 0.9996
17111 0.9996
17112 0.9996
17113 0.9996
17114 0.9996
17115 0.9996
17116 0.9996
17117 0.9996
17118 0.9996
17119 0.9996
17120 0.9996
17121 0.9996
17122 0.9996
17123 0.9996
17124 0.9996
17125 0.9996
17126 0.9996
17127 0.9996
17128 0.9996
17129 0.9996
17130 0.9996
17131 0.9996
17132 0.9996
17133 0.9996
17134 0.9996
17135 0.9996
17136 0.9996
17137 0.9996
17138 0.9996
17139 0.9996
17140 0.9996
17141 0.9996
17142 0.9996
17143 0.9996
17144 0.9996
17145 0.9996
17146 0.9996
17147 0.9996
17148 0.9996
17149 0.9996
17150 0.9996
17151 0.9996
17152 0.9996
17153 0.9996
17154 0.9996
17155 0.9996
17156 0.9996
17157 0.9996
17158 0.9996
17159 0.9996
17160 0.9996
17161 0.9996
17162 0.9996
17163 0.9996
17164 0.9996
17165 0.9996
17166 0.9996
17167 0.9996
17168 0.9996
17169 0.9996
17170 0.9996
17171 0.9996
17172 0.9996
17173 0.9996
17174 0.9996
17175 0.9996
17176 0.9996
17177 0.9996
17178 0.9996
17179 0.9996
17180 0.9996
17181 0.9996
17182 0.9996
17183 0.9996
17184 0.9996
17185 0.9996
17186 0.9996
17187 0.9996
17188 0.9996
17189 0.9996
17190 0.9996
17191 0.9996
17192 0.9996
17193 0.9996
17194 0.9996
17195 0.9996
17196 0.9996
17197 0.9996
17198 0.9996
17199 0.9996
17200 0.9996
17201 0.9996
17202 0.9996
17203 0.9996
17204 0.9996
17205 0.9996
17206 0.9996
17207 0.9996
17208 0.9996
17209 0.9996
17210 0.9996
17211 0.9996
17212 0.9996
17213 0.9996
17214 0.9996
17215 0.9996
17216 0.9996
17217 0.9996
17218 0.9996
17219 0.9996
17220 0.9996
17221 0.9996
17222 0.9996
17223 0.9996
17224 0.9996
17225 0.9996
17226 0.9996
17227 0.9996
17228 0.9996
17229 0.9996
17230 0.9996
17231 0.9996
17232 0.9996
17233 0.9996
17234 0.9996
17235 0.9996
17236 0.9996
17237 0.9996
17238 0.9996
17239 0.9996
17240 0.9996
17241 0.9996
17242 0.9996
17243 0.9996
17244 0.9996
17245 0.9996
17246 0.9996
17247 0.9996
17248 0.9996
17249 0.9996
17250 0.9996
17251 0.9996
17252 0.9996
17253 0.9996
17254 0.9996
17255 0.9996
17256 0.9996
17257 0.9996
17258 0.9996
17259 0.9996
17260 0.9996
17261 0.9996
17262 0.9996
17263 0.9996
17264 0.9996
17265 0.9996
17266 0.9996
17267 0.9996
17268 0.9996
17269 0.9996
17270 0.9996
17271 0.9996
17272 0.9996
17273 0.9996
17274 0.9996
17275 0.9996
17276 0.9996
17277 0.9996
17278 0.9996
17279 0.9996
17280 0.9996
17281 0.9996
17282 0.9996
17283 0.9996
17284 0.9996
17285 0.9996
17286 0.9996
17287 0.9996
17288 0.9996
17289 0.9996
17290 0.9996
17291 0.9996
17292 0.9996
17293 0.9996
17294 0.9996
17295 0.9996
17296 0.9996
17297 0.9996
17298 0.9996
17299 0.9996
17300 0.9996
17301 0.9996
17302 0.9996
17303 0.9996
17304 0.9996
17305 0.9996
17306 0.9996
17307 0.9996
17308 0.9996
17309 0.9996
17310 0.9996
17311 0.9996
17312 0.9996
17313 0.9996
17314 0.9996
17315 0.9996
17316 0.9996
17317 0.9996
17318 0.9996
17319 0.9996
17320 0.9996
17321 0.9996
17322 0.9996
17323 0.9996
17324 0.9996
17325 0.9996
17326 0.9996
17327 0.9996
17328 0.9996
17329 0.9996
17330 0.9996
17331 0.9996
17332 0.9996
17333 0.9996
17334 0.9996
17335 0.9996
17336 0.9996
17337 0.9996
17338 0.9996
17339 0.9996
17340 0.9996
17341 0.9996
17342 0.9996
17343 0.9996
17344 0.9996
17345 0.9996
17346 0.9996
17347 0.9996
17348 0.9996
17349 0.9996
17350 0.9996
17351 0.9996
17352 0.9996
17353 0.9996
17354 0.9996
17355 0.9996
17356 0.9996
17357 0.9996
17358 0.9996
17359 0.9996
17360 0.9996
17361 0.9996
17362 0.9996
17363 0.9996
17364 0.9996
17365 0.9996
17366 0.9996
17367 0.9996
17368 0.9996
17369 0.9996
17370 0.9996
17371 0.9996
17372 0.9996
17373 0.9996
17374 0.9996
17375 0.9996
17376 0.9996
17377 0.9996
17378 0.9996
17379 0.9996
17380 0.9996
17381 0.9996
17382 0.9996
17383 0.9996
17384 0.9996
17385 0.9996
17386 0.9996
17387 0.9996
17388 0.9996
17389 0.9996
17390 0.9996
17391 0.9996
17392 0.9996
17393 0.9996
17394 0.9996
17395 0.9996
17396 0.9996
17397 0.9996
17398 0.9996
17399 0.9996
17400 0.9996
17401 0.9996
17402 0.9996
17403 0.9996
17404 0.9996
17405 0.9996
17406 0.9996
17407 0.9996
17408 0.9996
17409 0.9996
17410 0.9996
17411 0.9996
17412 0.9996
17413 0.9996
17414 0.9996
17415 0.9996
17416 0.9996
17417 0.9996
17418 0.9996
17419 0.9996
17420 0.9996
17421 0.9996
17422 0.9996
17423 0.9996
17424 0.9996
17425 0.9996
17426 0.9996
17427 0.9996
17428 0.9996
17429 0.9996
17430 0.9996
17431 0.9996
17432 0.9996
17433 0.9996
17434 0.9996
17435 0.9996
17436 0.9996
17437 0.9996
17438 0.9996
17439 0.9996
17440 0.9996
17441 0.9996
17442 0.9996
17443 0.9996
17444 0.9996
17445 0.9996
17446 0.9996
17447 0.9996
17448 0.9996
17449 0.9996
17450 0.9996
17451 0.9996
17452 0.9996
17453 0.9996
17454 0.9996
17455 0.9996
17456 0.9996
17457 0.9996
17458 0.9996
17459 0.9996
17460 0.9996
17461 0.9996
17462 0.9996
17463 0.9996
17464 0.9996
17465 0.9996
17466 0.9996
17467 0.9996
17468 0.9996
17469 0.9996
17470 0.9996
17471 0.9996
17472 0.9996
17473 0.9996
17474 0.9996
17475 0.9996
17476 0.9996
17477 0.9996
17478 0.9996
17479 0.9996
17480 0.9996
17481 0.9996
17482 0.9996
17483 0.9996
17484 0.9996
17485 0.9996
17486 0.9996
17487 0.9996
17488 0.9996
17489 0.9996
17490 0.9996
17491 0.9996
17492 0.9996
17493 0.9996
17494 0.9996
17495 0.9996
17496 0.9996
17497 0.9996
17498 0.9996
17499 0.9996
17500 0.9996
17501 0.9996
17502 0.9996
17503 0.9996
17504 0.9996
17505 0.9996
17506 0.9996
17507 0.9996
17508 0.9996
17509 0.9996
17510 0.9996
17511 0.9996
17512 0.9996
17513 0.9996
17514 0.9996
17515 0.9996
17516 0.9996
17517 0.9996
17518 0.9996
17519 0.9996
17520 0.9996
17521 0.9996
17522 0.9996
17523 0.9996
17524 0.9996
17525 0.9996
17526 0.9996
17527 0.9996
17528 0.9996
17529 0.9996
17530 0.9996
17531 0.9996
17532 0.9996
17533 0.9996
17534 0.9996
17535 0.9996
17536 0.9996
17537 0.9996
17538 0.9996
17539 0.9996
17540 0.9996
17541 0.9996
17542 0.9996
17543 0.9996
17544 0.9996
17545 0.9996
17546 0.9996
17547 0.9996
17548 0.9996
17549 0.9996
17550 0.9996
17551 0.9996
17552 0.9996
17553 0.9996
17554 0.9996
17555 0.9996
17556 0.9996
17557 0.9996
17558 0.9996
17559 0.9996
17560 0.9996
17561 0.9996
17562 0.9996
17563 0.9996
17564 0.9996
17565 0.9996
17566 0.9996
17567 0.9996
17568 0.9996
17569 0.9996
17570 0.9996
17571 0.9996
17572 0.9996
17573 0.9996
17574 0.9996
17575 0.9996
17576 0.9996
17577 0.9996
17578 0.9996
17579 0.9996
17580 0.9996
17581 0.9996
17582 0.9996
17583 0.9996
17584 0.9996
17585 0.9996
17586 0.9996
17587 0.9996
17588 0.9996
17589 0.9996
17590 0.9996
17591 0.9996
17592 0.9996
17593 0.9996
17594 0.9996
17595 0.9996
17596 0.9996
17597 0.9996
17598 0.9996
17599 0.9996
17600 0.9996
17601 0.9996
17602 0.9996
17603 0.9996
17604 0.9996
17605 0.9996
17606 0.9996
17607 0.9996
17608 0.9996
17609 0.9996
17610 0.9996
17611 0.9996
17612 0.9996
17613 0.9996
17614 0.9996
17615 0.9996
17616 0.9996
17617 0.9996
17618 0.9996
17619 0.9996
17620 0.9996
17621 0.9996
17622 0.9996
17623 0.9996
17624 0.9996
17625 0.9996
17626 0.9996
17627 0.9996
17628 0.9996
17629 0.9996
17630 0.9996
17631 0.9996
17632 0.9996
17633 0.9996
17634 0.9996
17635 0.9996
17636 0.9996
17637 0.9996
17638 0.9996
17639 0.9996
17640 0.9996
17641 0.9996
17642 0.9996
17643 0.9996
17644 0.9996
17645 0.9996
17646 0.9996
17647 0.9996
17648 0.9996
17649 0.9996
17650 0.9996
17651 0.9996
17652 0.9996
17653 0.9996
17654 0.9996
17655 0.9996
17656 0.9996
17657 0.9996
17658 0.9996
17659 0.9996
17660 0.9996
17661 0.9996
17662 0.9996
17663 0.9996
17664 0.9996
17665 0.9996
17666 0.9996
17667 0.9996
17668 0.9996
17669 0.9996
17670 0.9996
17671 0.9996
17672 0.9996
17673 0.9996
17674 0.9996
17675 0.9996
17676 0.9996
17677 0.9996
17678 0.9996
17679 0.9996
17680 0.9996
17681 0.9996
17682 0.9996
17683 0.9996
17684 0.9996
17685 0.9996
17686 0.9996
17687 0.9996
17688 0.9996
17689 0.9996
17690 0.9996
17691 0.9996
17692 0.9996
17693 0.9996
17694 0.9996
17695 0.9996
17696 0.9996
17697 0.9996
17698 0.9996
17699 0.9996
17700 0.9996
17701 0.9996
17702 0.9996
17703 0.9996
17704 0.9996
17705 0.9996
17706 0.9996
17707 0.9996
17708 0.9996
17709 0.9996
17710 0.9996
17711 0.9996
17712 0.9996
17713 0.9996
17714 0.9996
17715 0.9996
17716 0.9996
17717 0.9996
17718 0.9996
17719 0.9996
17720 0.9996
17721 0.9996
17722 0.9996
17723 0.9996
17724 0.9996
17725 0.9996
17726 0.9996
17727 0.9996
17728 0.9996
17729 0.9996
17730 0.9996
17731 0.9996
17732 0.9996
17733 0.9996
17734 0.9996
17735 0.9996
17736 0.9996
17737 0.9996
17738 0.9996
17739 0.9996
17740 0.9996
17741 0.9996
17742 0.9996
17743 0.9996
17744 0.9996
17745 0.9996
17746 0.9996
17747 0.9996
17748 0.9996
17749 0.9996
17750 0.9996
17751 0.9996
17752 0.9996
17753 0.9996
17754 0.9996
17755 0.9996
17756 0.9996
17757 0.9996
17758 0.9996
17759 0.9996
17760 0.9996
17761 0.9996
17762 0.9996
17763 0.9996
17764 0.9996
17765 0.9996
17766 0.9996
17767 0.9996
17768 0.9996
17769 0.9996
17770 1.0000
